age,income,loan_amount,credit_score,dpd,missed_payment_count,previous_ptp_count,collection_attempts,recent_payment_amount,days_since_last_payment,outstanding_amount,emi_amount,previous_ptp_kept_count,successful_contacts,ptp_kept_rate,contact_success_rate,outstanding_to_income,emi_to_income,payment_to_outstanding,dpd_bucket,behavior_stress_score,will_pay,ptp_kept,recovery_success
25,50054.0,541113.0,678.8954755738928,180,0,3,0,28735.0,85,90992.41607722058,9733.769790078743,2,0,0.6666666666666666,0.0,0.1514904171448512,0.19446537319852045,0.31579554911053337,6,0.6888888888888889,1,0,0
58,23488.0,366316.0,594.9322574988087,90,4,3,6,16840.0,125,118375.88980054045,10410.29301531741,0,2,0.0,0.3333333333333333,0.41998712037544156,0.44321751597911313,0.1422586983580428,3,0.725,1,0,0
53,119624.0,804490.0,668.1128074733449,60,1,0,11,16933.0,80,278330.7298261348,42375.76722500041,0,3,0.0,0.2727272727272727,0.1938927596929649,0.3542413497709524,0.060837694819316425,2,0.5505050505050505,1,0,1
42,128648.0,1011245.0,614.4094099982971,60,3,5,5,6167.0,152,240780.27105935852,33824.12008065207,4,3,0.8,0.6,0.15596839895124587,0.26291990610543553,0.0256125635745284,2,0.4866666666666667,1,1,0
42,143163.0,429063.0,660.5817490670686,30,6,3,7,20260.0,86,75288.04001461354,11787.12469000238,1,2,0.3333333333333333,0.2857142857142857,0.043824195738781165,0.0823335965996967,0.2690998463509941,1,0.6208730158730159,1,0,1
63,171980.0,1161949.0,500.8058403588252,180,1,0,8,27522.0,178,481872.60209075245,45542.461447009475,0,6,0.0,0.75,0.2334925582871809,0.26481254475525917,0.0571146811015761,6,0.7583333333333333,1,1,1
25,98572.0,976370.0,601.0397754089532,5,6,0,7,21783.0,179,306293.1223295997,40597.21269249116,0,1,0.0,0.14285714285714285,0.258941959793856,0.41185339338241245,0.07111814928890071,0,0.645436507936508,1,0,0
55,152322.0,291622.0,782.4748483160033,15,3,4,8,15287.0,76,72803.49417135361,5456.918198306367,2,7,0.5,0.875,0.03982982003658566,0.03582488542893585,0.20997618553883998,0,0.3855555555555556,1,0,0
30,134039.0,1411040.0,738.127842437528,5,6,4,10,19097.0,137,378134.8145552115,35805.83748551859,3,2,0.75,0.2,0.2350900450336665,0.26712999563946754,0.05050315195775671,0,0.5272222222222223,0,0,0
25,62906.0,113594.0,772.3327535140662,120,5,2,0,7015.0,81,87433.28495635223,3107.819647562859,0,0,0.0,0.0,0.11582531204807203,0.04940418477669632,0.08023260253234193,4,0.8300000000000001,0,0,1
46,154909.0,997905.0,777.1404888769647,45,5,2,10,1816.0,157,220713.78750267558,24780.39737103944,0,2,0.0,0.2,0.1187330343958257,0.15996744779863944,0.008227850287685294,1,0.6841666666666666,0,0,0
68,26638.0,687401.0,727.1091196915135,90,1,0,10,19188.0,137,476809.80552353547,20838.633234677578,0,10,0.0,1.0,1.4916341489711924,0.7822897077362256,0.040242460993291956,3,0.5583333333333333,1,0,1
57,115020.0,998023.0,648.2991920234606,180,5,0,10,5453.0,60,190089.26422465921,28332.216241473237,0,4,0.0,0.4,0.13772189200766477,0.24632425875041938,0.028686522735735923,6,0.8599999999999999,1,0,0
58,170336.0,1172334.0,607.3924337614064,5,2,3,4,2709.0,57,211575.8164389501,51883.82864343954,0,3,0.0,0.75,0.10350905291059538,0.3045969650774912,0.012803920814748116,0,0.3780555555555556,0,1,0
56,124752.0,1046440.0,760.2721223814788,180,6,2,6,23245.0,158,504051.6001367584,40766.56092695612,0,2,0.0,0.3333333333333333,0.336702417687865,0.3267808205636472,0.04611631030174928,6,0.9666666666666667,0,0,0
59,169804.0,993630.0,684.5197582071173,5,6,1,4,13020.0,97,433609.95822383766,31962.863616365015,0,4,0.0,1.0,0.21279924610327086,0.1882338673786543,0.030026985665487945,0,0.5597222222222222,1,0,1
46,27097.0,1269284.0,850.0,90,4,2,10,25599.0,125,709924.9970608748,29193.736217194615,0,1,0.0,0.1,2.1832828882067967,1.0773789060484413,0.03605873874843279,3,0.7483333333333333,1,0,0
27,104251.0,1067728.0,654.4431416792472,90,6,4,4,25978.0,121,722832.9648380846,33981.06010864429,2,2,0.5,0.5,0.5777985861351327,0.325954284454291,0.03593914675130941,3,0.7,0,0,0
62,144459.0,1229926.0,818.1027098346336,120,3,2,3,3687.0,29,470272.09112244385,27328.169881029895,0,0,0.0,0.0,0.2712834847733289,0.18917595913740157,0.007840142057335107,4,0.6477777777777778,0,0,0
43,122055.0,634117.0,669.0245746512971,5,0,2,8,23035.0,42,187575.30363083852,33662.630021162244,1,5,0.5,0.625,0.12806747206234792,0.2757988613425279,0.12280401286373238,0,0.21555555555555556,0,1,1
45,160646.0,344093.0,773.523401808109,180,6,1,0,10045.0,162,263777.4299249134,7553.166595402918,0,0,0.0,0.0,0.1368316204184529,0.047017458233649875,0.038081347607562176,6,1.0,1,0,0
39,92941.0,390671.0,798.7684216062719,120,3,4,4,21103.0,50,107036.11964409536,19278.47883048798,4,3,1.0,0.75,0.09597138654638908,0.20742706480980386,0.1971577451627484,4,0.46944444444444444,0,1,0
29,128581.0,937555.0,608.3935050273501,0,0,0,2,1322.0,156,702078.2671681667,37148.95775791674,0,1,0.0,0.5,0.4550168552431066,0.2889148300131181,0.0018829809464581324,0,0.39999999999999997,0,0,0
66,86001.0,821079.0,646.0501345196392,60,0,6,4,14118.0,64,484732.32714960433,38946.004989201094,0,4,0.0,1.0,0.4696964058069134,0.4528552573714386,0.029125352713772524,2,0.40888888888888886,0,0,0
59,159283.0,161870.0,607.6914542011028,120,5,3,5,18857.0,152,59410.739395865654,8181.3071460921155,1,4,0.3333333333333333,0.8,0.03108238135680186,0.05136334163779007,0.31740052710591654,4,0.7200000000000001,0,1,0
52,37350.0,346330.0,593.9038858219244,45,6,1,0,13406.0,103,133577.5062298682,16332.714281436944,0,0,0.0,0.0,0.298031026840402,0.43728820030621,0.10036120884702063,1,0.7374999999999999,1,0,0
40,59167.0,1452949.0,726.6946795367465,30,4,5,10,16551.0,17,621821.6288472319,56042.852201530775,4,10,0.8,1.0,0.8758001769669352,0.9471977994748894,0.026616957712910665,1,0.2594444444444444,1,1,1
61,33673.0,1103031.0,666.2360140825685,15,3,6,4,339.0,48,654439.097423907,28325.565278338578,0,4,0.0,1.0,1.619594079885732,0.8411951794713444,0.0005180008366468604,0,0.38583333333333336,1,0,1
47,131740.0,1144718.0,683.6656426233095,45,2,0,4,220.0,171,1012755.0069342519,47391.593695986696,0,4,0.0,1.0,0.6406273764828778,0.35973579547583645,0.0002172292395433029,1,0.5041666666666667,1,1,0
42,55702.0,335601.0,718.9367394481296,180,2,1,1,18001.0,37,130449.70759151859,5099.035021116167,1,0,1.0,0.0,0.19516011931276941,0.09154132744095664,0.13799187696431728,6,0.5988888888888888,0,0,1
43,69376.0,143121.0,549.982921639956,60,2,1,11,12479.0,40,122568.95804369326,4307.749157773677,0,11,0.0,1.0,0.14722785742871364,0.06209278652233737,0.1018120754159589,2,0.42222222222222217,1,1,1
32,153535.0,472331.0,770.0736202769938,90,1,0,10,17310.0,26,143522.56342009045,23294.678867366896,0,7,0.0,0.7,0.07789893912359312,0.15172227093084245,0.12060821370179713,3,0.4461111111111111,0,0,0
25,76349.0,1292473.0,655.5634085662058,120,0,5,5,10787.0,109,303367.4375910979,49400.18913954244,0,0,0.0,0.0,0.3311191999798053,0.6470312530556057,0.03555754066967317,4,0.6833333333333333,1,0,0
48,41624.0,784489.0,717.26809143665,120,3,1,4,158.0,145,430751.40653461893,19945.59191949348,1,0,1.0,0.0,0.8623858962269743,0.47918489139663367,0.00036680089165838105,4,0.6333333333333333,0,1,1
64,21397.0,1187705.0,723.4498987459983,30,1,2,5,21006.0,168,1047984.1594088449,60201.48034060963,1,2,0.5,0.4,4.081507374121157,2.8135477095204764,0.020044196099155955,1,0.4266666666666667,0,0,0
24,54725.0,755729.0,775.9557592534688,90,1,5,11,4111.0,159,388178.57310345734,11797.505856603739,3,6,0.6,0.5454545454545454,0.5911048775749312,0.2155779964660345,0.01059048665961358,3,0.5137878787878788,0,0,0
63,166179.0,760769.0,672.6599828551876,15,1,4,2,23548.0,159,570528.2853180699,38279.61614482644,4,0,1.0,0.0,0.28610127498965465,0.23035170596059934,0.04127402725856436,0,0.36250000000000004,1,1,0
61,106875.0,921231.0,531.3453778669948,60,5,4,8,373.0,162,464677.89749259484,41803.77650793515,1,5,0.25,0.625,0.36232194736264706,0.39114644685787275,0.0008027065673076137,2,0.6333333333333333,0,0,1
34,179162.0,1440446.0,683.9989329417492,15,4,0,10,27866.0,102,1134353.1836913072,30040.573151860754,0,7,0.0,0.7,0.5276198746066443,0.1676726825546754,0.02456554131520224,0,0.5425000000000001,0,0,0
51,52851.0,684294.0,694.0494800713121,180,3,6,9,7595.0,147,519759.3190749032,11986.21198754122,6,6,1.0,0.6666666666666666,0.819535611238676,0.22679252970693498,0.014612532611282482,6,0.6833333333333332,0,1,1
29,74939.0,913853.0,607.6017398601919,90,4,0,10,26779.0,114,607387.2559075309,48479.36729758155,0,10,0.0,1.0,0.6754240736994209,0.6469177237163767,0.044088840751174495,3,0.6583333333333333,0,0,0
58,44439.0,1383236.0,690.3243458103057,60,3,4,11,115.0,24,845928.9683182134,24457.448478122427,4,4,1.0,0.36363636363636365,1.5863111387111422,0.5503600098589624,0.0001359452203518114,2,0.3336363636363637,0,0,1
55,82537.0,589845.0,654.7287095691596,45,3,4,0,13504.0,4,317694.7169104349,31822.411887371087,2,0,0.5,0.0,0.32075989850050574,0.3855532898866095,0.042506215184582606,1,0.3713888888888889,1,1,0
38,109257.0,1267904.0,586.0072235502242,45,5,2,2,12521.0,17,1099994.4321008876,40351.249625233715,2,0,1.0,0.0,0.8389961528787535,0.3693241588661021,0.011382784889270801,1,0.39194444444444443,1,1,0
24,148916.0,825826.0,727.0039426506498,120,5,5,1,4929.0,62,469097.97373675066,24064.712455778947,0,1,0.0,1.0,0.26250703625799704,0.16159924021447625,0.010507399895029319,4,0.6877777777777778,0,0,0
68,77631.0,1324714.0,640.5392394371543,15,1,6,6,14291.0,89,533665.7327379896,54315.60626455471,4,3,0.6666666666666666,0.5,0.572865793237656,0.6996638747994322,0.026778935058617222,0,0.3602777777777778,1,1,1
42,142988.0,728329.0,651.5534549684052,120,5,0,4,6455.0,114,591157.5661885609,25376.34416799762,0,3,0.0,0.75,0.34452632749400935,0.1774718449659945,0.010919254644101189,4,0.7750000000000001,0,0,1
64,119437.0,962799.0,647.6194806899041,15,1,6,0,13112.0,93,621030.5350552672,29463.490183557333,0,0,0.0,0.0,0.4333041234118316,0.24668645548328685,0.02111329356588421,0,0.5125,1,0,0
54,65273.0,518760.0,766.4835018224903,5,0,1,6,11238.0,65,294982.3711770033,21065.012118238876,0,3,0.0,0.5,0.3766008037741528,0.32272167846182764,0.03809719189373751,0,0.3541666666666667,0,0,0
59,165777.0,970761.0,677.1358686758625,90,2,5,1,5981.0,131,642282.592448453,28154.652581442515,4,0,0.8,0.0,0.322864748250387,0.16983449200698839,0.009312100421715869,3,0.5716666666666667,1,1,1
58,88347.0,523058.0,685.5369874382075,90,2,5,4,23659.0,155,215318.9633110774,8564.629086829333,0,0,0.0,0.0,0.2030996744947738,0.0969430663953426,0.1098788496664791,3,0.6916666666666667,0,0,0
30,42460.0,933338.0,649.1554691929522,30,5,3,4,15706.0,40,434599.2654778532,44786.76102293705,1,2,0.3333333333333333,0.5,0.8529582067001358,1.0547988936160397,0.03613903944989609,1,0.46388888888888885,0,0,1
38,173957.0,1193714.0,712.4006775578433,60,4,6,10,25152.0,47,354170.25246709655,42478.99788901068,2,9,0.3333333333333333,0.9,0.16966369680778226,0.24419251820283563,0.07101669274817679,2,0.46444444444444444,1,0,0
43,165976.0,680582.0,774.452263391547,90,0,5,8,24422.0,167,538521.1300580192,28902.534449936444,1,1,0.2,0.125,0.27038102399243424,0.17413682972198657,0.04535012395403839,3,0.5825,1,0,1
45,26025.0,672389.0,725.3502572240554,120,3,3,7,7874.0,174,436510.94163387717,25555.458739094196,2,3,0.6666666666666666,0.42857142857142855,1.3977295601469009,0.9819580687452141,0.018038493996341342,4,0.6404761904761905,1,0,0
23,164203.0,517053.0,728.08068729344,180,5,1,9,8736.0,55,397198.20229895087,20458.594799198185,1,9,1.0,1.0,0.20157883955578912,0.12459330706015229,0.02199405724758255,6,0.6388888888888888,1,1,0
47,171475.0,1109177.0,722.4361144119042,120,5,3,2,28546.0,91,430408.2893519382,26351.371647206488,3,1,1.0,0.5,0.20916960166785156,0.15367471437356167,0.06632307208344303,4,0.6500000000000001,1,1,0
28,152312.0,908404.0,583.3830149682186,30,3,6,3,9377.0,104,814455.0255249314,47588.03811615563,6,0,1.0,0.0,0.44560672912887767,0.3124378782771917,0.01151322013631919,1,0.45833333333333337,0,1,0
57,59309.0,798841.0,618.6716817810603,15,4,1,9,2842.0,114,333841.7495359748,26288.98561959725,1,9,1.0,1.0,0.46907123361824626,0.4432545755213753,0.008513015534906146,0,0.36250000000000004,0,1,0
54,120268.0,87021.0,665.6508824480611,0,3,6,8,16284.0,155,36138.49603322587,4508.024680813698,1,1,0.16666666666666666,0.125,0.02504025456565467,0.037483159949560134,0.4505998253227923,0,0.5125000000000001,1,0,0
66,105195.0,209646.0,629.1895170254742,60,1,1,0,29001.0,19,182491.9361501225,9911.375427216999,0,0,0.0,0.0,0.1445663895227296,0.09421907340859355,0.15891661084763242,2,0.4422222222222222,1,0,0
57,118463.0,60811.0,605.4824082670801,60,3,4,2,7012.0,94,38998.01291318196,2663.720880147892,0,0,0.0,0.0,0.02743332862946093,0.02248567806106457,0.17980403298009653,2,0.6666666666666666,0,0,0
38,117863.0,1282860.0,548.9476981390599,90,4,4,2,19126.0,38,1090535.8690608994,42853.57200568497,4,1,1.0,0.5,0.7710476492911964,0.3635879962811482,0.01753816682478322,3,0.44277777777777777,0,0,0
68,121552.0,1284880.0,585.7429550806102,0,0,1,0,10133.0,135,793228.9101517467,20436.97463881209,0,0,0.0,0.0,0.5438200044368848,0.16813359417214108,0.01277437051312405,0,0.44999999999999996,1,0,1
41,101268.0,148494.0,662.0432109860179,90,4,3,7,11549.0,107,49724.122344126066,4099.694517697844,3,3,1.0,0.42857142857142855,0.040917929276874286,0.040483612964587475,0.2322615152475243,3,0.5654761904761905,1,1,1
36,129860.0,117314.0,675.1401543226781,120,1,1,0,13573.0,134,51976.24699164972,4879.594144546286,0,0,0.0,0.0,0.03335402676706307,0.03757580582586082,0.26113851587207865,4,0.7166666666666667,1,0,0
65,103310.0,1183079.0,624.4862356708597,90,0,2,10,4297.0,162,939582.744573501,33393.745866136625,2,4,1.0,0.4,0.7578991583369641,0.32323827186271054,0.004573306635117603,3,0.435,0,1,0
39,20670.0,810952.0,685.5247648878258,45,5,6,7,11589.0,142,419340.3978306543,15379.78153474911,5,6,0.8333333333333334,0.8571428571428571,1.6906160209266823,0.744062967331839,0.02763625937294046,1,0.4934523809523809,1,1,0
24,23715.0,497942.0,649.6316451364137,0,2,0,9,8190.0,153,339464.3485511396,17781.684196056183,0,5,0.0,0.5555555555555556,1.1928608776131127,0.749807471897794,0.024126244876540234,0,0.4611111111111111,1,0,1
44,173210.0,941732.0,756.3401511161694,45,2,6,5,24546.0,145,258878.90088469372,19945.113287529268,6,2,1.0,0.4,0.1245496318941813,0.1151498948532375,0.0948165335842991,1,0.4141666666666667,0,1,1
59,165298.0,392877.0,668.6861965182613,60,4,4,11,6837.0,112,176726.4685833778,10705.434841702532,0,8,0.0,0.7272727272727273,0.08909488145822383,0.0647644547526439,0.038686904428095734,2,0.6272727272727272,1,0,1
30,112867.0,337348.0,728.74316169812,60,3,5,3,25469.0,70,262994.101584585,11832.994242906512,1,2,0.2,0.6666666666666666,0.1941769971032166,0.10484015915109388,0.09684247611085141,2,0.5255555555555556,0,0,1
43,46283.0,582842.0,694.2249633606285,60,4,1,6,504.0,60,498771.5604425369,11453.540723784101,0,4,0.0,0.6666666666666666,0.8980467278167954,0.2474675523147614,0.0010104826336786808,2,0.5666666666666667,1,0,1
27,144597.0,1348809.0,581.8550272529162,45,6,6,0,12086.0,65,530386.0909969159,26303.315209161996,2,0,0.3333333333333333,0.0,0.30566914193523836,0.1819077519530972,0.022787173730900643,1,0.6319444444444444,0,0,0
54,41213.0,1162369.0,673.6539276983978,45,4,1,9,8049.0,109,324800.32073322445,27203.564323929055,0,4,0.0,0.4444444444444444,0.656751350167068,0.6600724121983126,0.02478137946979143,1,0.6263888888888889,0,0,0
44,79119.0,325638.0,593.5063130469921,15,0,3,6,13433.0,144,54565.736310824694,12593.146683761066,3,3,1.0,0.5,0.057472221496337475,0.15916716191763125,0.24618012892708233,0,0.2791666666666667,0,1,0
37,71437.0,864495.0,672.4315413248155,60,1,0,2,23129.0,66,212266.66879480614,45237.22132173703,0,0,0.0,0.0,0.24761522833033087,0.6332463754320174,0.10896199639500788,2,0.5466666666666666,0,0,0
32,20008.0,1332546.0,627.8408427938517,15,3,6,9,28706.0,104,1035056.3330547442,32729.283507888304,4,4,0.6666666666666666,0.4444444444444444,4.31101031693466,1.6358098514538337,0.027733756205597496,0,0.4347222222222223,0,1,0
48,148735.0,1429845.0,706.7374123439366,45,3,4,11,21836.0,74,703144.8149090434,62617.12840856195,0,1,0.0,0.09090909090909091,0.3939583907111324,0.4209979386732238,0.031054769283656934,1,0.5928535353535354,0,0,1
53,100577.0,1156335.0,586.0351963773659,30,2,1,0,15092.0,109,426359.34046339977,26104.424716074456,0,0,0.0,0.0,0.35326113364503464,0.25954666291572087,0.03539737157768578,1,0.575,0,0,1
67,69232.0,236848.0,681.0291277695607,90,1,4,10,15372.0,147,173312.35070652564,9573.538113932796,3,0,0.75,0.0,0.20861300976731093,0.13828198107714346,0.08869535227774858,3,0.5458333333333333,0,0,0
42,100164.0,399077.0,720.0690907794236,180,0,1,8,29790.0,74,297346.0633390166,8184.580477982908,1,7,1.0,0.875,0.2473826785230693,0.08171179743204053,0.1001862935916363,6,0.5269444444444444,0,1,0
28,18000.0,366981.0,743.5316898516297,60,1,3,4,29745.0,71,154726.65671794914,17914.266814637485,3,4,1.0,1.0,0.7163271144349497,0.9952370452576381,0.1922422459771886,2,0.3077777777777778,1,1,1
61,88792.0,268579.0,626.5082569481044,5,6,3,7,22884.0,36,221853.165354768,12005.57783600983,0,2,0.0,0.2857142857142857,0.20821429610284709,0.13521012969647975,0.10314930581858468,0,0.5111507936507936,0,0,0
51,102172.0,304223.0,681.2425680545023,90,2,6,9,4928.0,89,151300.51749460056,12847.050646929321,6,4,1.0,0.4444444444444444,0.12340344182245018,0.12573944570850448,0.032570939489191535,3,0.495,1,1,0
55,73034.0,508537.0,692.8902881038101,15,6,2,5,7926.0,82,175914.84079091236,7926.297227405709,2,5,1.0,1.0,0.20072254108921,0.1085288663828588,0.04505589161417387,0,0.4113888888888889,0,1,1
25,152521.0,855490.0,788.2988395679938,0,2,0,7,8171.0,28,705622.6256208369,41453.960558446815,0,4,0.0,0.5714285714285714,0.3855330444227554,0.2717918224929473,0.011579844102661541,0,0.3217460317460317,0,0,1
36,58471.0,627028.0,576.3068957474904,5,2,3,0,6872.0,174,165982.84443948054,13188.919869793925,0,0,0.0,0.0,0.23656006744009928,0.22556343947929614,0.04140186911006709,0,0.5263888888888889,0,0,1
58,40327.0,660183.0,616.2228218450266,180,3,6,11,29029.0,154,592156.1852886236,23990.76014327454,4,0,0.6666666666666666,0.0,1.2236553369715566,0.5949056498939802,0.04902253952789658,6,0.7999999999999999,1,0,0
61,103462.0,406387.0,850.0,30,6,5,11,4771.0,52,247871.34941676937,18720.812725265972,4,6,0.8,0.5454545454545454,0.19964765599670198,0.18094385112665493,0.019247888113031044,1,0.4493434343434344,1,0,0
42,161738.0,269004.0,660.8831901230818,5,3,0,2,25586.0,169,225024.69698561128,10831.935829014037,0,2,0.0,1.0,0.11594095439621037,0.06697211433932679,0.11370307500796697,0,0.45972222222222225,1,0,0
60,78795.0,1498392.0,547.6304333067708,5,0,0,5,24184.0,48,425733.40735752974,71564.68435228962,0,1,0.0,0.2,0.45025425403211894,0.9082389028782235,0.056805502180594304,0,0.3463888888888889,0,1,1
62,25553.0,918544.0,639.2214899656284,60,1,5,2,15856.0,75,405843.46303375287,39822.63506820811,5,2,1.0,1.0,1.3235349503442286,1.5584328676949128,0.0390692506945253,2,0.31666666666666665,0,1,0
39,175128.0,382995.0,486.1788744974947,90,6,5,4,9205.0,23,308287.30570833024,17327.860026636936,0,3,0.0,0.75,0.14669618113053035,0.09894397256085227,0.02985851129630626,3,0.6011111111111112,0,0,0
65,89976.0,1224484.0,696.8644498719307,30,1,3,3,7974.0,110,952435.0790414985,33000.76538921434,0,0,0.0,0.0,0.8821195643296532,0.3667729771185021,0.008372224181436901,1,0.5416666666666666,0,0,0
35,46014.0,1254420.0,736.6849332194753,0,5,0,10,20273.0,86,1008413.639537399,37838.616546237514,0,10,0.0,1.0,1.8262804790161673,0.8223283467257251,0.020103853423977944,0,0.5077777777777778,1,0,0
32,117729.0,1451830.0,616.1836336681873,30,6,1,8,20134.0,48,523158.75575801125,50898.42633252744,1,5,1.0,0.625,0.37031286241991584,0.4323355021492363,0.03848544973853605,1,0.4025000000000001,0,1,0
54,69785.0,280720.0,647.0493254423945,60,1,5,10,16204.0,51,172141.29896536816,10792.681777801197,0,2,0.0,0.2,0.20556148523485007,0.15465618367559214,0.094131972381944,2,0.49333333333333335,1,0,0
52,169922.0,977955.0,744.6557908758239,5,3,0,9,17053.0,168,432450.62108656147,41726.250027839174,0,7,0.0,0.7777777777777778,0.2120829071998532,0.245561198831459,0.039433403881241245,0,0.48194444444444445,1,0,0
27,65621.0,1471354.0,557.484917460775,15,4,1,8,24779.0,123,574682.6262227888,54768.19419011523,0,7,0.0,0.875,0.7298001988982044,0.8346138307876325,0.043117712054155356,0,0.525,0,1,1
61,107121.0,1219671.0,587.4900151460319,0,5,3,1,22634.0,27,658739.0655076647,52956.02838349197,1,1,0.3333333333333333,1.0,0.5124571477641053,0.49435711376379954,0.03435958361230156,0,0.32666666666666666,0,1,0
30,106016.0,377009.0,664.0319372799053,45,5,5,9,22524.0,24,258737.39750209413,7928.503758021713,3,9,0.6,1.0,0.2033792049486981,0.07478591682408045,0.08705351533041411,1,0.3675,0,0,1
60,57275.0,1344898.0,627.3365613773227,5,0,5,9,8410.0,12,724749.8952010166,41403.84768692638,2,8,0.4,0.8888888888888888,1.0544884260163196,0.7228956383575099,0.011604003057727111,0,0.1375,1,0,0
21,98883.0,661448.0,659.4293171768488,5,2,4,1,1912.0,44,213563.98518384804,34085.882381868476,4,0,1.0,0.0,0.17998036836787587,0.34470922587167135,0.008952820384738755,0,0.27416666666666667,1,1,0
60,35669.0,758932.0,591.5374776415434,5,6,3,1,13758.0,132,573463.7995670243,17970.207013177096,0,0,0.0,0.0,1.3397810413501554,0.5038046206279149,0.023991052286800915,0,0.6597222222222222,0,0,0
59,122285.0,859917.0,695.0019440145055,90,2,2,9,10152.0,11,759600.380906457,17840.211917389464,1,8,0.5,0.8888888888888888,0.5176434701083923,0.14589043560035544,0.013364922208023742,3,0.3522222222222222,1,0,0
59,140847.0,1168519.0,669.5536840374008,45,1,0,4,10048.0,44,493300.7737901217,52340.66941386447,0,4,0.0,1.0,0.2918656259334134,0.37161366173127197,0.02036891189689273,1,0.3686111111111111,1,0,0
53,171900.0,224414.0,718.4433345963123,180,4,1,3,15602.0,7,176600.2665853134,5111.514886944242,1,1,1.0,0.3333333333333333,0.08561191903495899,0.029735397829809437,0.08834641250364629,6,0.5655555555555555,0,1,0
44,70776.0,831917.0,694.0279650336205,30,1,1,4,27760.0,116,663784.1441297383,27706.480701195484,1,2,1.0,0.5,0.7815551224164246,0.3914671739176484,0.041820824202414564,1,0.3416666666666667,1,1,1
55,64205.0,1234389.0,694.4683050747217,5,1,0,10,24109.0,146,426346.76522082,53662.923803135476,0,5,0.0,0.5,0.5533665150959427,0.8358059933515377,0.05654786658815882,0,0.4430555555555556,1,1,0
34,106907.0,845330.0,578.7584851828921,5,5,5,4,20251.0,95,573962.4557492898,29074.282907763765,0,1,0.0,0.25,0.4474001201584008,0.27195864543728443,0.03528279558558053,0,0.601388888888889,1,0,1
59,130228.0,448294.0,714.481408615141,180,0,2,4,21420.0,163,382759.20076797495,22890.08843949356,1,2,0.5,0.5,0.24492889443128907,0.17576933101555395,0.055962077350518356,6,0.675,0,0,0
48,178779.0,131612.0,656.8393518736891,60,6,3,4,12413.0,123,92772.24011318364,6597.1749615325325,3,2,1.0,0.5,0.04324344587133819,0.036901285730049575,0.13380080059353897,2,0.5666666666666667,0,0,0
43,22056.0,846441.0,668.3381184645267,15,1,1,0,16482.0,137,146024.88869398148,29725.33417806234,1,0,1.0,0.0,0.5517201996961578,1.3477209910256773,0.11287116975340189,0,0.36250000000000004,0,1,0
45,56605.0,1069858.0,753.3785063473567,60,0,4,0,13011.0,56,645541.002303307,57166.76517895016,0,0,0.0,0.0,0.9503592178301489,1.009924303134885,0.020155187592385947,2,0.49111111111111105,0,0,0
48,60506.0,846969.0,629.6395110438174,60,5,0,4,24251.0,155,621538.5137494026,22589.471885989995,0,4,0.0,1.0,0.8560287598880036,0.3733426748750536,0.03901769474220826,2,0.6333333333333333,0,0,0
22,59371.0,1470062.0,774.58290299213,5,1,4,0,29709.0,113,902033.6252510804,35804.356175238514,3,0,0.75,0.0,1.2660974005983285,0.6030613628747792,0.032935579304741024,0,0.38055555555555554,1,0,1
27,93122.0,923828.0,781.1132709561165,90,2,5,9,13047.0,15,158487.20485496864,38625.060789401585,5,3,1.0,0.3333333333333333,0.14182757104924065,0.41477911545501156,0.08232210298578542,3,0.3416666666666667,0,1,0
33,159411.0,786931.0,732.694910615506,5,2,2,5,21626.0,14,188963.2327517149,29833.563973573695,2,0,1.0,0.0,0.09878199159808865,0.18714871604577912,0.11444554416792352,0,0.20750000000000002,1,1,0
26,23021.0,130454.0,611.3565432462805,5,3,1,6,1669.0,161,97999.2254290138,3267.126021899735,0,3,0.0,0.5,0.3547457590497582,0.1419193789105484,0.017030746852269237,0,0.5097222222222223,0,0,1
42,150166.0,859966.0,526.9594728061147,90,3,5,4,12053.0,49,443776.872453972,25665.907445657325,0,0,0.0,0.0,0.24627016793302745,0.1709169015999449,0.027160045392519015,3,0.6338888888888888,0,0,0
53,118062.0,294497.0,755.5184439981958,45,1,1,9,26116.0,83,255765.53691431042,7162.485171149536,0,1,0.0,0.1111111111111111,0.1805305241556064,0.06066715091349914,0.1021091438474359,1,0.5441666666666667,0,0,1
53,117662.0,1100868.0,687.7969542931755,5,1,1,5,20592.0,136,507760.16415275855,26948.242261058193,0,3,0.0,0.6,0.3596177781503789,0.2290309722855144,0.04055457961015812,0,0.43305555555555564,1,0,1
44,127886.0,283728.0,627.8361770424976,0,1,2,0,15797.0,138,217415.43191463704,8427.526458944625,2,0,1.0,0.0,0.1416726823855081,0.06589874152717752,0.07265813590546928,0,0.33333333333333337,1,1,0
62,36696.0,1364709.0,762.1493640628922,60,0,6,5,6412.0,4,241034.09242838825,70922.27188430875,3,5,0.5,1.0,0.5473668620294406,1.9326976205665127,0.026602045940472174,2,0.20055555555555554,0,1,1
48,138970.0,487974.0,619.6908783385534,90,4,3,2,24252.0,110,380991.0914804466,23615.948082516214,3,0,1.0,0.0,0.22846123352788766,0.16993558381316984,0.06365503168528724,3,0.6083333333333333,0,0,1
24,58197.0,679276.0,650.309131923834,5,3,1,7,29115.0,164,539544.362580503,24112.075005047136,0,3,0.0,0.42857142857142855,0.7725832983666154,0.41431817799967585,0.053962198512742095,0,0.5168650793650794,0,1,0
58,101685.0,260125.0,716.7423255021896,30,0,3,6,11762.0,62,109657.48130551644,8873.06679189651,3,1,1.0,0.16666666666666666,0.08986697587772405,0.08726033133595427,0.10726126352683517,1,0.27944444444444444,0,1,1
49,127654.0,355514.0,602.0478017869586,30,2,2,5,24286.0,97,135837.99980158109,5780.352205442619,2,2,1.0,0.4,0.08867589982921353,0.045281402897227034,0.17878649593982995,1,0.385,0,1,0
52,115839.0,1386785.0,672.3363363275053,180,4,4,4,17656.0,47,1154403.633021553,46445.99049706826,4,2,1.0,0.5,0.8304655837135687,0.4009529648656175,0.015294477161152833,6,0.6377777777777778,0,1,0
48,70346.0,461346.0,756.2396028739353,120,1,3,7,11922.0,129,338295.1228146093,18431.268171422445,2,7,0.6666666666666666,1.0,0.4007514319869044,0.2620087591536469,0.03524141850112758,4,0.5166666666666667,0,1,1
48,82162.0,793783.0,694.777752053479,15,2,4,8,9932.0,21,475048.6019718239,36628.01181335934,3,8,0.75,1.0,0.4818210790590783,0.44580233944353037,0.020907334446990094,0,0.18,1,1,0
25,95194.0,1473029.0,767.3198435776576,45,5,3,10,15089.0,93,703015.9034509013,43070.171389877636,0,9,0.0,0.9,0.6154238567652209,0.45244628222238414,0.021463241337688767,1,0.6141666666666666,1,0,1
48,24682.0,954183.0,759.3521650604198,180,4,3,11,12287.0,74,795850.6093212675,49403.35015802486,3,5,1.0,0.45454545454545453,2.68701418483533,2.0015942856342623,0.015438827156869095,6,0.7023232323232323,0,0,0
59,135618.0,110379.0,680.5416834095133,30,4,3,0,18512.0,115,78415.07095633596,5365.27057006554,2,0,0.6666666666666666,0.0,0.04818379010427325,0.03956164056442021,0.23607706751050547,1,0.5416666666666666,0,1,0
35,34192.0,568357.0,516.4281036549828,5,2,2,7,4421.0,88,262937.25567922235,10394.873101678702,2,6,1.0,0.8571428571428571,0.64083522383214,0.3040147725104908,0.016813897249287193,0,0.2862301587301587,1,1,1
50,92290.0,610937.0,602.5959393349285,15,3,6,1,14313.0,176,319239.08093688515,31229.83002537055,2,0,0.3333333333333333,0.0,0.28825719736418276,0.33838801631130727,0.04483473626723583,0,0.5291666666666667,1,0,1
22,124109.0,450556.0,733.4333878669142,60,5,1,5,22248.0,176,100845.12967972207,10774.222721405662,0,0,0.0,0.0,0.06771274288442825,0.08681258185470564,0.22061551282306124,2,0.7333333333333333,0,0,0
38,31023.0,399710.0,571.4824005800299,180,6,5,8,25351.0,51,303003.66267640714,20758.02796289908,4,8,0.8,1.0,0.8139220972515208,0.6691173633400729,0.08366565531279933,6,0.6933333333333334,0,1,1
42,179279.0,779606.0,657.1315187989135,15,0,4,6,8408.0,6,609088.0079242897,31361.36079703039,3,6,0.75,1.0,0.2831192386932703,0.1749304759454838,0.013804244855605701,0,0.07999999999999999,0,1,1
69,79110.0,596710.0,703.6936429582323,0,5,3,9,18007.0,88,248667.96119889262,18782.527189901135,0,1,0.0,0.1111111111111111,0.26194324484777803,0.23742291985717526,0.07241383213657115,0,0.6011111111111112,0,0,0
31,20560.0,476768.0,782.8699487033057,5,6,2,10,9051.0,106,182239.9435596512,15474.957169846573,2,2,1.0,0.2,0.7386508737015695,0.752673014097596,0.04966529193989464,0,0.4897222222222222,1,1,0
34,124698.0,648824.0,639.7486212481911,30,6,3,11,23699.0,135,220065.27968803965,24338.391193274627,0,10,0.0,0.9090909090909091,0.1470654966987172,0.19517868124007304,0.10769077263617073,1,0.6174242424242424,0,0,0
41,108328.0,548286.0,634.9558603641809,0,1,5,8,10625.0,94,153571.64022032692,26731.637131237618,3,3,0.6,0.375,0.11813784695579392,0.2467657219854296,0.06918595116101171,0,0.35583333333333333,0,1,1
69,121733.0,381672.0,676.3287963453149,0,3,1,8,20204.0,105,328558.08096403803,18502.275636851184,0,7,0.0,0.875,0.2249171554166619,0.15199063225954493,0.06149293281942259,0,0.4625000000000001,1,0,1
62,139663.0,706488.0,704.5639078867072,60,0,4,9,12963.0,4,508159.2376461887,22322.28123464323,3,9,0.75,1.0,0.3032055958785247,0.15982959863845994,0.02550972026021817,2,0.16305555555555554,1,1,1
22,95052.0,1416336.0,669.2027220822735,120,0,5,2,8015.0,137,672836.2601812109,69345.35376503933,2,1,0.4,0.5,0.589884361701324,0.7295517586693528,0.011912259303387377,4,0.5733333333333334,0,0,0
32,151937.0,783313.0,753.4487844220067,15,3,4,3,17284.0,59,182220.44400833553,26537.206445413573,1,0,0.25,0.0,0.09994298295145111,0.1746592761829809,0.09485214512598464,0,0.47277777777777785,0,0,1
61,77964.0,916457.0,624.0599316880069,45,1,1,4,18718.0,69,233309.6217652888,29053.553821250145,1,3,1.0,0.75,0.24937751372993602,0.37265345314824977,0.08022815286559612,1,0.2991666666666667,1,0,1
23,106323.0,1477255.0,688.411265336533,60,1,3,8,20484.0,76,1007992.1159934271,36532.71883323668,3,1,1.0,0.125,0.7900392483230558,0.34360127943376956,0.020321587515406293,2,0.4063888888888889,1,1,0
62,43679.0,939736.0,711.1648897172913,90,2,1,4,23737.0,12,284092.3228155352,45217.46569876132,1,3,1.0,0.75,0.5420078352212261,1.035222090678846,0.0835538242102119,3,0.29333333333333333,1,1,0
34,118426.0,373817.0,651.9837033065901,180,3,6,1,20270.0,88,153603.45172676348,14878.866660228754,5,1,0.8333333333333334,1.0,0.10808680225539119,0.12563851401067969,0.13196318033306412,6,0.6705555555555556,0,0,0
65,60378.0,627786.0,738.7796955591976,120,1,2,9,25540.0,68,544765.5985982345,20242.778934595855,0,4,0.0,0.4444444444444444,0.7518820301520345,0.33526746388744005,0.046882549239009114,4,0.6233333333333334,0,1,1
35,130869.0,757565.0,690.4270978869645,15,5,2,8,12710.0,42,443856.1424410719,31435.209779699024,2,4,1.0,0.5,0.2826338695190559,0.24020363706988687,0.028635404097595494,0,0.33916666666666667,1,1,0
42,147770.0,738434.0,735.2191999206592,180,4,6,7,15260.0,44,558448.4342133248,36508.531080221306,4,7,0.6666666666666666,1.0,0.31493110589278656,0.24706321364432093,0.027325710065776186,6,0.6311111111111111,0,0,0
53,157152.0,266792.0,693.5872875634183,0,5,2,10,14456.0,6,60804.832566860954,6112.9926701059785,0,4,0.0,0.4,0.03224311100445267,0.03889859925489958,0.2377442612658162,0,0.39,1,0,0
27,168511.0,203462.0,706.348320004106,180,6,1,9,17345.0,159,80935.07659753971,6245.811929717699,0,8,0.0,0.8888888888888888,0.040024625789780145,0.03706471345916705,0.21430757502399472,6,0.9111111111111111,1,1,0
48,37810.0,557498.0,635.7325770205451,5,4,6,10,4209.0,52,458099.05548900436,16843.138329803744,4,8,0.6666666666666666,0.8,1.0096514491073887,0.4454678214706095,0.009187969172970774,0,0.32861111111111113,1,0,0
45,40354.0,1375679.0,635.8459806366144,5,2,4,3,25625.0,157,1042554.6339678799,24818.45204543099,3,3,0.75,1.0,2.1529353429810345,0.6150183883984485,0.02457904762503744,0,0.3138888888888889,1,1,1
59,168041.0,1090100.0,765.7077535950143,5,6,4,1,15645.0,150,754989.6206869922,30918.21217257456,2,1,0.5,1.0,0.3744074465393328,0.18399207439002718,0.020722139180885762,0,0.4847222222222222,1,0,1
69,79694.0,1270491.0,724.4857311164233,5,3,0,4,16602.0,82,750293.0991418576,57771.41122860598,0,3,0.0,0.75,0.7845562392211225,0.72491544192293,0.022127352655899966,0,0.4669444444444445,0,0,1
53,22214.0,302970.0,608.3924383644319,45,3,3,9,26311.0,145,106556.07835617273,7614.728489778353,1,9,0.3333333333333333,1.0,0.39973319511784133,0.3427896141972789,0.24692162479979088,1,0.48750000000000004,0,0,0
41,64492.0,650696.0,692.6604397258382,60,2,3,11,13944.0,38,383331.7900590049,30866.806868907657,1,8,0.3333333333333333,0.7272727272727273,0.4953221459754762,0.4786145082941707,0.036375798620442226,2,0.39505050505050504,0,1,0
40,153464.0,892959.0,513.8356762525202,90,0,1,1,13813.0,32,167938.771367496,47514.475704718374,1,0,1.0,0.0,0.09119335879397122,0.3096131711979251,0.08225021469148047,3,0.34611111111111115,0,1,1
41,75508.0,679758.0,639.8241885410408,0,6,3,10,16954.0,161,205097.0224370021,16286.198423254898,3,1,1.0,0.1,0.2263524200934582,0.21568838299590637,0.08266331611521867,0,0.49000000000000005,1,0,0
60,30431.0,654216.0,747.2719373633934,15,5,1,5,28140.0,116,352425.46929132054,20533.649781638494,1,4,1.0,0.8,0.9650944467027059,0.6747609273976699,0.07984666958544652,0,0.4158333333333334,1,1,1
36,134981.0,571697.0,671.2398087902188,5,4,3,9,7603.0,124,86602.37565690113,11578.78602664711,3,5,1.0,0.5555555555555556,0.05346578139201143,0.08578085824410184,0.08779204891701069,0,0.3875,1,0,1
29,49529.0,124790.0,688.2538868766222,5,1,5,8,4673.0,166,40453.19007786007,5326.756400272612,3,7,0.6,0.875,0.06806313822518133,0.10754823235422908,0.1155162297709006,0,0.3155555555555556,1,1,0
37,75153.0,1292972.0,468.8533127435852,90,6,5,0,3235.0,2,341585.12859934947,44333.42291691265,2,0,0.4,0.0,0.3787663484262654,0.5899088914203379,0.009470552811432205,3,0.5694444444444444,1,0,0
22,18630.0,1402959.0,652.5422467304694,60,1,1,5,22107.0,30,573999.0491445364,54081.896300290406,0,3,0.0,0.6,2.567539135554376,2.902946661314568,0.03851400108231421,2,0.40666666666666673,1,0,0
26,115523.0,167227.0,703.6790556679049,5,1,1,1,320.0,173,132738.9243135721,7717.147045750473,0,0,0.0,0.0,0.09575216213335014,0.06680182340962815,0.002410747274432155,0,0.4930555555555556,1,0,0
25,90131.0,649724.0,712.5702912778838,15,0,0,4,21239.0,23,559129.2958850531,29917.947816725376,0,4,0.0,1.0,0.5169598472270484,0.3319384874984786,0.03798584720262334,0,0.23027777777777775,1,0,0
58,158461.0,800859.0,747.3648997934055,180,2,2,9,26532.0,80,219270.23486826578,28541.83433929745,0,4,0.0,0.4444444444444444,0.11531240855702969,0.18011898409891045,0.1210013753847622,6,0.8,1,0,0
56,72166.0,1186693.0,665.28195737586,60,2,0,8,20445.0,3,383664.91783570935,59682.152432954754,0,8,0.0,1.0,0.4430351756548667,0.8270120615380477,0.05328868773129482,2,0.33999999999999997,0,1,1
55,51146.0,1480782.0,668.4040931163096,15,5,0,8,5117.0,58,1162647.7558720037,77411.21246368888,0,0,0.0,0.0,1.8943282561555868,1.5135340488735947,0.004401161034506252,0,0.5747222222222222,1,0,1
43,44890.0,653654.0,586.7517799413097,180,2,6,7,19885.0,31,182700.96368883297,26295.541052948556,4,0,0.6666666666666666,0.0,0.3391641859523891,0.5857772566929952,0.10883905371110754,6,0.6355555555555555,0,0,0
56,50425.0,1135938.0,665.6834922578761,5,6,5,0,13285.0,46,801957.8391674553,18784.16165329228,1,0,0.2,0.0,1.3253310843950674,0.3725168399264706,0.016565708758195682,0,0.5319444444444444,0,0,1
28,91076.0,1409172.0,591.6897456321541,15,2,3,6,669.0,146,301716.1879335134,64876.34595200295,3,0,1.0,0.0,0.27606631451893054,0.7123319639861538,0.0022173155659364944,0,0.39583333333333337,0,1,1
65,32120.0,1253931.0,550.6490916136208,90,3,5,5,5929.0,49,797787.0474833234,63545.07057421793,5,5,1.0,1.0,2.0698086537031015,1.9783645882384162,0.007431807797210367,3,0.3838888888888889,0,1,1
45,83184.0,471181.0,604.0374440922595,45,4,3,6,22263.0,146,164571.78708524516,17558.816963001376,1,0,0.3333333333333333,0.0,0.1648672291598997,0.21108406620265166,0.13527835113358874,1,0.6208333333333333,1,0,1
66,156458.0,1235361.0,785.607943546278,0,5,4,2,16829.0,161,879788.1872701719,53138.20669293696,3,2,0.75,1.0,0.4685965707890573,0.33963240417835433,0.019128467787476698,0,0.4041666666666667,1,1,1
28,142361.0,647734.0,661.0607158940707,120,5,6,8,14990.0,97,349471.8747566849,18940.88839118294,0,6,0.0,0.75,0.20456906196025415,0.1330482954684425,0.04289329437579659,4,0.7750000000000001,1,0,0
45,121236.0,75406.0,695.3914154116356,15,6,0,7,23289.0,96,21428.218347687107,2645.5573961862187,0,7,0.0,1.0,0.014728998501330123,0.021821549673250673,1.086837907945517,0,0.5791666666666667,0,0,1
55,162687.0,1150353.0,644.0552624161361,90,6,2,4,15725.0,60,519581.9935311152,53979.457910206394,1,3,0.5,0.75,0.2661460317107468,0.33179945484400347,0.030264713165157654,3,0.6083333333333333,0,1,1
45,144394.0,1261332.0,554.6614286383672,30,0,0,0,29048.0,120,675777.0684303208,63115.09382173493,0,0,0.0,0.0,0.3900075882829393,0.43710329945659054,0.04298458967758704,1,0.5083333333333333,1,0,0
42,123715.0,548317.0,745.5279187450795,90,0,5,0,1526.0,145,491830.7954600454,10751.756500878235,5,0,1.0,0.0,0.33129288786057026,0.08690746070305326,0.003102693068604255,3,0.475,1,1,1
29,157816.0,703854.0,527.9461302101088,180,3,5,4,8588.0,155,359156.84457655635,11041.665293241953,3,0,0.6,0.0,0.1896495732248084,0.06996543628809469,0.023911558779076584,6,0.8099999999999999,1,0,1
39,38154.0,578317.0,641.164512624584,90,1,5,6,5651.0,35,152345.90883993002,17316.93646281384,5,0,1.0,0.0,0.3327434188637496,0.45386948846290925,0.0370932179474377,3,0.38611111111111107,1,1,0
32,150557.0,219688.0,676.1769583404957,180,3,4,11,12415.0,123,124435.8622206018,6730.516370002975,0,0,0.0,0.0,0.06887527770246585,0.04470410787942756,0.09977027344408558,6,0.8999999999999999,1,0,0
35,65853.0,1492493.0,696.1342750400898,45,4,3,8,27330.0,25,470373.23577529646,68555.00187909648,3,5,1.0,0.625,0.5952313432636535,1.0410308092128906,0.058102795655354644,1,0.3138888888888889,1,1,1
54,136756.0,82789.0,629.1471276829791,0,1,0,5,12280.0,88,67032.11874251945,1270.3052368661838,0,2,0.0,0.4,0.0408465434438705,0.009288844634723039,0.183195760933193,0,0.4388888888888889,1,1,0
51,165957.0,855641.0,551.3426961861518,45,0,5,3,9465.0,16,663593.3402877745,38983.11520567665,2,0,0.4,0.0,0.33321550175034015,0.2348988907107061,0.014263253449613282,1,0.31305555555555553,1,0,0
50,98356.0,71647.0,623.9234695365193,45,6,6,2,2535.0,99,17659.935224441335,2611.752228758801,0,0,0.0,0.0,0.01496259779478064,0.026554071218418813,0.14354526037510953,1,0.7374999999999999,0,0,0
38,32374.0,1049601.0,627.5869408666236,90,2,6,1,11816.0,153,620609.6251760477,45041.544039108005,4,0,0.6666666666666666,0.0,1.597500116286855,1.3912875776582445,0.019039343768875915,3,0.5916666666666667,0,0,0
68,77977.0,1356230.0,625.8834553391443,15,5,2,0,6865.0,147,911902.5028444536,47970.32123223088,1,0,0.5,0.0,0.9745421757317901,0.615185519220166,0.0075282170830613315,0,0.5708333333333334,0,0,0
25,83910.0,983020.0,747.9041013145322,90,4,1,10,5676.0,128,332996.41625921574,45837.23575577028,0,5,0.0,0.5,0.33070791747032113,0.5462666637560515,0.017045228485527027,3,0.7083333333333334,1,1,0
37,169751.0,928945.0,595.04780553026,30,4,4,0,4012.0,103,575742.7863542623,30174.711938641925,1,0,0.25,0.0,0.2826408417595293,0.1777586696905581,0.0069683895223506325,1,0.6041666666666666,0,0,1
26,170685.0,1250490.0,701.0685492106711,90,5,0,10,18965.0,112,621514.1062723378,36056.17145871636,0,9,0.0,0.9,0.30344108849261203,0.211243937421076,0.0305141907618905,3,0.7016666666666668,0,0,1
37,110091.0,1462639.0,691.0807926052541,30,1,0,7,21266.0,17,748226.1756642419,59179.48857442653,0,6,0.0,0.8571428571428571,0.5663694698508823,0.537550649684593,0.02842188724702259,1,0.29373015873015873,0,0,1
68,172007.0,1299646.0,747.2318554230169,30,1,5,7,22221.0,130,732308.8214715912,42599.534540965324,5,3,1.0,0.42857142857142855,0.3547863466174784,0.24766163319495907,0.03034375573319791,1,0.34880952380952385,1,1,0
38,88679.0,385564.0,670.6807689784148,5,6,6,11,1606.0,122,222702.95658017957,10463.072430589338,1,3,0.16666666666666666,0.2727272727272727,0.20927817989619824,0.11798816439731322,0.007211399546111517,0,0.607449494949495,1,0,1
65,84614.0,866721.0,735.3791677038291,120,4,2,9,27637.0,25,591405.8125486699,44672.409051539595,0,7,0.0,0.7777777777777778,0.5824546494952272,0.5279552916956957,0.046731025318973524,4,0.5944444444444444,0,0,0
45,153514.0,1237274.0,667.9445903334131,0,2,3,1,15212.0,113,605424.022362739,54354.61508932776,3,1,1.0,1.0,0.32864756219993996,0.35406943398861185,0.025126191624563175,0,0.26666666666666666,1,1,0
55,126118.0,477106.0,710.4074768609361,15,4,3,11,16861.0,69,330146.2385736019,10913.846326474652,2,3,0.6666666666666666,0.2727272727272727,0.21814639106075387,0.08653678560137848,0.05107130728748574,0,0.4385606060606061,1,0,0
43,102625.0,1029036.0,574.7941238926932,30,2,0,2,26322.0,91,529389.2960839344,45899.36747987285,0,1,0.0,0.5,0.42987356563859874,0.44725327629595957,0.049721443547711366,1,0.525,1,0,0
34,91992.0,83060.0,495.32053465962235,5,6,1,6,8268.0,146,53749.14871747914,2084.4631776766123,0,0,0.0,0.0,0.0486900570316614,0.022659178816381992,0.15382569207670557,0,0.6597222222222222,1,0,0
58,132308.0,1322132.0,706.4282797496097,180,3,2,7,15100.0,57,459219.3252143097,42639.98993541771,0,1,0.0,0.14285714285714285,0.2892363054478374,0.3222782442136357,0.032881891442510816,6,0.8123809523809524,1,0,0
68,140060.0,940884.0,710.1828188227461,30,2,5,2,2128.0,165,523391.23843128356,22296.01671752982,5,2,1.0,1.0,0.3114089428526367,0.15918903839447252,0.004065792171794994,1,0.325,1,1,0
33,97475.0,1127513.0,713.2851633206318,15,4,3,7,14771.0,75,564880.420947145,22022.48674053525,3,1,1.0,0.14285714285714285,0.48292760617863123,0.22592958954126954,0.026148897097961376,0,0.41488095238095246,1,1,1
59,23116.0,1246929.0,643.2547239671725,15,5,5,7,7983.0,92,469652.3409346751,38608.09681087367,0,1,0.0,0.14285714285714285,1.6930998043731438,1.6701893411867827,0.016997679568918345,0,0.6315476190476191,1,0,0
33,34497.0,367228.0,784.2805576547261,5,2,1,11,5471.0,5,72246.23340258752,13662.077224512794,1,3,1.0,0.2727272727272727,0.17452298606300914,0.3960366763635329,0.07572713126113029,0,0.16022727272727272,0,1,1
56,41353.0,703282.0,647.8085528984085,60,5,6,10,18550.0,21,374598.6196957117,19048.300062497095,3,3,0.5,0.3,0.7548799758496193,0.46062680005071205,0.049519669920482505,2,0.47500000000000003,0,0,1
59,92858.0,1295033.0,709.4615313770659,45,1,6,4,3902.0,50,203729.79463613147,23310.749353757605,2,1,0.3333333333333333,0.25,0.1828327433968456,0.2510365219341102,0.019152819581294472,1,0.4069444444444445,1,0,1
43,117500.0,288823.0,721.6245357502855,15,1,3,8,29223.0,176,127767.40747517959,7216.384882261623,1,6,0.3333333333333333,0.75,0.09061518260651034,0.061416041551162745,0.22872030181622752,0,0.38750000000000007,1,1,0
57,148210.0,1242573.0,800.3118111824377,120,5,1,9,6974.0,46,531810.2807711136,30848.484300017295,0,5,0.0,0.5555555555555556,0.29901844273391,0.2081403704204662,0.01311369909940035,4,0.6966666666666667,1,0,0
34,55673.0,467719.0,657.8079266147116,60,4,6,0,2375.0,71,292471.6780009373,18068.02630429601,4,0,0.6666666666666666,0.0,0.4377820457566763,0.3245383993012054,0.008120444400747715,2,0.5577777777777778,0,1,0
24,145428.0,884486.0,634.2764965639593,30,0,5,8,13399.0,153,787698.202508574,23249.552254372247,5,5,1.0,0.625,0.45136780314461106,0.1598698479960685,0.01701032191939546,1,0.2958333333333334,1,1,1
25,125900.0,789483.0,575.1298230909274,45,4,3,11,11650.0,57,626455.4703627165,28698.524067307786,0,11,0.0,1.0,0.41465148951728653,0.22794697432333427,0.018596692903415264,1,0.49750000000000005,0,1,1
42,26368.0,1045414.0,788.6656904663731,60,2,1,1,19735.0,146,921336.8005598923,35349.19540584618,1,1,1.0,1.0,2.9117895446497406,1.3406096558649188,0.02141996280622583,2,0.3833333333333333,1,1,1
65,74898.0,1263187.0,709.4987634933977,5,1,4,9,20017.0,21,1090386.5720627336,32406.193010654566,0,2,0.0,0.2222222222222222,1.213190574806997,0.4326710060436135,0.018357709561786822,0,0.3175,1,0,0
27,67030.0,556017.0,711.7142774126012,120,2,2,0,17766.0,23,114308.50825056827,24825.4290099655,0,0,0.0,0.0,0.14211112965658196,0.37036295703364913,0.15542150161785248,4,0.601111111111111,0,0,1
43,161636.0,299042.0,850.0,15,3,4,4,17237.0,2,108091.88223137334,12471.142553018743,1,4,0.25,1.0,0.05572803615911335,0.07715572368172154,0.15946618417749242,0,0.2461111111111111,0,1,0
55,167233.0,663101.0,702.753131883041,0,6,5,9,23314.0,22,247164.72130731985,27990.102284956094,4,6,0.8,0.6666666666666666,0.12316384989172784,0.16737188404774234,0.09432575926162141,0,0.31222222222222223,0,0,1
30,150720.0,937617.0,588.8375016429977,45,3,3,11,19550.0,108,190585.10308957845,30325.578654398614,1,1,0.3333333333333333,0.09090909090909091,0.10537481372167952,0.2012047416029632,0.10257884631628919,1,0.578409090909091,0,0,0
56,103537.0,1138141.0,666.2867497504917,120,2,0,8,4183.0,16,893426.9503269683,31485.36626023474,0,2,0.0,0.25,0.7190883052491447,0.30409772603257523,0.004681972038641932,4,0.5605555555555555,1,0,0
35,97839.0,1142384.0,611.7652313805943,90,5,3,8,13896.0,110,938465.0312838978,44129.882236927915,1,2,0.3333333333333333,0.25,0.7993276635458064,0.45104592480430006,0.01480715800458662,3,0.7166666666666668,1,0,0
60,68460.0,542942.0,652.2892123792059,15,3,6,3,20631.0,107,327790.6445896136,28973.34702248925,6,3,1.0,1.0,0.39900506937093877,0.4232157029285605,0.06293956322588017,0,0.3291666666666667,1,0,0
49,143209.0,1407268.0,651.8187278071775,30,0,1,9,8011.0,42,1151487.4648340188,45536.95112558179,0,6,0.0,0.6666666666666666,0.6700506863127893,0.31797548426133687,0.006957088326753731,1,0.33499999999999996,1,0,1
47,31977.0,170594.0,638.9082926253066,60,4,6,7,25909.0,6,116989.41985437686,7098.644054730278,5,6,0.8333333333333334,0.8571428571428571,0.30487907937574105,0.22199218359227815,0.22146447116542978,2,0.3026190476190476,0,1,1
29,61924.0,219220.0,582.4702246251222,15,3,2,11,14482.0,29,105316.6765622978,7167.175776144115,2,1,1.0,0.09090909090909091,0.141728404391267,0.11574148595284728,0.13750908662061215,0,0.284520202020202,1,1,1
43,39903.0,85917.0,791.4751143570608,120,4,4,7,9638.0,25,22544.47448028777,4493.8084740572285,3,4,0.75,0.5714285714285714,0.047081828601625124,0.11261831125622707,0.4275105196365161,4,0.5025793650793651,1,0,0
62,98070.0,1393267.0,700.9193631106875,15,1,4,0,11446.0,95,1210571.3802946054,35651.84596717351,4,0,1.0,0.0,1.0286626731710389,0.36353467897597136,0.009455039319709091,0,0.36250000000000004,0,0,0
21,66560.0,311172.0,664.2169575709834,5,3,1,6,18574.0,167,208239.11085114258,10373.229108557802,1,3,1.0,0.5,0.2607160342186781,0.15584779309732275,0.08919554028098697,0,0.3597222222222222,0,1,1
58,49992.0,922127.0,733.034648066102,0,4,0,9,21278.0,78,383270.95906403643,32040.30854485337,0,6,0.0,0.6666666666666666,0.638887153717989,0.6409087162916741,0.05551685953968899,0,0.49,1,0,1
45,78979.0,1228782.0,712.9747092394574,90,4,6,9,7672.0,114,302833.5688868736,54245.71095788174,0,3,0.0,0.3333333333333333,0.31952963117503136,0.6868371460499847,0.025334047438003642,3,0.725,1,0,0
56,157463.0,1161717.0,699.2983512919433,0,4,4,4,5148.0,54,870390.1179984614,50944.02652489186,0,0,0.0,0.0,0.4606320839384815,0.3235301405720192,0.005914589209535465,0,0.5033333333333333,0,0,1
53,108397.0,1425824.0,727.9498650936779,120,6,4,2,2749.0,16,1071522.7526659288,63559.920298446625,1,2,0.25,1.0,0.8237641514263377,0.5863623559549307,0.0025655078188125627,4,0.581388888888889,0,1,1
42,151336.0,127973.0,689.375432063106,180,3,2,10,14884.0,39,71313.83555317043,5671.4574802693305,1,4,0.5,0.4,0.039269041268639775,0.03747593091048614,0.20871125335703944,6,0.6716666666666666,1,0,0
36,166052.0,640257.0,726.9155019894114,5,3,0,9,27815.0,86,576210.6955437878,21634.495715354722,0,9,0.0,1.0,0.28917181341978604,0.13028747449807723,0.04827227299859495,0,0.4508333333333333,1,0,0
51,164148.0,783914.0,732.7178610614443,0,3,1,10,28771.0,154,344777.3150094722,16636.677497620898,0,4,0.0,0.4,0.17503376780378693,0.10135169175147365,0.0834480655991232,0,0.51,0,0,0
27,74862.0,1059414.0,691.3903114522963,180,2,3,8,16793.0,44,907439.6974304974,52777.382832028095,2,2,0.6666666666666666,0.25,1.0101249604054765,0.7049956297190577,0.018505912897078442,6,0.6394444444444445,1,1,0
49,160151.0,952813.0,664.572385455272,5,2,4,9,15953.0,177,593313.3691727723,26672.406992061115,4,4,1.0,0.4444444444444444,0.3087260195964914,0.16654536651073745,0.026887983364073668,0,0.3319444444444445,1,1,0
25,165318.0,861927.0,787.1278461017736,30,4,2,4,15099.0,114,605345.8042867316,16732.349882235074,0,0,0.0,0.0,0.30514211211459713,0.10121311582667994,0.024942768072524907,1,0.6416666666666666,0,0,0
52,173454.0,494909.0,646.5468922158597,120,2,1,9,7116.0,64,414638.6147036919,9973.049250468492,1,5,1.0,0.5555555555555556,0.1992068092518727,0.05749679598319146,0.017161932699117324,4,0.48666666666666664,0,1,1
51,74862.0,204388.0,707.3919520299143,5,5,1,5,12477.0,112,158066.22566224207,7110.7302688111495,0,5,0.0,1.0,0.17595289294773725,0.09498450841296184,0.0789352687313545,0,0.5263888888888889,1,0,0
25,54990.0,675892.0,708.9735887517346,60,5,6,9,28075.0,125,247715.04425231944,21653.794414671378,6,2,1.0,0.2222222222222222,0.3753940780934707,0.3937769488028983,0.1133358697883652,2,0.5611111111111111,0,1,0
58,112652.0,426503.0,637.3309503415455,30,6,4,1,18483.0,123,341384.1101274341,17717.389174130658,3,0,0.75,0.0,0.2525359145328342,0.15727540721985103,0.05414135998626458,1,0.5958333333333333,0,1,0
41,168955.0,853732.0,623.4524330281955,30,0,6,3,7324.0,155,473634.76932064345,33700.74715521039,0,0,0.0,0.0,0.23360992045250878,0.1994658172602787,0.015463391782881895,1,0.5083333333333333,0,0,1
59,163900.0,1205833.0,655.2303585391104,180,2,0,2,2629.0,119,221417.0312416842,23268.330468204425,0,0,0.0,0.0,0.11257729878060006,0.1419666288481051,0.011873522037834377,6,0.8666666666666667,0,0,0
23,110536.0,851194.0,645.5448202777075,60,5,3,4,22535.0,4,557841.4436556962,22871.540441440095,3,1,1.0,0.25,0.42055789038239144,0.20691485526380632,0.04039678345216094,2,0.3672222222222222,1,1,1
29,42176.0,895412.0,577.9308606852794,15,3,3,9,27089.0,67,469888.2524043824,45531.87205438808,0,2,0.0,0.2222222222222222,0.9284274081712791,1.0795682865702787,0.0576498770960705,0,0.5058333333333334,0,0,0
45,86444.0,110699.0,634.3953442236507,180,4,2,1,3285.0,163,61157.63772002166,5055.325074497692,0,1,0.0,1.0,0.05895689475269313,0.05848092492825057,0.05371365086137988,6,0.8333333333333334,0,0,0
30,133687.0,984740.0,698.6356089244193,60,5,2,8,11259.0,37,451645.0966503621,49061.36975371116,1,3,0.5,0.375,0.2815314233061567,0.3669868405582529,0.024928865791973995,2,0.5030555555555556,0,1,1
37,108780.0,687248.0,768.6160508904019,0,6,0,9,25562.0,89,136119.03127614676,10913.157987462811,0,3,0.0,0.3333333333333333,0.10427700502248174,0.10032320267937866,0.18779152158482512,0,0.6144444444444445,1,0,0
53,73966.0,229361.0,718.8073934621543,30,1,0,8,7596.0,90,65404.58588006675,11808.31801262319,0,1,0.0,0.125,0.07368766942476583,0.15964521553988575,0.11613864529207303,1,0.5291666666666667,0,0,1
28,73501.0,360036.0,498.0325851140833,15,1,5,7,5417.0,100,258268.56662051124,17801.30341854226,5,4,1.0,0.5714285714285714,0.2928175201930487,0.24219130921405502,0.02097429071947229,0,0.3053571428571429,1,1,1
54,27679.0,1182078.0,724.8912600330129,60,3,3,1,11825.0,156,384969.20373618806,39116.243519636395,0,0,0.0,0.0,1.1590291187548565,1.4132101419717618,0.03071674275561908,2,0.6666666666666666,1,0,0
26,64745.0,1379207.0,640.9293749872998,120,3,1,7,11825.0,97,856204.8368944284,57848.79845861614,1,5,1.0,0.7142857142857143,1.102021825230299,0.893486731927039,0.013810947439739872,4,0.5619047619047619,1,0,0
29,126439.0,786198.0,711.7156052281434,0,6,2,2,14442.0,0,437436.79151496367,20346.6033875236,0,0,0.0,0.0,0.28830555413741255,0.16092031246311342,0.03301505561519732,0,0.44999999999999996,1,0,0
49,57092.0,1466040.0,679.0105318552561,120,0,6,2,28968.0,43,463340.28497896437,60611.26661303499,2,1,0.3333333333333333,0.5,0.6763064950415767,1.06164202713226,0.06251992528841982,4,0.47888888888888886,0,1,0
59,178929.0,311056.0,666.511866173922,180,1,3,10,29173.0,113,112113.44052062597,14604.343712636974,1,8,0.3333333333333333,0.8,0.05221505015985203,0.08162088712638518,0.2602096578655342,6,0.7033333333333333,0,0,0
29,31353.0,484487.0,672.8434990426501,180,6,6,7,17381.0,140,212048.19322249896,16638.36630385071,2,5,0.3333333333333333,0.7142857142857143,0.5636042091200708,0.5306786050410076,0.08196721573459662,6,0.8785714285714286,1,0,0
35,113381.0,1398595.0,678.4302984211154,60,4,1,11,2258.0,116,1133057.4671021206,22560.65220037821,1,3,1.0,0.2727272727272727,0.8327802329477019,0.19898088921757798,0.001992838020630149,2,0.5227272727272727,0,1,0
66,98443.0,304018.0,774.108348046317,15,4,0,5,7919.0,131,260233.21749869492,9623.329622182971,0,4,0.0,0.8,0.22029094458950435,0.0977553469742183,0.030430396534753348,0,0.5325000000000001,1,0,0
69,152995.0,1006102.0,678.6237869040439,5,1,3,4,5421.0,43,442751.8974908413,44267.69309627414,2,4,0.6666666666666666,1.0,0.24115815194986834,0.2893407830077724,0.01224387750955294,0,0.18861111111111112,1,0,0
49,161817.0,368281.0,755.987529322684,180,4,4,11,18.0,17,67989.54296489406,15891.415405823549,3,6,0.75,0.5454545454545454,0.03501359713178779,0.0982060933389171,0.0002647465950652761,6,0.6040656565656565,0,0,0
42,106043.0,530207.0,745.793410609196,30,2,6,7,11482.0,170,318481.4408231284,18266.765419296065,0,5,0.0,0.7142857142857143,0.25027696376558595,0.17225809736895473,0.0360523362690281,1,0.5035714285714286,0,0,0
37,120084.0,742740.0,726.6931883308557,30,5,3,10,203.0,101,344023.6894714185,40426.12234671774,3,8,1.0,0.8,0.23873822315449914,0.3366486988001544,0.0005900756436625137,1,0.44500000000000006,0,0,0
51,131230.0,571982.0,554.9366825909226,90,0,1,0,17230.0,132,296993.91664104536,11257.655221510886,1,0,1.0,0.0,0.18859630460581,0.0857856833156358,0.05801465630969348,3,0.475,0,1,0
49,102398.0,1318033.0,758.1642859313124,90,1,3,6,8237.0,172,634583.8830878587,28115.657075925046,0,3,0.0,0.5,0.5164357727428422,0.27457232637283,0.012980159470674078,3,0.6083333333333334,1,0,1
35,47951.0,1460544.0,647.9469094105089,120,4,2,9,21742.0,32,936106.7104329588,37000.09839839432,2,1,1.0,0.1111111111111111,1.62684599979312,0.7716230818626165,0.023225984556765014,4,0.5266666666666666,0,0,0
22,87432.0,775052.0,730.1009096752341,120,4,1,9,15805.0,156,293225.4916747716,36537.344047671606,1,9,1.0,1.0,0.27947956857402667,0.4178944099148093,0.0539004979059937,4,0.5666666666666667,0,1,0
28,57131.0,811564.0,611.9227016731711,120,5,0,8,28523.0,65,665055.224065738,36936.49460227138,0,2,0.0,0.25,0.9700734920121271,0.6465228090226213,0.04288816773083586,4,0.7694444444444446,1,0,0
67,93233.0,130318.0,597.0448169687721,5,5,5,1,14546.0,112,60719.97921938597,5982.961097767903,4,0,0.8,0.0,0.054272610216148404,0.06417213966908608,0.2395587117618104,0,0.5063888888888889,1,1,0
41,117654.0,389594.0,818.347211578184,5,0,4,6,4696.0,69,158271.02945200575,19551.7413716289,2,4,0.5,0.6666666666666666,0.11210203184195873,0.16617999703902037,0.0296706227049848,0,0.2713888888888889,1,1,1
44,51902.0,107834.0,613.011185321332,5,0,1,1,27656.0,35,90818.73718854264,3527.943757138072,1,0,1.0,0.0,0.14581765826066856,0.06797317554502856,0.30451865833132263,0,0.1875,1,1,1
43,58406.0,1292141.0,760.2274647336224,60,2,3,9,9267.0,158,540899.5014325188,35847.76283818615,1,3,0.3333333333333333,0.3333333333333333,0.7717521907459833,0.6137684970411628,0.017132572641419094,2,0.5499999999999999,0,1,0
59,151315.0,379716.0,688.2894225005565,60,6,6,7,22922.0,62,80615.5101649032,14814.727635958488,5,4,0.8333333333333334,0.5714285714285714,0.04439717926450517,0.097906536932614,0.28433734343567213,2,0.5223015873015873,1,1,1
24,79192.0,543919.0,650.591595914788,120,3,5,2,23482.0,4,144955.5272311827,17076.265944090617,3,2,0.6,1.0,0.1525359540012277,0.21563119941522652,0.16199451272078555,4,0.4022222222222222,1,0,0
25,50138.0,1272018.0,676.8619780968855,120,6,3,8,27742.0,27,872249.7691759664,45733.65760886299,2,1,0.6666666666666666,0.125,1.4497483099577937,0.9121556027137697,0.03180511016495709,4,0.6308333333333334,0,1,0
34,133534.0,1084270.0,588.9233852428082,120,0,0,8,19204.0,173,619925.0129084724,22345.387395634974,0,7,0.0,0.875,0.38687089237477124,0.16733856093305804,0.03097794023490279,4,0.5958333333333333,0,0,0
44,134092.0,951146.0,679.0371934273538,0,6,4,0,15353.0,147,524046.1161072969,29347.895520373906,3,0,0.75,0.0,0.3256757276765808,0.2188638809203674,0.029297039951454423,0,0.5375,0,0,0
53,151837.0,105784.0,604.2081780272829,90,0,3,1,11546.0,119,22372.610197512946,3586.6447822883724,0,0,0.0,0.0,0.01227885286936701,0.023621678393859022,0.5160774669592872,3,0.625,0,0,0
45,141117.0,866288.0,652.318934398021,120,5,6,2,13399.0,140,236546.13583386055,16024.26396408802,0,2,0.0,1.0,0.1396867704539853,0.11355303729591772,0.05664434108283578,4,0.7500000000000001,1,0,0
42,178698.0,863293.0,744.7709694778703,180,6,3,0,23410.0,116,386030.8274586974,47291.02674173292,2,0,0.6666666666666666,0.0,0.18002012121880556,0.26464217138262836,0.060642825222306136,6,0.9,0,0,0
66,111128.0,512505.0,697.793347359036,30,2,5,6,16982.0,163,249079.61580793554,8462.194037522577,4,6,0.8,1.0,0.1867813210951452,0.07614817181558722,0.06817900350823876,1,0.355,1,1,0
28,64465.0,1130146.0,576.2480650783635,90,2,3,10,1473.0,17,488716.5215826745,58519.6657572721,1,7,0.3333333333333333,0.7,0.6317595097891291,0.9077742303152424,0.003014017195960128,3,0.4094444444444445,1,0,0
49,157794.0,1397666.0,739.6041688839709,30,4,3,0,11164.0,11,736651.308066081,25448.59995022157,2,0,0.6666666666666666,0.0,0.38903639558859493,0.16127736130791773,0.015155067095867477,1,0.36611111111111105,0,0,0
47,60900.0,425602.0,679.50301666636,5,5,2,7,27423.0,125,297990.03992177243,21012.78183891163,2,7,1.0,1.0,0.40775867531714893,0.34503746861923856,0.09202656574427459,0,0.3763888888888889,0,1,0
44,65150.0,530208.0,642.0470312113463,30,0,2,5,6324.0,173,332322.84324513155,19580.407042915234,1,0,0.5,0.0,0.4250739872667326,0.30054346957659606,0.019029687933113954,1,0.43333333333333335,1,0,0
60,152216.0,517385.0,732.2673412736252,15,1,2,10,14166.0,104,314810.18872041185,11824.003628163162,0,5,0.0,0.5,0.17234838908766262,0.07767911144796318,0.04499854359091617,0,0.46249999999999997,1,0,1
34,160821.0,1260669.0,668.2955214116098,180,5,3,5,25099.0,173,716481.1978333584,30575.176147050803,3,0,1.0,0.0,0.3712622511121881,0.19011930125450532,0.03503092624886663,6,0.8166666666666665,1,0,0
67,72973.0,162767.0,598.4037062066001,5,5,6,8,8711.0,72,48943.41825195056,4730.714533024018,6,4,1.0,0.5,0.055892154463466584,0.06482828625688979,0.17798103015930722,0,0.38638888888888895,1,1,1
37,136164.0,1349060.0,809.3466798014723,5,1,2,11,20415.0,121,814127.1785416527,63083.27183846657,2,6,1.0,0.5454545454545454,0.49825160501408394,0.46328891512049125,0.025075934741018498,0,0.28851010101010105,1,1,1
47,167428.0,1173800.0,678.7898789976308,60,6,3,1,23552.0,91,315566.8116992981,24515.80909102449,2,1,0.6666666666666666,1.0,0.157065928687405,0.14642598066646254,0.07463395745951439,2,0.5666666666666667,1,0,0
46,147397.0,750835.0,674.3030356862448,60,6,6,3,9769.0,158,514086.3217166208,18537.558257560686,4,0,0.6666666666666666,0.0,0.2906472099820105,0.12576618423414782,0.019002645251053683,2,0.6666666666666666,0,0,1
62,18809.0,896104.0,651.6426379788587,60,6,1,3,26871.0,116,438388.08932160004,38270.01857373622,1,0,1.0,0.0,1.9422798009888884,2.034665243964922,0.061295004710512385,2,0.6166666666666666,0,1,0
42,125661.0,1346719.0,762.5976017620312,5,1,1,2,13388.0,78,789305.8937661751,53275.736193559824,0,2,0.0,1.0,0.5234359996115044,0.42396396808524384,0.016961738288965668,0,0.3663888888888889,0,1,1
34,45522.0,1166263.0,643.2585044300572,45,4,3,7,8881.0,44,929623.5056384144,37125.63009488194,2,2,0.6666666666666666,0.2857142857142857,1.7017843124174656,0.8155535805738311,0.009553329865407197,1,0.44003968253968256,0,0,1
22,155107.0,451364.0,571.8514098831877,180,1,2,0,6763.0,56,194006.61456332833,7863.414974786523,1,0,0.5,0.0,0.10423267731486884,0.05069671242939727,0.034859636179014906,6,0.6827777777777777,0,0,0
38,28860.0,123080.0,632.4925636672815,0,1,2,4,7999.0,13,27671.07357086953,4595.801239283719,2,2,1.0,0.5,0.0799003048361906,0.15924467218585306,0.2890744365054515,0,0.11222222222222222,1,0,1
61,178882.0,1004728.0,772.8742220318354,120,0,5,1,16885.0,27,822417.8483827133,24283.120874506407,5,1,1.0,1.0,0.3831286585489845,0.13574938157280445,0.020530926016749752,4,0.29333333333333333,1,1,1
21,46727.0,261421.0,738.2492513019982,5,3,3,7,6759.0,91,110773.97007473503,10321.950182967263,2,1,0.6666666666666666,0.14285714285714285,0.1975552501314997,0.22089905585565653,0.06101613940025764,0,0.44543650793650796,1,1,0
64,86066.0,177547.0,662.1489043138097,15,4,2,9,10750.0,5,80764.82385826726,4612.78405086696,2,3,1.0,0.3333333333333333,0.07820047391756255,0.05359589211613134,0.13310250040122643,0,0.24027777777777778,1,1,0
47,55921.0,1474326.0,776.1278599148332,180,1,3,5,21324.0,84,548475.2249063781,79927.98703986887,1,3,0.3333333333333333,0.6,0.8173363985300366,1.4293018193499556,0.03887869320558626,6,0.71,0,1,0
27,149854.0,737204.0,732.3559560175318,15,1,6,5,26267.0,7,342893.5720108428,28473.58949159688,5,1,0.8333333333333334,0.2,0.19068202606695117,0.19000887191264082,0.07660394403418387,0,0.18305555555555558,0,1,1
35,81746.0,993727.0,661.3387445455776,45,1,6,5,20367.0,29,537336.0842444068,37614.774880403354,2,4,0.3333333333333333,0.8,0.547770007344301,0.4601420849999187,0.0379036521037662,1,0.30527777777777776,1,0,1
48,138621.0,365131.0,668.3863101429245,30,1,1,2,15850.0,124,285708.97067046084,17698.168078807535,1,1,1.0,0.5,0.17175666666093212,0.12767306597707084,0.05547603200139461,1,0.3416666666666667,1,1,0
36,28889.0,197462.0,703.0522412361804,60,5,0,4,20884.0,5,136272.5177398601,10806.422180136793,0,4,0.0,1.0,0.3930922892792531,0.37406702136234526,0.15325173664044933,2,0.4444444444444444,0,0,0
26,91364.0,141006.0,621.7679135235329,30,1,0,11,12351.0,60,75432.66616517506,6509.807040547156,0,6,0.0,0.5454545454545454,0.06880232382300018,0.07125133576186633,0.16373542959432177,1,0.42045454545454547,1,0,1
53,165590.0,563829.0,680.3153545856545,30,1,3,0,8125.0,34,407583.58761875576,21851.655144246466,1,0,0.3333333333333333,0.0,0.20511684865166765,0.13196240802129638,0.019934561269920263,1,0.3672222222222222,1,0,1
53,168165.0,55401.0,701.5959355229303,120,2,4,9,22488.0,9,43536.523475916845,2744.6204795379354,3,8,0.75,0.8888888888888888,0.02157430870272096,0.016320997113180122,0.5165318267187713,4,0.3686111111111111,1,0,0
26,51808.0,659081.0,561.9123632974022,45,1,0,1,4051.0,37,127605.62133270015,14663.47304557529,0,0,0.0,0.0,0.20525404913768167,0.2830349182669721,0.03174625034298464,1,0.45305555555555554,1,0,1
34,81897.0,520890.0,666.7475774202471,60,6,3,1,27153.0,20,309498.0603327189,23736.527488811986,0,1,0.0,1.0,0.3149261270587027,0.2898339070883181,0.08773237535256209,2,0.5111111111111111,1,0,1
32,84276.0,813907.0,658.7860670244019,120,1,2,3,12857.0,14,148498.2397870454,34343.58311140877,2,3,1.0,1.0,0.14683721718623471,0.4075132079288145,0.08658015083840483,4,0.29777777777777775,0,1,0
53,109605.0,904819.0,751.9647613972226,30,3,6,3,24522.0,119,344814.4197954382,33957.89617774458,2,3,0.3333333333333333,1.0,0.262164454020831,0.3098206849846684,0.07111651541297989,1,0.45833333333333337,1,1,1
56,105048.0,497225.0,550.8852104332276,120,3,4,3,2964.0,22,358903.0720796376,24697.288280648463,1,3,0.25,1.0,0.2847135532325204,0.23510479286277192,0.008258497155862497,4,0.4947222222222222,1,0,1
56,35162.0,710084.0,653.2945786207403,90,1,2,10,14847.0,168,527921.889724479,30807.907175680568,1,4,0.5,0.4,1.2511657701602086,0.876170501555104,0.028123478660353727,3,0.5433333333333333,0,1,0
66,141552.0,163241.0,646.277174684479,120,3,4,10,12658.0,87,132693.77832198696,7128.626473345347,2,6,0.5,0.6,0.07811839366568879,0.0503604786463303,0.09539256595199842,4,0.6416666666666666,0,0,1
58,54575.0,487565.0,747.204967474512,45,1,0,8,10693.0,73,255327.27986558276,25055.798823326975,0,5,0.0,0.625,0.38987216348386433,0.4591076284622442,0.041879582963596125,1,0.4705555555555555,1,0,1
36,69020.0,1468378.0,676.9517401444575,60,3,3,1,15358.0,157,312915.95980844554,63105.721398950154,0,0,0.0,0.0,0.37780831619874133,0.914310654867432,0.049080270656062235,2,0.6666666666666666,0,0,0
26,154192.0,1487240.0,805.7266251956659,5,0,2,11,19863.0,139,364506.04680261115,37503.66652166617,1,3,0.5,0.2727272727272727,0.19699792401822142,0.24322705796452587,0.05449292316063085,0,0.35744949494949496,1,0,1
51,129723.0,754422.0,726.3549367334471,5,3,1,10,28259.0,75,251397.63153615154,16857.566096945986,0,7,0.0,0.7,0.16149643955206577,0.1299504798451006,0.11240758247134199,0,0.45638888888888896,1,0,1
65,82241.0,1412311.0,651.2843904067337,0,2,2,0,24506.0,175,606074.952662992,50176.405898618585,1,0,0.5,0.0,0.6141249018767929,0.6101142483508054,0.040433942851993365,0,0.44166666666666665,1,0,0
68,165820.0,776888.0,696.7761087591272,60,2,4,4,6946.0,95,423342.2900123795,18953.33743106189,1,3,0.25,0.75,0.21275192478409297,0.11430067200013201,0.016407526873341387,2,0.5208333333333333,1,0,0
32,81841.0,232197.0,655.2151833441379,15,0,4,9,29359.0,127,147318.08818874878,9981.088658795776,2,6,0.5,0.6666666666666666,0.15000436638191614,0.12195707113544282,0.19928985205390587,0,0.3375,1,1,1
32,109610.0,1308460.0,740.1577263343294,15,6,6,1,14950.0,174,355741.00353443384,63732.971332982146,1,1,0.16666666666666666,1.0,0.2704596626938189,0.5814521606877305,0.042024955941163865,0,0.5541666666666667,0,0,1
22,57848.0,651905.0,586.7461600696291,60,0,1,0,13717.0,130,190177.90681463544,17388.027606964442,1,0,1.0,0.0,0.2739620885980435,0.3005813097594462,0.07212720041855245,2,0.41666666666666663,1,1,1
27,47677.0,938022.0,622.3412816400066,30,1,4,7,331.0,106,262404.4850701749,48344.69375461388,0,4,0.0,0.5714285714285714,0.45864967222171227,1.0140045253395533,0.0012614113661642656,1,0.4845238095238095,1,1,0
48,97640.0,990828.0,711.8982942988445,5,0,3,4,20047.0,110,709633.7770375012,44464.54108967559,3,2,1.0,0.5,0.6056549373869156,0.4553926780999139,0.028249782702973843,0,0.25972222222222224,1,1,0
47,109209.0,496652.0,765.8029514106535,60,6,6,5,26604.0,117,187022.2003399549,27080.26640367123,2,3,0.3333333333333333,0.6,0.14270969756762636,0.24796735070984288,0.14225049192898623,2,0.6566666666666666,1,0,1
39,148542.0,1113561.0,525.862198270256,45,2,6,9,8793.0,175,306266.64805552544,25554.18998550073,5,3,0.8333333333333334,0.3333333333333333,0.17181821081777401,0.17203343152442224,0.028710276015447327,1,0.4458333333333333,1,1,1
36,81326.0,776895.0,776.2129851193291,5,3,4,6,26019.0,126,367884.4809646624,25996.36934168319,2,1,0.5,0.16666666666666666,0.3769648092908606,0.3196563133768191,0.07072600597821709,0,0.46805555555555556,1,0,1
61,163016.0,581239.0,670.1905410100396,15,5,2,8,2623.0,53,195085.4892425123,23605.462320200197,2,6,1.0,0.75,0.09972716852052983,0.14480457329464713,0.013445387507726565,0,0.3386111111111112,1,1,1
43,116396.0,481976.0,548.1287526643986,15,0,3,1,29005.0,3,205791.36518141616,21937.95799931852,2,0,0.6666666666666666,0.0,0.14733565098272003,0.1884769064170463,0.14094371731501237,0,0.18583333333333335,0,1,1
60,29358.0,1132108.0,469.87905106774633,90,0,4,0,7591.0,140,869470.8499747015,58277.871611482115,3,0,0.75,0.0,2.4680122680209298,1.9850763543661734,0.008730597466517562,3,0.5125,1,0,0
68,137734.0,411544.0,572.9429753934204,15,1,5,3,14438.0,87,164791.4725890279,20845.0333608087,3,3,0.6,1.0,0.09970394177002283,0.15134268489123018,0.0876137567870809,0,0.31583333333333335,1,0,1
36,111120.0,230017.0,678.6206600908218,0,4,1,2,434.0,74,64668.025437338125,5622.737194589353,1,2,1.0,1.0,0.04849713930685905,0.050600586704367824,0.006711199191021169,0,0.2977777777777778,0,1,1
30,81075.0,1328531.0,675.3871373533781,15,6,6,3,26948.0,168,430895.0881314307,42378.60406233017,4,1,0.6666666666666666,0.3333333333333333,0.44289761345609074,0.5227086532510659,0.0625395850225621,0,0.5458333333333334,1,1,1
67,93698.0,531128.0,724.3240304296517,45,4,5,9,15282.0,27,93355.28663975582,23227.39356455869,1,1,0.2,0.1111111111111111,0.08302853017118457,0.24789636453882355,0.16369721041049304,1,0.4897222222222222,0,0,1
52,66890.0,979497.0,641.5358975707326,90,6,0,1,29121.0,6,808914.6562403674,19876.511168971716,0,0,0.0,0.0,1.0077672998459752,0.29715220763898514,0.03600008947216646,3,0.6383333333333333,1,0,0
35,117513.0,1088828.0,602.4371617487681,0,6,1,1,11194.0,133,732482.6446109199,58115.76935346214,1,1,1.0,1.0,0.5194337680447553,0.4945475764678133,0.015282273351262853,0,0.4,0,1,1
51,109846.0,1265591.0,651.0839528637375,120,1,1,2,1795.0,166,629657.7781882889,56797.332939742366,1,2,1.0,1.0,0.47768222343727346,0.5170632789518268,0.0028507549055690924,4,0.4666666666666667,1,1,0
46,90458.0,957240.0,682.3527200838104,15,1,4,3,20348.0,149,546247.6817654504,46094.62419535528,3,3,0.75,1.0,0.5032240393013427,0.5095693492599359,0.03725050133711522,0,0.3,0,1,1
65,64201.0,1076514.0,696.1540956468695,30,1,1,2,4892.0,156,366626.4737770498,55222.77340636992,0,2,0.0,1.0,0.47588364897879293,0.8601544120242662,0.013343280831855276,1,0.44166666666666665,1,0,0
33,82580.0,1263954.0,624.7584710509316,0,5,2,2,18459.0,155,572275.4548022553,27956.22894577396,1,0,0.5,0.0,0.5774960188123186,0.338535104695737,0.03225544594845212,0,0.5416666666666667,0,1,0
69,98649.0,1417875.0,743.1012690234752,15,4,1,6,1046.0,123,552796.4446683632,45209.283915940316,1,0,1.0,0.0,0.46697250239769555,0.45828425950532004,0.0018921974084466521,0,0.4625,1,1,1
66,94444.0,117942.0,636.5022259793177,45,6,0,1,5035.0,165,90627.52227072534,4843.499494426908,0,1,0.0,1.0,0.07996583713693242,0.05128435363206671,0.055557074427780254,1,0.6375,0,0,0
29,68105.0,1127718.0,619.1197846372568,60,3,3,1,19135.0,61,797938.3254617647,54015.938537745045,0,1,0.0,1.0,0.9763579833367162,0.793127355373982,0.023980550111973413,2,0.5022222222222222,1,0,0
29,112283.0,302867.0,642.0325943372197,90,6,2,10,20214.0,134,109913.57440019526,13483.692248531142,0,9,0.0,0.9,0.08157481126572683,0.1200866760643298,0.18390813064090555,3,0.735,0,0,0
47,54700.0,1342352.0,755.2388122991825,45,6,3,0,4571.0,16,968756.4722193021,26660.780604430784,1,0,0.3333333333333333,0.0,1.4758629985059446,0.4874000110499229,0.004718420089135921,1,0.5230555555555555,1,0,1
23,99159.0,120317.0,670.7042482941539,0,5,1,0,5622.0,94,26523.908148144354,4912.167512138521,1,0,1.0,0.0,0.02229072176012293,0.04953829215843766,0.21195971455636797,0,0.4666666666666667,1,1,0
35,37691.0,407820.0,631.384054785116,30,5,2,0,25756.0,52,123131.94560726268,10914.139027030273,2,0,1.0,0.0,0.2722399370478865,0.28956883677881384,0.20917398708333929,1,0.4405555555555556,1,1,1
42,94487.0,328565.0,744.8275425313981,90,0,6,6,178.0,168,75499.13379736696,10270.913110487523,2,6,0.3333333333333333,1.0,0.06658687949785592,0.10870186491779317,0.002357642943000331,3,0.475,1,0,0
68,145004.0,924955.0,829.9923977964122,60,5,5,8,6901.0,78,304018.5984815475,50659.040507469486,1,6,0.2,0.75,0.17471851263962115,0.34936305555342945,0.02269926917125387,2,0.6016666666666667,1,0,0
69,150489.0,56210.0,694.6777844016264,60,6,1,8,29105.0,37,17967.26828382199,1196.274286375865,1,3,1.0,0.375,0.009949380732047963,0.007949247362769803,1.6198900990534324,2,0.46138888888888885,1,0,1
28,130540.0,74686.0,766.3689722605803,45,2,1,8,16426.0,102,61647.012368040865,1432.1205831851876,1,6,1.0,0.75,0.039353845799525604,0.01097074140635198,0.266452490867434,1,0.3791666666666667,0,0,0
64,138794.0,781104.0,752.5254565402353,45,5,6,0,809.0,13,308959.5584337951,24499.92456749421,5,0,0.8333333333333334,0.0,0.18550247034801884,0.17652005538779925,0.0026184656791363044,1,0.4080555555555555,1,0,1
25,28683.0,1458913.0,637.6052173839167,180,2,4,4,26776.0,22,607511.0396599676,72311.20091893681,3,3,0.75,0.75,1.7650148161511687,2.5210473422911415,0.04407491922284556,6,0.5280555555555555,0,1,0
57,73303.0,816055.0,681.8643926333363,60,1,3,7,10252.0,77,183459.74736143122,17535.65986000895,0,6,0.0,0.8571428571428571,0.20856325498436992,0.23922158520127346,0.05588146799200967,2,0.48539682539682544,1,0,0
62,123988.0,696596.0,590.2218759207209,60,5,4,8,21457.0,113,138961.7311126002,12676.732722100143,3,7,0.75,0.875,0.09339729860456938,0.10224160985014795,0.1544094178174383,2,0.5333333333333333,1,1,0
64,147693.0,1003943.0,665.6540413546855,30,1,1,4,19125.0,104,315780.8988028038,31879.163224612126,0,0,0.0,0.0,0.17817415111233198,0.21584748921487223,0.060564144546130454,1,0.5416666666666666,1,0,1
31,112421.0,850122.0,636.1666741611994,45,3,2,10,11010.0,9,213303.77428023698,34253.05013728876,2,9,1.0,0.9,0.15811382680596225,0.30468551371441954,0.05161652688590095,1,0.21750000000000003,1,0,0
64,156291.0,608123.0,651.7979829977055,90,6,2,10,11111.0,122,248392.38962166026,12884.727924983286,2,7,1.0,0.7,0.13244118856367304,0.08244062629955203,0.04473164422196573,3,0.605,1,0,0
26,62236.0,903396.0,627.5073478033764,120,1,5,9,16505.0,10,261563.19999086153,42625.433914140856,3,7,0.6,0.7777777777777778,0.3502303061342598,0.6848999600575367,0.06310138429479625,4,0.37111111111111106,1,0,0
46,42865.0,54651.0,659.9032234263103,120,1,1,9,11436.0,146,15500.580851601415,2668.9709718837644,0,3,0.0,0.3333333333333333,0.03013449366538632,0.06226457417202296,0.7377788038709859,4,0.6833333333333333,1,0,0
44,31993.0,404507.0,717.256288038544,60,6,3,11,5220.0,7,257125.89071133817,14523.353407314344,1,5,0.3333333333333333,0.45454545454545453,0.6697451804856744,0.4539540964371689,0.020301339493891037,2,0.48676767676767674,0,0,1
36,112394.0,1027142.0,671.6355662692004,120,5,5,9,21681.0,4,879828.728691196,16658.758298937282,4,8,0.8,0.8888888888888888,0.6523396331144574,0.14821750537339434,0.0246422960435174,4,0.45,0,1,0
22,125759.0,545248.0,549.4938761571229,0,3,1,7,20228.0,93,86891.4075644311,19434.86944996719,1,1,1.0,0.14285714285714285,0.057577991478695426,0.1545405851666059,0.2327963209135573,0,0.3857142857142858,1,0,0
58,64220.0,128722.0,627.7715604571059,15,2,0,4,18064.0,144,87423.74228854457,3033.6286882168306,0,2,0.0,0.5,0.11344303733071806,0.04723806739671178,0.20662579211467808,0,0.4958333333333333,1,0,1
37,144952.0,230439.0,573.6420453209223,15,6,5,4,22248.0,137,148494.48928838823,7568.510940492966,4,4,0.8,1.0,0.08536992089817562,0.05221391178109282,0.14982374165274642,0,0.45916666666666667,0,0,0
53,137745.0,1305947.0,697.0842158187237,60,5,6,9,15551.0,108,768929.6320928087,59276.267166942744,0,7,0.0,0.7777777777777778,0.465189076489654,0.4303333490648862,0.020224217341806145,2,0.6555555555555556,0,0,0
41,76341.0,527886.0,715.2322154837931,90,6,3,3,27850.0,32,353273.76791499165,9067.368183833865,2,0,0.6666666666666666,0.0,0.38563132077890827,0.1187745534356881,0.07883404466844408,3,0.5961111111111111,1,0,0
39,56683.0,82848.0,697.9583755297915,5,0,0,7,26589.0,171,44035.751771071475,1243.2238132859982,0,1,0.0,0.14285714285714285,0.0647397981920968,0.021932921921669603,0.603804838809796,0,0.44543650793650796,0,0,0
64,138255.0,1106768.0,624.8816924690428,5,3,3,6,29433.0,3,935427.3644875819,22509.40701047803,3,3,1.0,0.5,0.5638297376150241,0.16281079896190395,0.03146476265008894,0,0.1663888888888889,0,1,1
25,126767.0,819188.0,697.2797750391851,45,5,2,4,3243.0,62,220090.15011238304,13774.460222690843,0,1,0.0,0.25,0.14468154837377697,0.10865966870471687,0.014734871135051026,1,0.6169444444444445,1,0,0
57,45667.0,704510.0,647.0920020961787,180,0,4,5,3058.0,135,355892.804340328,17906.391959344066,2,5,0.5,1.0,0.6494346835795505,0.39210791073081364,0.008592474932636571,6,0.625,0,0,1
57,59330.0,1347630.0,600.3242185174823,0,3,0,0,14093.0,111,862185.086980447,42006.600428091864,0,0,0.0,0.0,1.2110021447559514,0.7080161878997449,0.01634567822247615,0,0.55,1,0,1
39,96726.0,504900.0,731.9350943796251,120,0,5,8,20776.0,142,419836.4989756456,23320.49247503263,4,7,0.8,0.875,0.3617060037077635,0.24109848928967012,0.0494859309533381,4,0.47583333333333333,1,1,0
33,100805.0,880109.0,737.261942760664,5,6,4,0,7172.0,137,453763.6653873539,14269.285676468397,2,0,0.5,0.0,0.3751166984006695,0.1415533522788393,0.0158055845962846,0,0.5847222222222223,0,0,0
21,44885.0,1130105.0,746.4226836758454,15,4,4,0,3454.0,169,997597.0132010509,32817.80412273367,4,0,1.0,0.0,1.8521351104694421,0.7311530382696596,0.00346231990903515,0,0.4625,0,0,0
66,171680.0,932204.0,637.4155979977281,60,1,3,3,1104.0,92,598812.5656671588,48640.31738241285,2,3,0.6666666666666666,1.0,0.2906631357113811,0.28331964924518205,0.0018436486862462439,2,0.39999999999999997,1,1,1
67,80961.0,351561.0,762.5553618885156,90,3,1,6,16642.0,147,237096.0443783582,13378.72651668831,0,2,0.0,0.3333333333333333,0.24404347399607856,0.16524902751557305,0.07019096435637986,3,0.6916666666666667,0,0,0
32,79771.0,1038335.0,645.4492424070353,120,0,6,3,29371.0,28,792930.146946273,49913.32146560018,4,1,0.6666666666666666,0.3333333333333333,0.8283400263945889,0.6257076063431596,0.03704109386320269,4,0.41222222222222216,0,1,0
22,27806.0,1127929.0,725.745092507696,0,5,1,10,13938.0,31,790045.154090242,38733.71784955077,1,5,1.0,0.5,2.3677298487444016,1.39299855605088,0.017642029607851942,0,0.28555555555555556,1,1,1
27,159869.0,227492.0,644.2361136763327,0,1,2,11,22020.0,8,123293.88277107934,4297.234865201409,2,1,1.0,0.09090909090909091,0.06426818351852628,0.02687972568291169,0.17859766847382605,0,0.14202020202020202,0,1,0
24,56093.0,289900.0,664.321248537796,45,4,6,4,1552.0,36,211471.26685341587,6516.245955965037,1,3,0.16666666666666666,0.75,0.3141676425065158,0.11616861205435682,0.007339058507063229,1,0.45083333333333336,0,1,1
61,177885.0,1028644.0,510.5175499827567,60,0,0,11,6485.0,20,181863.96531814823,46621.533793063805,0,10,0.0,0.9090909090909091,0.08519734909171105,0.2620880557273733,0.03565852085461408,2,0.3202020202020202,0,0,1
64,98354.0,222521.0,658.866074990816,15,1,0,1,20410.0,148,189048.38267275193,11029.097824082182,0,0,0.0,0.0,0.16017682950765597,0.11213674913152676,0.10796178053176093,0,0.5125,1,0,1
28,159725.0,1326514.0,686.376297674952,60,6,5,1,12073.0,89,1017916.964533174,44705.74039256919,5,0,1.0,0.0,0.5310778757933813,0.27989194172840315,0.011860495915339017,2,0.6144444444444445,1,0,0
57,47017.0,208872.0,651.2965267845312,15,2,2,4,794.0,79,131222.9737323244,7247.496004331532,2,1,1.0,0.25,0.23258072210109182,0.15414628760515414,0.006050769750269822,0,0.3463888888888889,0,1,0
29,44870.0,1462620.0,802.9331647659598,180,0,4,11,6780.0,115,294814.249411967,48273.614610225915,1,9,0.25,0.8181818181818182,0.547534078842521,1.0758550169428553,0.022997531542397653,6,0.6806818181818183,0,0,0
38,147780.0,1023695.0,598.6273740272306,5,4,4,6,23794.0,64,379988.3016685282,16107.354062642351,1,2,0.25,0.3333333333333333,0.21427589528833862,0.10899549372474185,0.06261771716529319,0,0.46444444444444444,1,0,0
50,150784.0,692425.0,640.5493134027251,60,1,5,8,20545.0,102,235577.62340431305,13031.711112540812,2,6,0.4,0.75,0.1301959665284519,0.08642635234866307,0.08721116930846774,2,0.46499999999999997,0,1,1
56,105981.0,439172.0,616.6589173009903,45,4,4,7,24282.0,0,150534.4316533094,24011.958802831843,1,7,0.25,1.0,0.11836589550116641,0.22656852457357302,0.161305288984802,1,0.3333333333333333,1,1,1
63,23208.0,549532.0,640.535611470317,0,5,2,5,10513.0,128,359436.1064840652,9166.493462659122,0,2,0.0,0.4,1.2906329228572948,0.394971279845705,0.02924859192037256,0,0.5766666666666667,0,1,1
23,170883.0,1135344.0,752.1989144058493,60,4,3,11,27866.0,156,916340.4344764049,32878.157015453995,0,1,0.0,0.09090909090909091,0.4468654159456104,0.1924015672445708,0.03041009536583702,2,0.6909090909090909,0,0,0
30,81714.0,1142298.0,783.4622256028874,5,1,5,11,27595.0,7,755313.3522614801,48693.2504021665,4,10,0.8,0.9090909090909091,0.7702814616237528,0.5958985045667389,0.03653450573510708,0,0.0977020202020202,1,1,1
34,169629.0,352554.0,630.9445172356741,45,1,2,5,11025.0,14,155677.1998042446,11279.343946113748,2,2,1.0,0.4,0.07647925757793213,0.06649419583982542,0.07081961914694845,1,0.21194444444444444,1,1,1
36,159058.0,837167.0,629.3894720093758,60,1,1,8,6226.0,24,734134.6101627994,45463.65354811626,0,5,0.0,0.625,0.38462626325135035,0.2858306627023869,0.008480733524631596,2,0.39083333333333337,1,0,1
69,155941.0,1489758.0,599.0009945984259,0,4,3,7,28854.0,109,1187242.9247426465,24297.278991670475,2,7,0.6666666666666666,1.0,0.6344509166622027,0.1558107168202748,0.02430336656354853,0,0.38333333333333336,1,1,0
59,129577.0,423091.0,771.4399770563513,5,4,6,7,10494.0,137,280959.42017908354,21147.085993875447,1,7,0.16666666666666666,1.0,0.1806901303080302,0.16320092295604505,0.037350589609386024,0,0.46805555555555556,0,0,0
36,127066.0,1055436.0,758.4703084841412,15,3,0,1,14883.0,148,472940.0659528984,21520.09816206583,0,1,0.0,1.0,0.3101669381482185,0.16936157714940134,0.031469103743649085,0,0.47916666666666674,0,1,0
68,104303.0,299628.0,672.5812740007849,180,2,1,2,27954.0,140,198614.5864033104,6949.237337609291,0,1,0.0,0.5,0.15868398352501079,0.06662547901411552,0.14074494983583985,6,0.8166666666666668,0,0,0
45,22014.0,1259421.0,582.2730562585184,5,0,6,11,8071.0,103,574291.3599563206,45505.59008666962,4,8,0.6666666666666666,0.7272727272727273,2.173962629676269,2.0671204727296093,0.014053841939418806,0,0.2869949494949495,1,1,1
45,80833.0,296833.0,588.5336204180624,180,5,5,2,26540.0,126,79073.41811675939,14799.55521274253,0,1,0.0,0.5,0.08151932391139695,0.18308803598459206,0.33563744469489326,6,0.9166666666666666,0,0,1
42,136347.0,481546.0,691.9440615269215,45,4,0,7,4823.0,50,295729.9324927806,15199.15328631536,0,4,0.0,0.5714285714285714,0.1807458986341104,0.111474057267966,0.016308798907657882,1,0.5248015873015872,0,0,0
28,149592.0,715806.0,718.4536542912549,180,4,1,10,8795.0,134,482150.25328641676,19142.7677634002,0,3,0.0,0.3,0.268591821580486,0.12796652069228434,0.01824120165871906,6,0.9033333333333333,1,0,0
66,108649.0,587451.0,535.3698636485196,120,0,4,7,11650.0,32,242016.76730041153,18250.269861934925,4,6,1.0,0.8571428571428571,0.18562585888228111,0.1679745774184293,0.048137160618871674,4,0.3187301587301587,0,1,0
21,132948.0,296680.0,657.5083062623482,15,2,5,2,14492.0,173,251282.2824363611,5569.791119421508,2,2,0.4,1.0,0.15750662065642274,0.04189450852529942,0.057672191845321186,0,0.38583333333333336,1,1,0
29,21522.0,979430.0,793.2807122690168,60,2,5,10,7295.0,7,774430.0816384677,47531.12374710835,0,10,0.0,1.0,2.9985986495929273,2.208490091399886,0.009419830366823964,2,0.34888888888888886,1,0,0
32,93881.0,78592.0,664.77435553588,90,4,6,0,26511.0,169,46144.46025787048,4056.023402233092,6,0,1.0,0.0,0.04096006314542744,0.04320387940300052,0.5745218353806237,3,0.6083333333333333,0,1,1
34,100251.0,1476107.0,784.2746663553437,0,5,3,8,19941.0,82,288101.8709698363,62042.23394744764,2,2,0.6666666666666666,0.25,0.23948378816656551,0.6188689783388459,0.0692151006616954,0,0.4738888888888889,0,0,0
27,162582.0,125528.0,725.4332290268978,60,6,6,3,20119.0,116,20450.00222072948,4115.65955952515,5,3,0.8333333333333334,1.0,0.010481891302404059,0.025314361734541033,0.9838140740936472,2,0.5416666666666666,0,0,1
21,68390.0,534100.0,604.1004279415249,45,3,4,7,21952.0,28,336437.4475439959,21132.21764289202,3,1,0.75,0.14285714285714285,0.40994961196080804,0.3089957251482968,0.06524838468562373,1,0.37293650793650795,0,1,0
54,55251.0,1398332.0,659.51300946537,0,2,3,5,19118.0,57,1063227.9029813898,51842.70065977694,1,3,0.3333333333333333,0.6,1.6036329704159047,0.9383124406757696,0.01798109318462331,0,0.33333333333333337,1,0,0
68,75085.0,274869.0,670.9914033018708,120,2,4,6,19308.0,155,144378.96223340736,4689.871528312641,3,1,0.75,0.16666666666666666,0.1602394644218856,0.06246083143520865,0.13373139480519403,4,0.6208333333333333,1,1,0
26,45603.0,155793.0,613.3241902334546,15,5,3,4,19816.0,2,26113.391094974126,4794.818308361976,1,3,0.3333333333333333,0.75,0.047718701063113766,0.10514260702940544,0.7588443771216622,0,0.32527777777777783,1,1,0
35,108464.0,1128679.0,612.1092384032341,120,2,4,6,21616.0,34,291900.83803816634,46584.13463537444,3,5,0.75,0.8333333333333334,0.22426860374422722,0.42948936638308044,0.07405254519061602,4,0.42972222222222217,1,1,1
45,122134.0,156112.0,785.4738014482992,5,2,5,11,27629.0,113,48150.20090024244,7635.744391142422,5,9,1.0,0.8181818181818182,0.03285339661099178,0.06251939993075165,0.5738086131196368,0,0.2945707070707071,1,1,0
66,147781.0,1354418.0,611.5847566214934,45,5,6,9,5896.0,144,840845.4490130183,39764.2494707975,5,2,0.8333333333333334,0.2222222222222222,0.4741506288658095,0.26907552033615617,0.007011990142684017,1,0.5569444444444445,0,0,0
55,175463.0,704223.0,755.4905253486077,30,3,4,5,15515.0,77,362354.1731485224,33641.35556661167,2,4,0.5,0.8,0.17209429392926257,0.19172905721782754,0.04281722455460913,1,0.42444444444444446,1,0,1
58,29924.0,1310531.0,649.4460865144489,180,3,0,11,5529.0,15,297038.5275835302,59336.437996922505,0,1,0.0,0.09090909090909091,0.8272026009878641,1.9829046249472833,0.018613746994302585,6,0.7242424242424242,0,0,1
49,58055.0,405395.0,678.205246908178,180,5,4,10,5453.0,26,213341.47142470186,21150.43232329766,0,8,0.0,0.8,0.306234707640315,0.3643171531013291,0.025559962456360098,6,0.7444444444444445,0,0,0
41,66715.0,254647.0,719.3291092767001,90,2,1,7,28494.0,160,204257.35424219407,13897.929157976583,0,3,0.0,0.42857142857142855,0.25513671868169835,0.20831790688715557,0.13950048509006835,3,0.6488095238095238,0,0,1
30,58446.0,1445906.0,638.1008928966725,120,0,1,7,14181.0,38,693075.1669951899,24102.22678370315,0,1,0.0,0.14285714285714285,0.988198746129176,0.4123845392961563,0.020460984140409148,4,0.5534920634920635,1,0,0
63,152019.0,1155153.0,719.7533019446173,90,5,6,0,21126.0,104,303021.8135809459,37541.11858327773,4,0,0.6666666666666666,0.0,0.16610961655064274,0.24695017453922027,0.06971775315560454,3,0.6916666666666668,0,0,0
60,40598.0,1370929.0,536.7499210316132,15,3,3,6,21866.0,168,799945.188554858,62983.779031170445,0,6,0.0,1.0,1.6420045087501396,1.5514010303751526,0.027334372795593722,0,0.47916666666666674,0,0,1
22,22817.0,513837.0,710.7795171890245,180,2,5,2,952.0,67,435240.21432652493,24626.4925041379,2,2,0.4,1.0,1.589605025224339,1.0793045757171362,0.002187297884394921,6,0.6555555555555556,1,1,0
56,157411.0,636877.0,507.20289127998547,45,0,2,1,14764.0,11,150897.072004767,11663.872958336515,1,0,0.5,0.0,0.0798848619244986,0.07409820761151707,0.0978415273659756,1,0.28694444444444445,1,1,1
25,173765.0,886972.0,664.120729131108,30,6,4,10,5409.0,146,237092.769933401,34825.73504224295,2,4,0.5,0.4,0.11370374257061788,0.20041858281151528,0.022813854684473847,1,0.5933333333333333,1,0,0
57,54676.0,700660.0,739.7970089722944,5,5,4,3,9397.0,141,402972.0105401438,35690.29100153754,2,2,0.5,0.6666666666666666,0.614181741135879,0.6527597300742106,0.023319237451266798,0,0.4847222222222222,1,0,1
61,71922.0,401862.0,723.5606714240863,90,1,6,7,5646.0,117,162753.12083072873,9677.786499310494,1,1,0.16666666666666666,0.14285714285714285,0.1885759582495953,0.1345594741429673,0.03469057902657435,3,0.6190476190476191,1,0,1
27,99514.0,593914.0,589.1112664726642,15,4,1,10,19989.0,162,488001.5886576429,17160.76664098686,1,5,1.0,0.5,0.4086540492272803,0.17244575276832266,0.040960932227667946,0,0.41250000000000003,0,1,1
42,103203.0,932697.0,598.1234922734538,60,3,3,7,3960.0,139,638499.1112538127,28721.3950190982,1,0,0.3333333333333333,0.0,0.515568920197582,0.27830000115401876,0.006202044654727549,2,0.6166666666666667,1,1,1
27,178521.0,104905.0,631.7929571774156,0,2,2,9,13506.0,123,27308.434730552606,3229.1343196799116,2,0,1.0,0.0,0.012747536111789186,0.01808826031492044,0.494572469394942,0,0.3666666666666667,1,0,0
48,83472.0,537117.0,693.0351103650694,60,2,3,9,9172.0,60,431325.78578698135,20124.83444984462,1,2,0.3333333333333333,0.2222222222222222,0.4306092519916672,0.24109682827588438,0.02126466884715715,2,0.4944444444444444,0,0,0
66,19966.0,474627.0,537.7646766969408,60,0,5,5,28884.0,11,299830.90868167626,8273.819849732141,5,4,1.0,0.8,1.2514228717222455,0.4143954647767275,0.0963342976446284,2,0.1611111111111111,1,1,1
24,86486.0,151966.0,679.0743496906009,45,6,0,11,23640.0,130,79056.62690850015,7015.904129968986,0,6,0.0,0.5454545454545454,0.07617478253561286,0.08112184781316036,0.29902616547706806,1,0.6829545454545454,0,0,1
40,108150.0,227876.0,701.8000561660045,60,6,3,10,10564.0,152,78026.98283718566,4538.1694944424635,3,3,1.0,0.3,0.06012250180088277,0.04196180762313882,0.13538906178191307,2,0.5866666666666666,1,1,1
68,101736.0,768735.0,660.1873973390311,180,6,2,4,8801.0,125,489901.71313063183,36540.0029656326,0,1,0.0,0.25,0.4012851179610559,0.3591649265317351,0.01796482797285753,6,0.9750000000000001,0,0,1
35,100990.0,198436.0,716.7724677637136,120,2,6,9,21524.0,117,163484.3512183881,3112.225467300557,2,8,0.3333333333333333,0.8888888888888888,0.1349014351407632,0.030817164742059183,0.13165786107104216,4,0.611111111111111,1,1,1
27,167463.0,550111.0,695.6606910828343,30,6,1,2,18946.0,129,98391.30928307514,25569.730978834814,1,1,1.0,0.5,0.04896171556457005,0.15268883860216773,0.1925576571553867,1,0.5083333333333334,0,1,0
44,148806.0,863249.0,642.0842018420773,120,1,1,1,16652.0,49,372373.2494895458,25216.09444590829,0,1,0.0,1.0,0.20853395779826633,0.1694561673985477,0.044718572085472794,4,0.5255555555555556,0,0,1
45,58776.0,1317072.0,544.4667447818357,180,5,0,6,2165.0,21,1121809.008776661,54308.58348718222,0,6,0.0,1.0,1.5905145648686836,0.9239925052263207,0.0019299185360981764,6,0.7133333333333333,0,0,0
53,75555.0,193209.0,689.3389157099576,5,0,3,7,2326.0,113,84467.51334150738,4282.840898764854,2,5,0.6666666666666666,0.7142857142857143,0.0931633835633064,0.05668507575626833,0.027537214107343708,0,0.2882936507936508,1,1,1
36,126148.0,680233.0,613.2847244339016,30,2,0,7,19090.0,169,120335.07219929695,24815.161636829485,0,0,0.0,0.0,0.07949331486250076,0.19671466560571302,0.15864036686148705,1,0.575,0,0,1
67,84475.0,199250.0,639.5160162596918,90,4,3,9,14092.0,24,45047.0562692885,5372.667561486444,1,9,0.3333333333333333,1.0,0.04443825221395729,0.06360068140262141,0.31282843246757125,3,0.46166666666666667,0,0,1
46,87401.0,671430.0,713.5386952574161,45,6,1,4,24886.0,12,448562.2575132467,10176.855584090352,1,0,1.0,0.0,0.42768604622491607,0.11643866299115974,0.05547947822887234,1,0.4141666666666667,1,1,0
35,45205.0,746744.0,779.2133368404046,5,1,2,9,874.0,127,504119.6926713219,32860.948079025075,2,7,1.0,0.7777777777777778,0.92932141111109,0.7269317128420545,0.0017337152519646445,0,0.2652777777777778,0,1,0
68,59207.0,1208934.0,677.3357913590594,45,3,4,10,5582.0,76,285651.494012692,24477.32964042721,0,2,0.0,0.2,0.402051973039072,0.4134195220231934,0.019541294608989446,1,0.5863888888888888,1,1,1
66,138012.0,691309.0,718.784538551211,30,5,4,1,23694.0,162,217355.85077047272,36354.67428360325,1,1,0.25,1.0,0.13124212071563385,0.2634167629162917,0.10901017808359256,1,0.5375000000000001,1,1,0
45,154554.0,1406495.0,578.8864461192977,90,3,0,5,29374.0,84,805787.6016610803,51687.25684824894,0,4,0.0,0.8,0.43446929102507875,0.33442846415006366,0.03645377508843193,3,0.6316666666666667,0,0,0
22,145122.0,249570.0,697.1866506696524,45,4,1,2,22035.0,93,165939.02775942752,3760.2643655371794,1,2,1.0,1.0,0.09528708475135146,0.025911056666371602,0.13278973787857523,1,0.42083333333333334,0,0,0
50,67869.0,127081.0,675.8065843625986,5,2,2,7,382.0,11,34005.94590535895,6709.485341627981,0,2,0.0,0.2857142857142857,0.041754391923360876,0.09885935171621774,0.011233329637797286,0,0.3222619047619048,1,0,1
48,40139.0,56451.0,766.0459306438328,0,0,3,4,1515.0,171,27790.079684450346,1146.5959041619285,1,3,0.3333333333333333,0.75,0.05769550745420154,0.02856563203273446,0.05451585663670129,0,0.32500000000000007,0,0,1
28,43870.0,567281.0,642.167906677987,15,1,6,3,26348.0,59,324216.06707090215,27432.374472580297,4,0,0.6666666666666666,0.0,0.6158651832514668,0.6253105646815659,0.08126679296938732,0,0.3436111111111111,1,0,1
52,81740.0,329812.0,663.085366798634,5,3,0,3,14990.0,78,61766.41647106506,9291.171298466574,0,3,0.0,1.0,0.06297041072411004,0.11366737580702928,0.24268851677710943,0,0.4330555555555555,1,1,0
62,101876.0,182797.0,754.1170126992956,120,0,0,4,14904.0,113,58096.06146361152,6895.556399428318,0,0,0.0,0.0,0.04752187419314618,0.0676857787842899,0.2565406264129475,4,0.6833333333333333,1,0,0
26,162650.0,392043.0,673.5576345323745,15,1,4,1,28846.0,154,328991.4312281296,18986.254424704897,1,1,0.25,1.0,0.16855796251056954,0.11673073731758314,0.08768009516940146,0,0.375,0,1,0
56,163610.0,1463730.0,602.3811033098912,60,6,6,1,7438.0,143,1185601.049073894,24892.67014016075,6,0,1.0,0.0,0.6038756030977599,0.15214638555198795,0.006273611182960768,2,0.6166666666666666,0,0,1
27,18438.0,1210360.0,850.0,5,0,5,7,8539.0,139,474294.4985795148,51080.00034376525,3,2,0.6,0.2857142857142857,2.1436458156141067,2.7703655680532187,0.018003582216479047,0,0.34115079365079365,1,0,0
57,132624.0,76931.0,604.4985065664287,30,1,3,11,20584.0,19,61620.408584661775,1611.1885713673664,1,8,0.3333333333333333,0.7272727272727273,0.0387187390571979,0.012148544542219858,0.334045172253591,1,0.26116161616161615,1,1,1
41,66398.0,1377385.0,675.4709942915333,180,4,0,6,27129.0,15,860058.47626823,60130.89516169156,0,6,0.0,1.0,1.079423170713262,0.905613048008849,0.031543204036209235,6,0.6666666666666666,1,0,0
21,50043.0,347619.0,704.268170921793,60,3,4,11,10975.0,149,308065.738743397,7448.835665738357,1,8,0.25,0.7272727272727273,0.5130017164295323,0.1488487034298175,0.03562551306343616,2,0.5564393939393939,0,0,1
68,107916.0,638619.0,698.733225632178,15,1,3,1,4532.0,164,558577.1832300118,10139.830675727257,1,0,0.3333333333333333,0.0,0.4313363968503372,0.09396040138373603,0.008113471398515405,0,0.4625,1,0,0
29,23493.0,525072.0,666.7179407195521,90,0,3,11,1686.0,112,321713.3732654409,11140.728466736618,0,3,0.0,0.2727272727272727,1.1411674870012376,0.47421480725052645,0.005240689819284903,3,0.5977272727272728,0,0,1
50,72123.0,637288.0,667.0667740631584,45,6,3,7,198.0,163,319204.541627555,25510.327342901342,0,5,0.0,0.7142857142857143,0.3688196340829266,0.35370585448333186,0.0006202919262690963,1,0.6660714285714285,0,0,0
29,107460.0,1153049.0,663.5547693598431,15,3,3,8,11229.0,57,295999.90272836125,62759.38667686119,3,4,1.0,0.5,0.2295427001739882,0.5840255599931248,0.03793582327729628,0,0.30583333333333335,1,0,1
66,62071.0,1083097.0,601.884629898604,180,4,5,0,15915.0,63,593280.4889998063,58275.9037399204,4,0,0.8,0.0,0.7965078821024933,0.9388587865496029,0.0268254228734719,6,0.7533333333333333,0,0,0
57,114129.0,911354.0,830.515345009591,180,0,1,7,14680.0,30,408946.4186272587,40853.85833709869,0,1,0.0,0.14285714285714285,0.29859955155077345,0.35796211600118016,0.035897123269296415,6,0.6523809523809524,1,0,1
60,92526.0,959036.0,664.6006357600636,60,1,0,4,7177.0,142,608225.587432408,46017.633676790036,0,3,0.0,0.75,0.5477970042946559,0.4973481364890953,0.011799898176427145,2,0.525,0,0,1
42,147504.0,1104913.0,721.7851694976167,0,0,0,10,20297.0,120,239896.67451453296,55199.88581024608,0,4,0.0,0.4,0.1355311689369627,0.37422636545616444,0.08460725869199327,0,0.41,1,0,0
43,47406.0,317003.0,656.5742999622876,30,6,2,9,26376.0,40,246054.02608598256,11454.634122423678,1,9,0.5,1.0,0.43252968345424375,0.24162836186186723,0.10719597000531507,1,0.4222222222222223,1,1,1
52,27250.0,623720.0,655.1665429351161,45,5,3,10,6986.0,179,545964.488034456,15059.157820556804,1,0,0.3333333333333333,0.0,1.6696161713591928,0.5526296447910753,0.0127957040304041,1,0.6541666666666667,1,0,0
59,103799.0,206149.0,648.1189436131244,180,3,5,10,20217.0,5,63292.28658774967,8543.603998817407,4,8,0.8,0.8,0.05081317946845158,0.08230911664676352,0.31942280947569734,6,0.5111111111111111,0,1,0
62,59616.0,1071048.0,571.5107948407524,90,4,3,8,16349.0,138,668963.44458631,22131.82953274794,2,7,0.6666666666666666,0.875,0.9351005387064854,0.3712397600098621,0.024439302524385764,3,0.5708333333333333,1,1,1
21,132484.0,684537.0,668.7565201915461,15,1,3,2,20606.0,37,514397.9464028848,33059.32177254814,3,2,1.0,1.0,0.32355979237925886,0.24953444772612646,0.040058480295450186,0,0.14472222222222222,1,1,1
53,33112.0,974053.0,651.5094641976399,45,6,6,3,438.0,141,551125.9710383458,30666.73522100459,4,2,0.6666666666666666,0.6666666666666666,1.3870247720824924,0.926151703944328,0.0007947366355731495,1,0.5708333333333333,1,1,1
26,111197.0,869001.0,762.0067156429344,5,3,5,10,20198.0,87,740021.8521543335,22298.27978846375,1,10,0.2,1.0,0.5545876928291932,0.20052950878588227,0.02729378861070126,0,0.4230555555555556,1,0,1
35,178353.0,446767.0,596.230991769084,45,3,4,7,22420.0,42,238528.8725294571,21774.673098055962,3,2,0.75,0.2857142857142857,0.11144979924151219,0.12208750678741576,0.09399281421259074,1,0.38976190476190475,1,0,0
61,33083.0,251126.0,639.5996975711602,45,6,2,10,20368.0,10,88625.01323494615,4883.8232679698895,2,4,1.0,0.4,0.22323905841607006,0.1476233493930384,0.22982225058747408,1,0.3697222222222222,0,1,1
33,66894.0,1460764.0,617.1091673272142,45,0,1,9,25214.0,111,735787.0383342674,78871.11293008791,1,9,1.0,1.0,0.9166081640783272,1.179046146591442,0.034268067642345856,1,0.2875,1,1,0
60,154794.0,475246.0,780.9771275808266,30,2,6,7,22413.0,28,245179.26471456623,25195.86658441326,4,0,0.6666666666666666,0.0,0.13199223091903123,0.16277030494988992,0.09141474515021837,1,0.3372222222222222,0,0,0
43,104437.0,208867.0,619.141408860173,30,0,3,1,29547.0,80,71074.01456276726,8219.234564479117,1,1,0.3333333333333333,1.0,0.056712032583253746,0.07870040851881151,0.4157215570524203,1,0.33611111111111114,1,1,0
32,46346.0,493617.0,719.3609891308296,120,2,0,11,20096.0,171,365382.5069774232,21464.98048329609,0,8,0.0,0.7272727272727273,0.6569831754222285,0.4631463445237149,0.054999896317536955,4,0.6772727272727272,0,0,1
37,52527.0,1358506.0,747.9113031384186,45,1,3,2,13387.0,159,833185.2627424141,22396.299152776635,2,1,0.6666666666666666,0.5,1.3218364884446954,0.4263768947927092,0.01606725490551397,1,0.4208333333333333,1,1,1
47,141899.0,428882.0,669.7713962009215,0,3,0,2,25028.0,88,183465.5736581521,13931.511812269524,0,0,0.0,0.0,0.10774422515201663,0.09817906970640754,0.13641796387715874,0,0.5455555555555556,1,1,0
58,157464.0,1480845.0,583.6232299341672,90,4,6,1,20843.0,131,690432.387731313,74611.87898154759,0,1,0.0,1.0,0.36539165975043664,0.473834520789181,0.03018832889414106,3,0.6583333333333333,0,1,0
50,76411.0,718103.0,584.5092298865417,60,1,3,0,16743.0,148,307905.216271261,11102.50875295375,2,0,0.6666666666666666,0.0,0.33579940090569527,0.14529987505665087,0.05437712359263705,2,0.5,0,0,0
66,94760.0,1299632.0,740.1834845357256,90,0,5,4,17358.0,109,631522.2542498226,34602.438304282354,0,2,0.0,0.5,0.5553699295147588,0.36515869886325825,0.027485967253235363,3,0.5750000000000001,1,0,0
63,144807.0,996942.0,591.7584186840099,90,1,3,10,10520.0,37,544401.0354713391,29064.474653201407,1,0,0.3333333333333333,0.0,0.3132911596535038,0.20071180711706899,0.01932398969611042,3,0.4905555555555555,0,1,1
57,46662.0,113704.0,707.4418627741939,5,5,0,10,18409.0,146,45276.390332164076,4775.930204830135,0,8,0.0,0.8,0.08085878290001157,0.1023515966917435,0.40659160027875185,0,0.5463888888888889,0,1,0
50,51416.0,788615.0,688.0044376874417,180,4,4,5,14005.0,15,602200.2784838303,34063.08871160692,2,4,0.5,0.8,0.9760260724350239,0.6624997804498001,0.023256382470065645,6,0.6116666666666666,1,0,0
35,143457.0,654551.0,706.399273901772,180,6,4,3,3934.0,94,553930.3740847772,11525.062165992113,2,2,0.5,0.6666666666666666,0.32177491866597496,0.08033809549894472,0.0071019755984673884,6,0.8583333333333333,1,1,1
41,48239.0,342112.0,713.0109365492121,5,6,1,4,13207.0,140,185458.9920371779,8108.263679395908,0,0,0.0,0.0,0.32038218045768274,0.16808523558522998,0.0712125082473891,0,0.6597222222222222,0,0,1
26,142871.0,847481.0,614.6430450907469,5,1,5,11,28495.0,102,579271.9889554103,40695.94608416769,3,4,0.6,0.36363636363636365,0.33787588626302184,0.2848439927218798,0.04919105453620236,0,0.36669191919191924,0,1,0
39,98518.0,199261.0,611.7130274689681,15,5,1,0,9975.0,62,168954.27576061245,4517.786869808505,1,0,1.0,0.0,0.14291320347602507,0.04585747649981227,0.05903964226471164,0,0.43361111111111117,0,1,0
66,178385.0,1062534.0,730.0448993870282,180,0,4,0,20321.0,74,312336.79793753556,28116.08766833853,4,0,1.0,0.0,0.14590950189082394,0.15761464062751088,0.06506117797898411,6,0.6144444444444445,0,0,0
41,23335.0,1241712.0,635.9458772604922,180,0,5,0,12464.0,82,362942.36456743354,26684.10873177644,3,0,0.6,0.0,1.296130149872986,1.1435229797204387,0.03434154074257768,6,0.6922222222222222,1,1,0
26,171244.0,184192.0,487.4896055596396,15,5,0,10,8569.0,133,37659.57812090513,8320.441744723528,0,5,0.0,0.5,0.01832647086462646,0.048588223498186964,0.2275383960088305,0,0.5958333333333334,1,0,0
52,54498.0,744991.0,725.4128708518706,60,2,2,1,11549.0,178,358770.7128472684,11982.62769893835,1,1,0.5,1.0,0.548599203712779,0.21987279714738797,0.03219047594031596,2,0.4583333333333333,0,1,1
68,23683.0,999930.0,607.4617098351862,15,6,1,11,28774.0,140,398332.7124492334,27074.625721416724,0,7,0.0,0.6363636363636364,1.4016126632649066,1.1432092944904244,0.07223609585835153,0,0.6155303030303031,0,0,0
63,135289.0,140101.0,712.6995114533677,0,0,5,2,3334.0,56,79913.6859626243,5084.630363940516,5,0,1.0,0.0,0.0492240598290969,0.03758347215176781,0.04172001278428472,0,0.22444444444444445,1,1,1
34,104269.0,614524.0,777.4975294521878,15,3,1,6,20036.0,20,300073.00357138505,9365.847833449487,1,5,1.0,0.8333333333333334,0.23982280093746708,0.08982389620548281,0.06677041840331228,0,0.1902777777777778,1,1,1
43,153656.0,424276.0,681.1733720083363,0,2,4,11,24916.0,85,124162.43282212425,22554.276491009383,0,0,0.0,0.0,0.06733788073256942,0.1467842224905593,0.2006726143623071,0,0.5055555555555555,0,0,1
47,35553.0,106922.0,749.7036082164472,120,6,2,1,5557.0,154,47407.63621968994,5321.675394935504,2,1,1.0,1.0,0.11111963411360022,0.14968287893948484,0.11721740299913953,4,0.6333333333333333,1,1,1
33,31087.0,1215848.0,690.7658376375341,120,4,0,3,22693.0,114,208727.81967018163,49719.24583622307,0,1,0.0,0.3333333333333333,0.5595260067718061,1.5993581187063104,0.10872053392718818,4,0.7833333333333333,1,0,1
34,109894.0,694774.0,791.1200529698804,5,5,6,8,19100.0,57,384236.817468038,22625.47752448576,0,7,0.0,0.875,0.2913692721076962,0.20588455715949697,0.04970892723362929,0,0.46555555555555556,1,0,1
32,160896.0,1140003.0,605.6525023870025,60,2,4,9,10126.0,16,402757.4864987529,24182.05866294936,3,0,0.75,0.0,0.20860135662102275,0.15029620787930936,0.025141680389425495,2,0.35638888888888887,0,1,0
69,83733.0,901259.0,679.4249513708457,5,6,1,10,5300.0,45,211137.15819614663,33477.78276280346,0,7,0.0,0.7,0.2101293777006941,0.39981587621133197,0.025102166029327223,0,0.4897222222222223,0,1,0
57,147197.0,1319934.0,727.1213123529027,60,5,6,0,28353.0,128,263185.13539593574,32428.55943317619,3,0,0.5,0.0,0.14899824464036615,0.22030720349719213,0.10773024835671569,2,0.6583333333333333,0,0,0
62,164805.0,1495658.0,666.6711770092968,180,5,4,9,5911.0,120,1025777.1178945015,60605.10089206291,3,9,0.75,1.0,0.5186822395631714,0.36773824151004464,0.005762460379436862,6,0.7541666666666665,0,0,0
61,158888.0,923027.0,760.6553297656869,120,3,5,3,28480.0,81,309680.5318147508,19220.600759674147,1,3,0.2,1.0,0.16242076799105387,0.12096949272238398,0.09196574235101282,4,0.6333333333333333,0,0,0
67,100404.0,560645.0,649.7572322342454,120,6,1,6,19445.0,60,361110.17302996985,24491.64792445476,0,3,0.0,0.5,0.2997142984260005,0.24393099801257678,0.05384783219160704,4,0.7666666666666667,0,0,1
26,131145.0,663213.0,824.8559806140222,15,4,0,10,25701.0,31,505123.8365113608,18514.390947062777,0,4,0.0,0.4,0.3209703232499401,0.1411749662363245,0.05088059232663426,0,0.4413888888888889,1,0,0
64,103157.0,1246838.0,828.5538252990572,5,0,0,10,8889.0,175,654576.623684019,43738.16549702085,0,9,0.0,0.9,0.5287867228948908,0.42399609815156364,0.013579770004574667,0,0.36972222222222223,0,1,0
24,127212.0,668620.0,699.745039735911,5,6,3,2,881.0,77,167014.24952736104,14357.293515641368,2,1,0.6666666666666666,0.5,0.10940677080212627,0.11286115708927906,0.005274999004535062,0,0.48083333333333333,0,1,0
44,109868.0,803620.0,718.6820826248231,5,0,5,5,19662.0,138,490940.21798953216,20292.26738322152,5,5,1.0,1.0,0.3723712530715132,0.1846967941823053,0.04004968279135614,0,0.20972222222222223,0,1,1
50,103065.0,331300.0,763.4170004937246,60,4,6,3,11136.0,82,67487.67707869515,10935.70624837756,0,0,0.0,0.0,0.054567244844430825,0.10610494589218028,0.16500790191688888,2,0.6822222222222222,1,0,0
38,88762.0,1485594.0,596.8961820722843,60,1,6,7,16507.0,102,1133296.745946401,49510.764962449444,2,3,0.3333333333333333,0.42857142857142855,1.0639845372516776,0.5577923544134815,0.014565470216907067,2,0.5071428571428571,0,0,1
28,123751.0,993658.0,588.1599989795546,120,6,4,9,13720.0,115,716581.5944171206,54642.35796213399,2,3,0.5,0.3333333333333333,0.4825426288926423,0.4415508396872267,0.019146458835800934,4,0.7749999999999999,1,1,0
30,139678.0,528802.0,767.9493239700345,0,5,4,3,9645.0,64,238787.17490823314,15026.891399017804,1,1,0.25,0.3333333333333333,0.14246288780160626,0.10758237803389084,0.04039161652507766,0,0.4880555555555556,0,0,1
61,166895.0,898349.0,699.17919310111,15,5,2,1,21561.0,168,316058.4412718729,16507.264661421064,2,1,1.0,1.0,0.15781301680291646,0.09890808389359217,0.06821839629795955,0,0.39583333333333337,0,1,1
36,117343.0,631651.0,664.1446327814148,90,4,0,0,15025.0,82,430890.7352046632,22719.693569511393,0,0,0.0,0.0,0.30600514105703164,0.1936178005463589,0.03486962882333376,3,0.7405555555555555,1,0,0
36,34284.0,274553.0,680.7786312016813,90,3,1,0,19044.0,137,157979.81600455617,7652.623876298609,1,0,1.0,0.0,0.38399791935148603,0.22321269035989408,0.12054704506967376,3,0.5750000000000001,1,1,0
66,113171.0,1318384.0,512.9770969345152,30,6,0,4,20165.0,164,341222.98910415714,66065.62810084451,0,4,0.0,1.0,0.2512591484745482,0.5837681747165308,0.05909625272594017,1,0.6083333333333334,0,0,0
28,69153.0,1334211.0,666.66063798801,5,2,4,11,20351.0,68,959818.4582274002,31236.450528945123,2,7,0.5,0.6363636363636364,1.156636321185632,0.4517005846303866,0.02120296794206727,0,0.33886363636363637,0,0,1
65,22343.0,1260595.0,627.2867282564744,45,3,3,3,9909.0,42,504844.82386058365,62054.70908009854,0,0,0.0,0.0,1.882934341332049,2.7773669193975086,0.019627813402592075,1,0.5308333333333333,0,1,1
66,29737.0,584278.0,744.2650143530558,5,2,5,4,23016.0,174,479333.26895183005,24272.71466853644,0,2,0.0,0.5,1.343257190682287,0.8162462477229189,0.04801669629635694,0,0.4763888888888889,0,0,0
50,113790.0,421782.0,749.6521544868805,45,0,1,8,6586.0,141,325658.4194579271,9498.352807953332,0,4,0.0,0.5,0.23849373074517907,0.08347264968761167,0.020223644182031864,1,0.4875,1,0,0
29,171058.0,122121.0,720.3676163890938,180,6,6,7,28453.0,142,43580.08602524745,3811.382541287594,0,5,0.0,0.7142857142857143,0.02123065764499344,0.0222812294150966,0.6528899457315479,6,0.9285714285714286,1,1,0
28,99902.0,1110730.0,707.6821054159399,5,3,5,3,24279.0,170,379247.9890306191,38539.3329211403,3,1,0.6,0.3333333333333333,0.3163500138724442,0.38577138516886855,0.06401879694091088,0,0.43638888888888894,0,1,0
34,90133.0,525427.0,575.1857275895812,5,0,6,1,16545.0,5,235610.46765944528,18848.097525499034,6,1,1.0,1.0,0.21783592733279827,0.20911428140080807,0.0702218376134051,0,0.020833333333333332,1,1,1
49,32363.0,1343719.0,721.3450155997812,90,5,4,1,5409.0,170,1012307.3379495937,41499.14407349271,3,1,0.75,1.0,2.6066478642008715,1.2823021374252297,0.0053432389524665615,3,0.5791666666666667,0,0,1
28,127405.0,1311292.0,724.0578561866369,0,6,2,2,27121.0,20,325188.02084038645,50334.090887640086,0,1,0.0,0.5,0.21269967220045424,0.3950715504700764,0.08340098116133228,0,0.4444444444444445,0,0,1
43,26986.0,235861.0,767.1634857638111,180,4,4,1,16634.0,26,91287.23597029054,10299.967940123479,0,1,0.0,1.0,0.28189689706480686,0.3816782012941332,0.18221605488650724,6,0.6911111111111111,0,0,1
26,154261.0,1379587.0,828.2746868701138,90,2,4,5,24444.0,39,888910.6132679741,48626.78878802035,2,1,0.5,0.2,0.48019839388437674,0.31522412526834614,0.02749882793066734,3,0.48333333333333334,1,1,1
47,150257.0,253417.0,561.5207528499874,30,6,1,7,823.0,20,44377.857231608315,9907.926625997285,1,4,1.0,0.5714285714285714,0.024612196232459672,0.06593986720084445,0.018545284773547263,1,0.3456349206349207,1,1,1
22,178542.0,761077.0,652.806622206725,30,5,0,8,10137.0,15,146069.79146816191,37584.88442627143,0,4,0.0,0.5,0.06817713827753036,0.21051004484251004,0.06939833279771272,1,0.4583333333333333,1,0,0
55,64053.0,737198.0,628.0413353989649,30,1,4,10,8990.0,22,531982.9566300064,25735.635529493786,3,4,0.75,0.4,0.6921129853793037,0.4017865756403882,0.01689903762509545,1,0.23805555555555555,0,1,1
23,44208.0,1436692.0,692.0755031869552,30,2,0,3,24410.0,87,778338.1792900579,45474.13067252134,0,1,0.0,0.3333333333333333,1.4671895344923578,1.0286403065626435,0.03136168910828065,1,0.535,0,0,0
30,66524.0,1003097.0,680.9381300752627,120,6,0,7,13934.0,67,569961.4652627966,24987.18199996943,0,4,0.0,0.5714285714285714,0.7139797482397288,0.3756115386923431,0.024447266787721064,4,0.775079365079365,1,0,0
29,147521.0,1319100.0,663.6142548843898,120,6,0,10,3520.0,61,444072.3465238428,26717.83745461191,0,5,0.0,0.5,0.25085261675955894,0.18111209559731772,0.007926636341024687,4,0.768888888888889,1,0,1
61,53449.0,913911.0,751.9323052980822,5,4,4,0,18454.0,30,501588.77641144395,24392.54315498669,2,0,0.5,0.0,0.7820364216534204,0.45637043078423717,0.03679109435427743,0,0.3847222222222222,0,1,1
23,161762.0,1246584.0,602.9010052173452,5,0,6,9,4762.0,175,696534.1241608569,38951.44402531676,1,5,0.16666666666666666,0.5555555555555556,0.3588266116067932,0.240794772723611,0.006836707398559942,0,0.3791666666666667,1,0,0
42,42978.0,1285573.0,607.1214972825176,45,1,3,1,13399.0,59,591785.9574070248,58583.95718189914,1,1,0.3333333333333333,1.0,1.1474590825674857,1.3631150165642687,0.02264163221903607,1,0.3519444444444444,1,1,0
49,25917.0,1296579.0,608.304231023137,60,2,1,6,29771.0,85,1132325.0579192464,30725.22904600989,1,4,1.0,0.6666666666666666,3.6408697570425024,1.1855241365130953,0.02629192014412099,2,0.40555555555555556,1,1,0
46,53535.0,646845.0,654.7770688801809,90,3,3,9,13035.0,25,120926.38639367127,27869.86201071529,3,5,1.0,0.5555555555555556,0.18823571245240073,0.5205914263699503,0.10779285140932808,3,0.37500000000000006,1,1,1
54,140162.0,603719.0,593.9986848861707,15,6,3,5,12860.0,38,278432.8079629785,10964.355699274904,0,5,0.0,1.0,0.16554225822202076,0.07822630741053141,0.04618708583260747,0,0.4636111111111111,1,0,1
60,115569.0,1477991.0,676.5999957840511,45,5,4,6,1207.0,42,1172216.817251777,31533.897652363812,3,1,0.75,0.16666666666666666,0.8452503246630274,0.2728577529645823,0.0010296729941392335,1,0.46833333333333327,0,0,1
40,75465.0,1146879.0,668.4156863758393,0,1,3,7,13818.0,174,349456.7052409303,32173.55950594986,2,1,0.6666666666666666,0.14285714285714285,0.38589269334672843,0.42633750090704114,0.03954137892553323,0,0.36904761904761907,1,1,0
61,124278.0,1380091.0,624.9439420200644,45,0,3,6,28736.0,31,1174799.853419757,46637.24754170612,0,0,0.0,0.0,0.7877499459677477,0.375265513942179,0.02446033672574234,1,0.4063888888888889,1,0,0
36,123072.0,887141.0,741.1636377839337,90,1,2,8,28530.0,92,416173.9134388757,19727.475316720087,0,1,0.0,0.125,0.28179569238526747,0.16029214863429608,0.06855307139328967,3,0.6458333333333334,0,0,0
69,107864.0,1397085.0,675.8349630199284,15,1,6,10,28902.0,97,373649.3088676989,27216.94475872597,2,0,0.3333333333333333,0.0,0.2886731662616033,0.25232649223768794,0.0773506047357191,0,0.4625,0,1,0
45,101275.0,1093541.0,754.3853154822262,15,6,3,1,10855.0,13,240387.31210726878,41153.2487170795,1,0,0.3333333333333333,0.0,0.19780079989078317,0.4063515054759763,0.045156293420162454,0,0.45805555555555555,1,0,0
57,34441.0,1126719.0,666.3465104156897,45,0,2,4,1961.0,63,445394.4844633731,35468.570240456196,0,3,0.0,0.75,1.0776750686279266,1.0298356679671379,0.0044028385361859195,1,0.40249999999999997,0,0,1
63,60078.0,307789.0,678.3063578238051,120,5,0,10,7108.0,14,258479.03308975455,9737.118367802346,0,7,0.0,0.7,0.3585325647349481,0.1620746091381595,0.02749932911398585,4,0.6111111111111112,0,0,1
59,103486.0,871983.0,640.6052316722803,60,4,4,4,6339.0,31,744954.0069635125,23820.716124010778,1,3,0.25,0.75,0.5998830815790803,0.23018298247116303,0.008509250156044172,2,0.4563888888888889,1,0,1
62,39905.0,1110521.0,679.506742162516,180,0,2,5,2334.0,121,635715.9260547237,33148.94230474318,0,5,0.0,1.0,1.3275611369810043,0.8306964617151529,0.003671451200672114,6,0.7000000000000001,0,1,0
47,95085.0,1153449.0,729.8561914292433,0,4,1,8,21281.0,102,275262.22625328443,25794.561364949397,1,7,1.0,0.875,0.2412422448802689,0.2712789752847389,0.0773117339406321,0,0.3458333333333334,1,1,1
23,36945.0,1438509.0,651.2066037410791,120,4,3,11,15678.0,89,708385.6318906164,37147.126314606656,0,3,0.0,0.2727272727272727,1.597838299929211,1.005471005944151,0.02213201298021369,4,0.7871717171717172,0,0,0
45,145531.0,524070.0,716.2888373774265,0,0,3,3,21649.0,38,242811.99143468007,19228.608713500562,2,0,0.6666666666666666,0.0,0.13903795493438972,0.1321272355271424,0.0891595175019348,0,0.23444444444444446,1,1,1
29,34738.0,488861.0,623.1077127267981,15,1,5,11,5990.0,112,158049.23823335598,17546.039641764834,1,5,0.2,0.45454545454545453,0.37914588786860687,0.5050964258669133,0.037899581592135904,0,0.43704545454545457,0,1,0
64,32991.0,1455745.0,733.1335395865547,30,2,3,8,20881.0,162,301374.5171638117,74588.14717420889,3,8,1.0,1.0,0.7612543753443154,2.2608634831987175,0.06928588454162553,1,0.325,1,1,1
32,121321.0,1479933.0,639.4065920881651,15,1,4,0,1944.0,152,645517.7023299854,71483.12697849635,2,0,0.5,0.0,0.44339514066676106,0.5892065427955289,0.0030115363110619032,0,0.4375,1,0,1
32,53726.0,310827.0,739.6175911260335,180,4,4,10,21643.0,31,133311.00691113088,4750.697636294596,2,10,0.5,1.0,0.20677605956013054,0.08842455489510845,0.1623496851571144,6,0.6272222222222221,1,1,1
33,74928.0,598645.0,684.2683579703565,180,4,5,4,24392.0,122,405872.1951431507,14481.555745593494,2,1,0.4,0.25,0.45140245206859775,0.19327295197514271,0.06009773591757614,6,0.8483333333333334,1,1,1
52,68910.0,1424730.0,786.4667613373745,60,1,0,3,7608.0,43,634959.1915332205,71959.98882676414,0,0,0.0,0.0,0.767860484125696,1.04426046766455,0.011981872380851985,2,0.4955555555555555,1,0,0
48,53094.0,339599.0,599.2152591622054,45,0,2,6,9857.0,155,54285.00791555496,9369.580268521173,2,5,1.0,0.8333333333333334,0.08520267185801748,0.17647154609788626,0.18157867850610648,1,0.30416666666666664,1,1,1
67,141408.0,1185588.0,576.6676258681692,90,4,5,6,13063.0,85,195638.63749401216,40438.30343574518,4,6,0.8,1.0,0.11529206120705816,0.2859689935204881,0.06677106407674616,3,0.5272222222222223,0,1,0
41,130085.0,212815.0,636.8647927817103,90,3,0,6,17381.0,133,141657.45333168173,8938.101681672402,0,6,0.0,1.0,0.09074672543060418,0.06870970274568476,0.12269739142707527,3,0.625,0,0,0
34,56681.0,308551.0,583.077233637598,45,1,3,0,15864.0,97,199197.23224749652,11334.400630801334,2,0,0.6666666666666666,0.0,0.29286302912718626,0.19996825445566122,0.07963966075738171,1,0.4708333333333333,1,1,0
23,129269.0,1188194.0,583.2085573900206,120,1,2,9,3139.0,121,321126.40580554,18054.273745844413,1,9,0.5,1.0,0.20701431756359476,0.13966437232317427,0.009774966939034097,4,0.5416666666666666,1,1,0
21,133582.0,930827.0,723.5085532321913,5,0,5,4,11362.0,168,744353.3035043711,21653.399034466365,2,1,0.4,0.25,0.4643547930012845,0.16209817965344406,0.015264256834097975,0,0.37472222222222223,0,1,0
39,105345.0,854496.0,679.707484461114,15,5,6,1,15167.0,24,552830.7593908746,16250.451966827051,1,1,0.16666666666666666,1.0,0.437317670029328,0.15425935703476246,0.027435159390753604,0,0.3741666666666667,0,0,0
66,111698.0,1292050.0,646.4223316307019,0,5,0,6,18413.0,162,343092.59050046565,28044.992190446716,0,4,0.0,0.6666666666666666,0.25596742294734137,0.25107873185237617,0.053667728507751054,0,0.55,1,0,0
46,169463.0,495340.0,652.9126181886197,5,3,1,7,18955.0,86,181150.635826947,10350.004332669643,1,2,1.0,0.2857142857142857,0.089080721567022,0.061075304536504386,0.10463667385693137,0,0.3722619047619048,1,1,0
64,91528.0,779780.0,638.1933634971563,5,2,5,1,19973.0,25,686399.1036619523,31121.918624177764,1,0,0.2,0.0,0.6249445558207619,0.34002620645242726,0.029098231471229585,0,0.3519444444444444,1,0,0
25,80437.0,932253.0,795.5258417473331,60,1,1,11,13495.0,77,424930.06731595914,29144.638945557348,0,7,0.0,0.6363636363636364,0.4402307264442557,0.3623287659355439,0.031758166903180604,2,0.5074747474747475,1,0,1
25,105318.0,1122809.0,628.5146004649874,120,2,3,7,15073.0,10,367808.75939497654,19831.11014779172,1,2,0.3333333333333333,0.2857142857142857,0.2910303077306954,0.18829744343599117,0.040980535713162965,4,0.4936507936507936,0,1,0
61,153409.0,531546.0,587.450627134169,60,6,6,11,10124.0,97,288681.4472180184,9722.835866043735,6,3,1.0,0.2727272727272727,0.15681470623084826,0.06337852320296551,0.03506979786045668,2,0.5893939393939394,0,1,0
26,132953.0,968770.0,735.7235432240429,45,0,6,8,8150.0,85,294664.7641807783,51358.62080454402,3,0,0.5,0.0,0.184692312434205,0.38629155268812304,0.027658549615385757,1,0.45138888888888895,1,0,1
23,30172.0,700118.0,664.8971063656526,15,5,6,0,9328.0,70,520739.1383570952,14835.835636184134,6,0,1.0,0.0,1.438251630532434,0.49170872451889613,0.017912999643985572,0,0.45138888888888895,1,1,1
40,92402.0,835839.0,822.7141582172519,0,2,0,2,13152.0,79,623307.4703011485,21024.363384036016,0,0,0.0,0.0,0.5621338195251442,0.22753147533642146,0.02110034072533362,0,0.4922222222222222,0,0,0
66,137852.0,1300862.0,643.1656052844105,60,1,1,11,3281.0,111,976469.1502485179,49396.06785219287,1,2,1.0,0.18181818181818182,0.5902883468312138,0.35832681319235754,0.003360065189120377,2,0.43181818181818177,1,1,1
54,54274.0,620798.0,739.2188925829754,5,5,1,6,6560.0,148,380519.3945981077,13958.167341546534,0,0,0.0,0.0,0.58425672605377,0.25717963189642434,0.017239594336389764,0,0.6263888888888889,0,0,0
25,178128.0,1018841.0,755.7538131419514,120,6,5,1,3470.0,70,683167.1946163281,23332.656748931237,3,1,0.6,1.0,0.3196050006251722,0.130988147562041,0.005079283705870535,4,0.6488888888888888,0,1,0
62,148913.0,1415888.0,643.5064917458598,30,6,1,0,12260.0,3,553686.5395121463,25349.359789573784,1,0,1.0,0.0,0.3098490055223219,0.17022932712102895,0.022142492412407747,1,0.365,1,0,1
62,155148.0,1155482.0,627.9955462463674,30,1,3,6,14870.0,100,934976.6972943153,62665.07721471858,3,0,1.0,0.0,0.5021961274043254,0.4039051564616919,0.015904139689290213,1,0.3916666666666667,1,0,0
60,31239.0,1483648.0,731.8956571651634,0,4,5,7,4894.0,170,382961.12630337384,58221.34632009046,1,3,0.2,0.42857142857142855,1.0215892695652171,1.863739118412576,0.012779364963855561,0,0.5104761904761905,0,0,0
65,111905.0,896065.0,720.2424342539751,15,2,3,2,4164.0,71,305437.5111669907,32428.376144330294,1,2,0.3333333333333333,1.0,0.22745298182013812,0.28978487238577627,0.013632903123426226,0,0.3536111111111111,0,0,1
32,103501.0,458829.0,581.2572929502352,0,1,6,2,15771.0,22,410429.5241267029,23192.34829714227,4,0,0.6666666666666666,0.0,0.3304553612418422,0.2240784948661585,0.03842559824017768,0,0.23222222222222225,1,1,0
68,119536.0,1487527.0,601.0095054586695,90,2,3,7,6703.0,162,1294591.082095807,57681.84427635624,1,5,0.3333333333333333,0.7142857142857143,0.9025112951299239,0.4825478874678443,0.005177696720379494,3,0.5702380952380952,0,0,1
36,155742.0,984635.0,502.4498996536396,45,0,2,5,26041.0,75,522561.03564685944,25131.164590943215,2,1,1.0,0.2,0.2796082814563292,0.1613640802798424,0.04983341317778274,1,0.33416666666666667,1,1,1
60,75232.0,400044.0,721.6770797785161,120,1,6,0,4944.0,67,209755.39096124348,13557.624006829188,3,0,0.5,0.0,0.23234283168647593,0.18021086780664064,0.02357031195881637,4,0.5905555555555556,0,0,0
49,104504.0,509924.0,661.6720964804978,60,4,3,0,14453.0,53,121165.73609278222,17390.01319086902,0,0,0.0,0.0,0.09661969565182689,0.1664052399034393,0.11928289684909493,2,0.6177777777777778,0,0,1
59,128076.0,430322.0,668.6494705317302,180,4,1,2,24074.0,131,277444.73053123977,13306.926176711915,0,0,0.0,0.0,0.18052089549124464,0.10389867091970326,0.08677043515623488,6,0.9333333333333333,0,0,0
51,140016.0,1258730.0,561.5989131608703,120,1,4,6,3115.0,26,218105.6139605545,56825.64229594346,0,3,0.0,0.5,0.1298099347934965,0.40585106199251125,0.014282071623169513,4,0.5244444444444445,1,0,0
52,142804.0,184210.0,603.1328352837471,5,3,5,3,13491.0,110,71060.82094311285,3571.3367212630264,1,2,0.2,0.6666666666666666,0.04146757148674223,0.025008660270461797,0.1898514514882977,0,0.46305555555555555,1,0,0
51,72583.0,1122863.0,646.5428761202704,5,5,5,0,14155.0,62,520775.9018252833,23994.00014993449,4,0,0.8,0.0,0.5979084884721437,0.33057327679945014,0.027180597163554823,0,0.4441666666666667,1,0,0
59,179713.0,853328.0,632.9372079896525,180,6,0,10,16577.0,69,700146.1876526917,25504.139837315775,0,8,0.0,0.8,0.324659404927436,0.14191594284951994,0.02367648398626008,6,0.8733333333333334,1,0,0
57,19558.0,156535.0,688.2485252862342,15,3,0,8,26574.0,38,137177.80321704093,2793.667651498058,0,5,0.0,0.625,0.5844914409152304,0.14284014988741478,0.1937193873702363,0,0.4011111111111111,0,0,1
27,97778.0,939370.0,720.842768864227,90,1,4,7,17488.0,145,827113.9090593082,51191.73999198681,1,0,0.25,0.0,0.7049250249368537,0.523550696393737,0.021143399728206023,3,0.6208333333333332,0,0,0
61,116620.0,1142069.0,838.8728798499637,60,4,5,2,11313.0,81,855555.5857171722,39780.2916948607,2,0,0.4,0.0,0.611355674925093,0.34111037296227664,0.013222986546825992,2,0.62,1,0,0
47,27931.0,1102644.0,678.5988078978352,90,1,4,8,11891.0,166,405219.30058469897,18749.630679672195,0,5,0.0,0.625,1.2089891177804202,0.6712839024622174,0.0293446042250264,3,0.5958333333333333,1,0,1
36,91088.0,816345.0,758.0781864167861,15,0,2,11,18720.0,149,150218.13503227485,32095.295762581878,1,3,0.5,0.2727272727272727,0.13742949586505618,0.3523548191044032,0.12461877519633663,0,0.37689393939393945,0,0,1
46,114528.0,536396.0,621.9019056114157,15,2,5,8,8952.0,136,251684.10987455177,24805.194836191182,5,0,1.0,0.0,0.18313142482955533,0.21658629187789172,0.03556839565462433,0,0.39583333333333337,1,1,1
68,116433.0,287573.0,562.7537579517251,45,2,4,3,20541.0,81,107278.30268341869,9003.522409669931,3,2,0.75,0.6666666666666666,0.07678114071570394,0.07732792601470315,0.19147394660611916,1,0.405,0,1,1
63,37281.0,67772.0,655.3388847302913,0,1,6,4,11473.0,170,43468.455205068174,2319.2451624063146,5,1,0.8333333333333334,0.25,0.09716400491105427,0.06220984314815361,0.26393852613060687,0,0.3333333333333333,0,1,1
61,62956.0,571352.0,568.159479748803,15,0,2,11,1809.0,105,244706.50082938847,24581.848506381208,0,10,0.0,0.9090909090909091,0.3239120719621488,0.39046077429285864,0.007392529392838855,0,0.38825757575757575,1,0,1
43,57651.0,966732.0,681.0271217018372,45,6,5,0,16044.0,78,790851.5157972089,23542.54552129256,1,0,0.2,0.0,1.1431595806334798,0.40836317707052017,0.02028699405580203,1,0.6808333333333333,0,1,1
59,121667.0,104601.0,625.3682112843934,5,4,1,2,7543.0,62,45033.32000903475,4069.664609762332,0,2,0.0,1.0,0.030844655226310854,0.033449206520768424,0.16749819907763175,0,0.4308333333333333,1,0,0
39,71262.0,1498108.0,543.201002927179,15,5,5,1,10757.0,164,649425.5201623354,60280.58961027622,5,0,1.0,0.0,0.7594341071940344,0.8459008954320145,0.01656387016837758,0,0.49583333333333335,1,1,1
54,110575.0,899629.0,801.5217602102124,180,0,5,7,9712.0,45,647138.2579332686,42449.66599795611,5,6,1.0,0.8571428571428571,0.48770687914181066,0.38389930814339684,0.015007612177058894,6,0.46428571428571425,1,1,0
52,136426.0,477096.0,642.3706800826234,15,5,1,5,4098.0,157,282689.0083154544,24161.508611624384,0,5,0.0,1.0,0.17267542374343015,0.17710340119643164,0.014496495723056259,0,0.5458333333333334,0,1,1
33,147158.0,1445054.0,565.3666487939062,180,2,0,1,8673.0,41,493437.27591939224,76061.17694553199,0,1,0.0,1.0,0.2794260114521989,0.5168674278362847,0.017576702092155717,6,0.6577777777777778,1,0,1
34,47776.0,316704.0,742.8720253355103,180,5,6,11,27410.0,137,208238.3183785853,6350.882939707795,4,7,0.6666666666666666,0.6363636363636364,0.36321988442346453,0.13293040312516316,0.13162803183114244,6,0.803030303030303,1,1,1
23,164371.0,1438517.0,628.99699462225,90,3,0,6,9605.0,50,823184.5703831328,68546.3466330154,0,3,0.0,0.5,0.4173407364960632,0.41702214279292216,0.011668100138866266,3,0.5861111111111111,0,0,0
27,44851.0,458562.0,756.3116223583463,5,1,3,2,21972.0,150,104572.57615073044,19267.50548681791,0,1,0.0,0.5,0.1942962552873783,0.42958920618978197,0.21011244829934816,0,0.4430555555555556,1,0,1
42,21544.0,600609.0,628.6623965725365,5,1,0,11,12260.0,150,300573.50010807364,17915.64105703548,0,0,0.0,0.0,1.1626342218563315,0.8315837846748737,0.04078869226858595,0,0.4930555555555556,0,0,0
44,25284.0,666852.0,642.1371616816042,180,0,2,8,1988.0,131,559507.5353559738,34617.91905309201,1,1,0.5,0.125,1.844076409837492,1.3691630696524288,0.00355312462187874,6,0.7125,0,0,1
29,50568.0,1492513.0,704.1382196633932,0,5,5,1,25131.0,178,460955.39079292706,73737.12808340613,0,1,0.0,1.0,0.7596295924842573,1.458177663411765,0.05451937541454958,0,0.5166666666666667,0,0,0
41,159464.0,413823.0,721.5253566492877,45,3,3,9,27170.0,92,190757.05872934434,19025.245157970337,1,5,0.3333333333333333,0.5555555555555556,0.09968658481399373,0.11930746223580456,0.14243247500764916,1,0.5319444444444444,1,0,0
50,51677.0,1460663.0,733.793861613842,60,5,1,0,7068.0,150,521401.6721769591,25268.5540150995,0,0,0.0,0.0,0.8408022785393875,0.4889709931903845,0.013555767802756842,2,0.7333333333333333,1,0,1
32,130347.0,553092.0,673.7181202889469,120,5,2,10,5113.0,99,305688.54334864067,12212.422447533976,2,1,1.0,0.1,0.19543253990543233,0.093691626562437,0.016726174765956392,4,0.6900000000000001,1,1,0
37,85796.0,463516.0,717.0031705088209,180,1,0,4,27920.0,6,408512.7403077278,23979.15083184777,0,1,0.0,0.25,0.39678689401577366,0.27949031227385623,0.06834548165858473,6,0.6216666666666666,0,0,1
39,24471.0,975399.0,732.1940024846394,15,2,4,3,2931.0,75,372983.49792315974,52953.88194944734,2,2,0.5,0.6666666666666666,1.2701548020213032,2.163944340216883,0.00785825650818426,0,0.37083333333333335,1,1,0
45,89950.0,1055935.0,694.0398396996795,45,0,0,0,26667.0,5,817955.1373138702,27551.624707011517,0,0,0.0,0.0,0.7577868605835374,0.30629932970551993,0.032602032536372706,1,0.3486111111111111,0,0,1
38,22583.0,550290.0,670.0139320714993,60,0,2,11,5196.0,119,428522.8765750977,14360.081787183299,0,2,0.0,0.18181818181818182,1.581288567267036,0.6358801659293849,0.012125373659227298,2,0.5484848484848485,1,0,1
57,95140.0,244397.0,578.8293536238209,180,6,0,6,26000.0,27,84209.85194751798,9632.222438131925,0,1,0.0,0.16666666666666666,0.07375959283469798,0.10124261549434438,0.3087524725278457,6,0.8433333333333335,0,0,1
37,108505.0,624285.0,721.9421909745993,60,4,1,7,27991.0,58,455387.8089405382,11266.638364355838,0,7,0.0,1.0,0.3497441046806892,0.10383519989268548,0.0614662919174784,2,0.528888888888889,0,0,0
42,102461.0,833609.0,682.9521589398805,5,3,0,10,7201.0,156,742821.8629692149,32354.548343589773,0,5,0.0,0.5,0.6041500855359722,0.3157742784434055,0.009694114240547648,0,0.5097222222222223,0,1,1
39,63770.0,108045.0,651.0468903354505,180,1,6,6,6638.0,133,93514.65453092825,5807.15551011264,1,3,0.16666666666666666,0.5,0.12220304026309164,0.09106406633389744,0.07098352694875865,6,0.7583333333333333,1,1,0
29,142184.0,164046.0,769.4436454514162,45,4,5,3,3185.0,60,99133.87032040932,4409.2472260108425,1,0,0.2,0.0,0.05810186701762582,0.031010853724827283,0.032128272503694266,1,0.5741666666666666,1,0,1
54,114669.0,1381016.0,580.0516456960679,5,3,6,9,23609.0,90,364318.0659228191,61744.951615784856,2,0,0.3333333333333333,0.0,0.2647606487097785,0.538462458169033,0.06480326453259547,0,0.5097222222222222,1,0,1
32,59275.0,102002.0,795.082542075542,5,1,4,6,10482.0,104,24430.133105411027,3671.667022149187,0,4,0.0,0.6666666666666666,0.03434575158921837,0.061942927408674596,0.4290602902068652,0,0.42638888888888893,1,0,1
35,88405.0,639984.0,678.4408704955874,5,0,3,2,19291.0,63,224068.49367859148,16954.746208558205,2,0,0.6666666666666666,0.0,0.21121400908563945,0.19178492402644878,0.08609421022694701,0,0.2997222222222222,0,1,1
59,35577.0,1157645.0,702.2262724952029,90,3,1,10,18426.0,134,695726.9641412081,36464.833389136045,0,3,0.0,0.3,1.6296272032989667,1.0249552629264986,0.02648452762319583,3,0.695,1,0,0
67,167576.0,525808.0,652.346911982881,180,3,6,9,15546.0,26,231181.57404499446,19477.65167648565,1,1,0.16666666666666666,0.1111111111111111,0.11496354591597964,0.1162317496329167,0.06724584372357595,6,0.7216666666666667,1,0,1
53,139994.0,767420.0,563.3048961233669,30,5,6,2,7277.0,76,517444.98403234425,34889.70179108205,3,2,0.5,1.0,0.3080161673788069,0.24922283662929876,0.014063330836240423,1,0.4688888888888889,1,1,0
65,64625.0,175402.0,670.2273071073954,0,2,2,7,10967.0,45,129943.72890465484,6425.290944213371,0,7,0.0,1.0,0.16756122360368128,0.09942423124508118,0.08439807055288484,0,0.31666666666666665,0,0,1
62,127336.0,1201934.0,703.4321434824955,120,0,1,11,15023.0,122,342931.276227197,62507.31258395023,1,3,1.0,0.2727272727272727,0.22442676346254334,0.4908848446939611,0.04380761114960842,4,0.5060606060606061,1,0,0
44,128021.0,969565.0,727.3357812481815,60,6,2,9,2788.0,115,803740.8627758897,19079.04995013477,1,2,0.5,0.2222222222222222,0.5231829561659739,0.14903062739812037,0.003468779713863309,2,0.6694444444444443,0,0,1
58,116767.0,1284898.0,666.1376761092769,60,2,2,2,12114.0,145,251107.32807639544,68495.22315690354,2,2,1.0,1.0,0.1792082580954632,0.5865974389759395,0.04824231969970429,2,0.3833333333333333,1,0,1
37,26756.0,1302546.0,526.5222111156908,0,5,6,10,21319.0,66,454192.7573057438,48228.14188554948,4,5,0.6666666666666666,0.5,1.414613411651417,1.8025168891295216,0.04693822095813151,0,0.41333333333333333,0,0,0
43,160320.0,558667.0,572.0837058792163,180,0,0,0,12653.0,41,425201.4821602888,17135.774968283684,0,0,0.0,0.0,0.22101707114951805,0.10688482390396509,0.02975765732451088,6,0.6911111111111111,0,0,0
47,172849.0,109672.0,823.6413736634306,0,0,4,7,11843.0,5,31563.509858443664,1978.7068926594463,1,6,0.25,0.8571428571428571,0.015217284960882843,0.011447603935570622,0.37521175728281175,0,0.1378968253968254,1,1,1
68,175811.0,552207.0,603.5224811359519,60,0,5,6,25210.0,154,174002.2029777346,14826.718590797977,0,5,0.0,0.8333333333333334,0.08247597466300677,0.08433328171046167,0.1448832231349731,2,0.48333333333333334,0,0,1
62,176882.0,260645.0,779.8934620767445,60,5,5,0,16049.0,59,229821.71438942442,8475.49274041793,0,0,0.0,0.0,0.10827449674049386,0.04791608383226066,0.06983239178524951,2,0.6644444444444444,1,0,1
44,168469.0,823280.0,614.6139283807684,45,1,1,8,22117.0,135,686840.4839812776,43207.93128519225,1,7,1.0,0.875,0.3397462262994367,0.2564740770420211,0.032201072178795566,1,0.3333333333333333,1,1,0
52,137730.0,262265.0,667.2280863190492,45,5,2,3,1552.0,65,199208.49584989165,11869.330591981372,0,0,0.0,0.0,0.12053080655987056,0.08617825159356256,0.007790832380811052,1,0.6486111111111111,0,0,0
30,27214.0,1386757.0,723.7645781719933,30,6,2,10,27845.0,59,388778.45338858385,24076.594506702662,1,5,0.5,0.5,1.1904977015157145,0.8847135484200287,0.07162176750615584,1,0.5144444444444445,0,0,0
60,93364.0,923298.0,622.5863887393389,60,4,2,10,23278.0,42,315171.182919913,25959.20469034214,0,4,0.0,0.4,0.28131041132905704,0.27804297898914077,0.07385827531673507,2,0.5533333333333332,1,0,0
48,57713.0,416898.0,791.4550595031338,30,6,0,7,24805.0,140,136065.4105766141,14448.55600452543,0,6,0.0,0.8571428571428571,0.19646845970089652,0.25035184455019543,0.18230202587771635,1,0.6226190476190476,1,0,1
47,53638.0,1385784.0,685.3009850647887,45,6,0,7,20768.0,51,404431.7120685049,67908.1372118329,0,5,0.0,0.7142857142857143,0.6283351853606661,1.2660452890084064,0.051351067140061955,1,0.5794047619047619,0,0,1
58,152559.0,1166047.0,712.2595592409768,90,5,0,0,16150.0,53,1023596.7308352545,53704.74272606088,0,0,0.0,0.0,0.5591261582050521,0.35202605369765716,0.015777697909235805,3,0.7094444444444444,1,0,0
52,149627.0,684764.0,661.2675094386611,90,5,6,10,15879.0,126,187982.1863170538,16191.593108881852,2,8,0.3333333333333333,0.8,0.10469488924517512,0.10821304382819846,0.0844707698697483,3,0.6616666666666667,0,0,0
24,102574.0,262435.0,726.1104200911964,5,4,2,8,18735.0,93,186338.00388789165,4466.219224408393,2,7,1.0,0.875,0.1513850195045298,0.043541435689437795,0.10054309700168153,0,0.35555555555555557,1,1,1
35,137289.0,548519.0,790.5154917894904,180,1,1,4,14889.0,134,103264.77651992653,11132.201774131167,0,3,0.0,0.75,0.0626808997321505,0.08108589744357644,0.14418275526047294,6,0.7583333333333333,1,0,0
29,38957.0,896811.0,670.809984366375,0,0,5,1,21885.0,18,500290.31130084686,31506.393843412137,5,1,1.0,1.0,1.0701763296729874,0.8087479488516092,0.0437446008960177,0,0.04000000000000001,1,1,0
57,53956.0,1160468.0,801.0798953524466,15,2,3,6,10110.0,172,235734.50878232962,21579.023407115965,3,3,1.0,0.5,0.36408448362605583,0.39993741951063766,0.042887229588160464,0,0.3458333333333333,1,1,0
22,157397.0,429794.0,637.1882934134618,30,3,2,10,23082.0,42,84375.07333767696,10740.68552169951,2,0,1.0,0.0,0.044672110087695956,0.06823945514653716,0.2735642066659151,1,0.3516666666666667,0,1,0
30,91096.0,1126725.0,733.4867227546197,15,2,0,10,10272.0,21,363565.27996170305,53918.19448286192,0,7,0.0,0.7,0.3325843798133316,0.5918832273959551,0.028253523001651928,0,0.3225,1,1,0
50,106553.0,460113.0,714.2380035370135,30,0,2,1,14274.0,19,388428.56550644955,14299.448878444104,2,0,1.0,0.0,0.303783536132605,0.13420034047323026,0.03674806970334161,1,0.20055555555555554,1,1,1
55,92973.0,407796.0,605.1992549122341,15,3,4,9,2053.0,56,256553.69017564532,22365.922235276004,0,1,0.0,0.1111111111111111,0.22995357987054066,0.24056362852953012,0.008002223622643849,0,0.49250000000000005,1,0,0
45,50749.0,698176.0,694.9666793246132,30,3,4,0,27010.0,76,445821.07235325954,31585.000609121074,0,0,0.0,0.0,0.7320687309984097,0.622376807604506,0.06058484372985812,1,0.5772222222222222,0,0,0
63,151878.0,283198.0,680.5156156495261,90,6,2,4,20601.0,13,105701.32153029197,7248.942952405069,2,1,1.0,0.25,0.05799683601876285,0.047728722740654136,0.19489822550701175,3,0.4788888888888889,0,0,1
66,140845.0,636750.0,620.2765476606208,120,6,4,5,7489.0,112,441084.5923958599,9744.066628315268,1,2,0.25,0.4,0.2609751809884743,0.06918290765249223,0.016978602583512716,4,0.8058333333333334,1,0,0
27,128782.0,568824.0,705.0601703935888,30,4,5,0,1349.0,110,376086.16274941055,20527.89059332688,2,0,0.4,0.0,0.24336097872723578,0.15940030899758414,0.003586943986819452,1,0.5816666666666667,0,0,1
67,75217.0,456060.0,690.2402682275962,15,5,6,1,25559.0,139,226326.1963523473,19717.40340274993,0,0,0.0,0.0,0.2507480538002793,0.2621402529049275,0.11292992332274894,0,0.6458333333333334,1,0,1
51,122193.0,1174624.0,674.9189136884949,90,2,3,10,42.0,2,777547.1182946366,39687.399118857364,0,3,0.0,0.3,0.5302725458186616,0.3247927386909018,5.401601910906305e-05,3,0.4661111111111111,0,0,1
52,172427.0,531005.0,675.199577165892,0,6,1,7,14458.0,17,424990.690600448,27219.41528954477,1,7,1.0,1.0,0.2053964337567241,0.15786051656379088,0.034019568710018135,0,0.23777777777777778,1,0,0
25,123272.0,1057841.0,673.6992818753466,45,6,0,9,929.0,36,920623.7044920932,48362.41406668606,0,8,0.0,0.8888888888888888,0.622352537810758,0.39232278268127446,0.0010090985007957492,1,0.528611111111111,0,0,0
51,98071.0,1094419.0,654.2610265127571,5,0,1,6,20803.0,78,982181.3278764775,39191.98152132462,0,0,0.0,0.0,0.8345835567059218,0.39962865190856234,0.021180406722837084,0,0.4330555555555555,1,0,1
56,61816.0,1015487.0,689.7883866510488,60,4,0,5,6103.0,105,524229.03575330874,16000.98452958154,0,2,0.0,0.4,0.7067062407700659,0.2588485914582234,0.011641858011985327,2,0.6599999999999999,0,0,0
49,102694.0,440527.0,634.9260051345353,0,3,3,0,12812.0,36,76900.53505832674,12568.180845389541,2,0,0.6666666666666666,0.0,0.06240265177641565,0.12238476294028415,0.16660482258390638,0,0.33000000000000007,0,0,1
25,78217.0,1252671.0,850.0,120,1,1,6,17105.0,64,403214.26765283546,43563.29439727933,1,2,1.0,0.3333333333333333,0.429589334429467,0.5569542989027875,0.04242161394627851,4,0.4755555555555555,0,1,0
46,117025.0,392999.0,581.3466728174279,15,2,1,9,11116.0,92,116970.9270957637,9828.658837622825,0,8,0.0,0.8888888888888888,0.0832948280963923,0.083987685004254,0.0950321612044621,0,0.45694444444444443,1,1,0
66,25397.0,451838.0,639.0684745935879,45,6,5,2,20434.0,97,169621.8208214798,21916.888754620544,5,1,1.0,0.5,0.5565677731670401,0.8629715617836967,0.12046799109358677,1,0.5375,1,1,0
56,48806.0,1318733.0,644.5980526796142,60,6,2,5,15244.0,94,554364.5236433881,42171.55991871812,2,3,1.0,0.6,0.946544351861431,0.8640650723009081,0.027498152118056837,2,0.5566666666666666,1,0,0
27,145484.0,542541.0,822.8345390027176,45,2,5,4,12622.0,115,353469.7755385037,12560.920030995167,3,0,0.6,0.0,0.2024677258544489,0.08633884159766825,0.035708852279577936,1,0.5141666666666667,1,0,0
68,79676.0,1060676.0,587.590574501575,45,3,0,10,9667.0,136,577290.6469324881,48965.0212108581,0,7,0.0,0.7,0.6037897724664977,0.6145516995187773,0.016745464440428598,1,0.5675,1,0,1
67,88145.0,111392.0,709.8145608590277,15,3,2,1,12259.0,151,70991.06149301084,4381.197878222882,1,0,0.5,0.0,0.06711579546297847,0.04970444016362677,0.1726837117544286,0,0.5041666666666668,0,0,0
29,106111.0,940769.0,697.3875845532577,90,5,0,1,9633.0,173,826822.7380596447,21527.746734331853,0,1,0.0,1.0,0.649337908777636,0.20287950103506566,0.011650622989162524,3,0.6916666666666668,0,0,0
60,88994.0,1309681.0,703.3521613272184,45,3,3,2,17303.0,70,244653.60459094556,47554.31008184289,0,0,0.0,0.0,0.2290918531876171,0.5343541146801233,0.07072448423120585,1,0.5930555555555556,0,0,0
40,140899.0,1077620.0,766.5440213827658,5,2,0,1,22935.0,59,173280.22962042323,46101.499035184104,0,0,0.0,0.0,0.10248489439268745,0.32719536004644534,0.1323578578481802,0,0.4575,1,0,0
50,57747.0,894523.0,765.1080551822962,15,6,1,10,17904.0,50,580660.8927406678,29463.201940421535,0,9,0.0,0.9,0.8379380353678803,0.510211819495758,0.030833831284030014,0,0.5002777777777778,0,0,1
42,140866.0,1281092.0,648.4330221435918,30,2,5,3,964.0,63,717014.7962717976,34711.54876464524,4,0,0.8,0.0,0.42417072269142164,0.2464153789036761,0.00134446318961956,1,0.395,1,0,0
59,51927.0,482277.0,693.5812214645794,120,1,6,4,25349.0,96,246955.6635827606,20538.60869251532,0,1,0.0,0.25,0.3963186517976528,0.39552850525767563,0.10264595527895216,4,0.6916666666666667,0,0,0
69,78036.0,596332.0,549.5128577493499,180,2,3,3,23581.0,108,471099.67743509595,25338.53037384826,3,1,1.0,0.3333333333333333,0.5030794306848719,0.32470309054600777,0.05005522425399832,6,0.6833333333333333,0,1,0
59,113227.0,150653.0,686.9365105965351,30,2,6,9,24572.0,12,40549.28152445704,2361.861976998886,1,5,0.16666666666666666,0.5555555555555556,0.029843648544117155,0.02085952976762509,0.6059786777030699,1,0.3211111111111111,1,0,1
66,161528.0,1062641.0,624.4207400517656,30,3,5,7,1496.0,179,616559.7441290709,25891.261099866468,4,0,0.8,0.0,0.31808713459847565,0.1602896160409741,0.002426366648560868,1,0.4883333333333333,0,1,1
67,55673.0,1098943.0,666.9532301827638,5,4,5,5,24705.0,7,932942.5686210914,44894.725214944534,5,3,1.0,0.6,1.3964617328284379,0.8064003235849431,0.026480729715779295,0,0.1986111111111111,1,1,1
25,113156.0,1139498.0,562.0239694628314,45,0,6,9,14013.0,72,551961.5995628854,27308.97133040139,2,8,0.3333333333333333,0.8888888888888888,0.40649015486208223,0.24133913650536773,0.02538763568171646,1,0.35861111111111116,1,1,1
33,28401.0,1135669.0,708.3410600703353,15,6,0,0,25325.0,81,664294.5680845652,60765.325912008106,0,0,0.0,0.0,1.9491525183519514,2.13954881560537,0.03812314779725266,0,0.6591666666666667,1,0,0
56,30219.0,234706.0,561.2401913097075,120,1,1,8,23445.0,62,47527.851406746566,5048.910383090179,0,2,0.0,0.25,0.13106503470980335,0.16707734812833577,0.4932897092139955,4,0.6294444444444445,1,1,1
49,142336.0,1015959.0,690.379922475411,45,0,3,4,26394.0,39,418460.60146744567,45645.6586555572,2,0,0.6666666666666666,0.0,0.2449957620626813,0.32068948583322,0.06307403829044425,1,0.3241666666666667,1,1,1
23,134471.0,1156827.0,594.1446084884216,5,4,4,4,3658.0,95,209442.05955474416,63547.86777933438,3,1,0.75,0.25,0.12979382144027596,0.47257674724910487,0.01746545086396015,0,0.45555555555555555,1,0,0
25,78988.0,345482.0,620.525127540488,180,1,6,1,16659.0,1,200131.58765657383,9971.694874881594,0,1,0.0,1.0,0.21114134178247942,0.12624316193449123,0.08324023306399225,6,0.5355555555555556,0,0,0
46,118922.0,740896.0,760.8312471781614,120,5,0,1,21853.0,133,439244.34892131435,28987.62650238289,0,1,0.0,1.0,0.30779583040516356,0.24375327107165107,0.049751351505525496,4,0.7500000000000001,0,0,0
51,79598.0,1374163.0,721.1542562139535,15,6,1,8,17855.0,122,1186081.6486998214,26423.064101938617,0,5,0.0,0.625,1.241741468273723,0.3319563820942563,0.015053769712711253,0,0.6166666666666667,0,0,0
29,62913.0,651474.0,760.444219636938,5,4,2,10,24349.0,138,409649.7942128627,25976.183474483416,0,8,0.0,0.8,0.5426141314366171,0.4128905548055794,0.059438574958364916,0,0.5130555555555556,0,1,1
29,87873.0,1142079.0,789.1808992750903,15,5,4,10,21816.0,146,173866.93681628793,62244.34615935282,1,10,0.25,1.0,0.16488467904085813,0.7083443851849012,0.12547526516241164,0,0.5083333333333333,1,0,1
27,68521.0,819001.0,625.9012905002164,30,3,6,2,1072.0,159,634665.0027541363,44155.920300538426,4,1,0.6666666666666666,0.5,0.771861914296513,0.6444144174857114,0.0016890800585317345,1,0.4583333333333333,0,1,1
48,150037.0,1003746.0,784.9280163708611,30,2,6,9,5970.0,26,398730.28029587166,31589.018431821623,2,7,0.3333333333333333,0.7777777777777778,0.2214621950451509,0.21054152263656048,0.014972527282277267,1,0.305,1,1,1
21,84690.0,958433.0,577.414604067477,120,4,5,1,19034.0,150,657201.121365338,45836.88399067352,2,0,0.4,0.0,0.64667328036106,0.5412313613256999,0.028962214733378403,4,0.7566666666666666,0,0,0
49,69975.0,993868.0,732.2270234181432,180,2,5,9,10813.0,101,345887.3273892305,47769.259714110674,2,1,0.4,0.1111111111111111,0.41191774132336606,0.6826618037029035,0.03126162522812529,6,0.7955555555555556,0,0,1
44,104856.0,1180094.0,645.466359978002,90,6,2,6,10701.0,22,849866.6663265607,33149.62509458065,0,4,0.0,0.6666666666666666,0.6754236495181969,0.31614428449092713,0.012591386889256047,3,0.6072222222222222,0,0,0
43,140801.0,1361318.0,614.8789900152478,120,3,4,10,27379.0,177,1151155.0109963208,65220.61666578125,0,10,0.0,1.0,0.6813132310828289,0.46321131714818253,0.023783938512593163,4,0.6833333333333333,0,0,0
54,62333.0,478715.0,723.012890711311,5,3,1,0,2686.0,146,100285.66524828518,10290.545364244985,0,0,0.0,0.0,0.13407246194937564,0.16508984589615427,0.02678348887999154,0,0.5597222222222222,1,0,1
46,170206.0,1396045.0,746.146606761845,5,4,3,9,15682.0,48,779372.0861348467,75603.05131622737,0,4,0.0,0.4444444444444444,0.38158275175123413,0.44418558285975446,0.020121326230417118,0,0.4552777777777778,1,0,0
56,93092.0,960400.0,744.0687870652581,180,1,2,5,9346.0,160,533311.5738097274,47603.957432251795,2,3,1.0,0.6,0.4774054822198537,0.5113646439248464,0.01752446498251775,6,0.6233333333333333,1,1,1
58,125060.0,913674.0,695.0401922226355,60,3,6,6,1553.0,131,333334.1246174869,32365.74090572589,6,5,1.0,0.8333333333333334,0.22211613400067096,0.25880170242864137,0.0046589889402476395,2,0.43333333333333335,0,1,0
66,173073.0,525208.0,689.2370110930467,15,5,2,6,11249.0,80,213368.780014203,15973.089075200414,1,5,0.5,0.8333333333333334,0.10273544497322083,0.092291051031648,0.052720927584866004,0,0.4652777777777778,1,1,1
60,87932.0,654170.0,716.8806609989932,120,5,2,8,12166.0,29,429868.5672127646,34564.99867446809,1,0,0.5,0.0,0.4073873061122653,0.39308782552959204,0.028301673878793763,4,0.6394444444444445,0,0,0
46,50370.0,994856.0,701.2634852862034,5,1,2,7,13642.0,131,367557.81558383815,17753.250106791256,0,0,0.0,0.0,0.6080964456088911,0.3524568216555739,0.03711524941547142,0,0.4930555555555556,0,0,1
45,139141.0,577414.0,717.8949087710187,90,0,6,4,4823.0,167,99875.53350597338,20172.294570006317,0,2,0.0,0.5,0.05981674075576416,0.144977358003797,0.04829010500065609,3,0.5750000000000001,0,0,0
32,19072.0,466562.0,694.27996227775,120,1,6,5,21844.0,34,339139.08931191487,16086.066790572575,4,0,0.6666666666666666,0.0,1.4818367646808361,0.8434389047070352,0.06441015113981602,4,0.4922222222222222,0,0,0
50,92179.0,1237664.0,738.9948677154455,45,5,3,0,10688.0,0,765983.6685762753,37443.03403379556,3,0,1.0,0.0,0.6924784645239835,0.40619917805352146,0.013953300100856793,1,0.35416666666666663,0,1,1
27,176758.0,652371.0,566.0954535414701,60,1,6,8,17202.0,41,220397.75360524957,12724.563661156051,6,8,1.0,1.0,0.10390748632086882,0.07198861528845117,0.0780497973260208,2,0.2411111111111111,1,1,0
66,85137.0,984677.0,670.810856743953,90,0,5,8,16349.0,53,857807.0248348967,24671.33103669707,2,6,0.4,0.75,0.8396339868240764,0.2897838899267894,0.019059065182109827,3,0.4077777777777778,1,0,0
62,128823.0,95224.0,583.1307454308089,120,4,5,6,16934.0,68,78447.53303323346,5173.01806729658,2,4,0.4,0.6666666666666666,0.05074632961067605,0.04015601303568912,0.21586402204421257,4,0.6411111111111111,1,1,0
26,103095.0,162035.0,699.3691412323419,60,6,6,8,15154.0,175,141502.23149949277,7667.181129585932,5,5,0.8333333333333334,0.625,0.11437851132409653,0.07437005800073652,0.10709371745882552,2,0.5791666666666666,1,1,0
59,52778.0,1279849.0,794.9351123097588,15,1,2,3,9035.0,173,683666.2150193928,62112.76941072966,0,1,0.0,0.3333333333333333,1.0794684259530372,1.176868570440897,0.013215513362385056,0,0.47916666666666663,0,0,1
26,69471.0,256169.0,646.8140652637122,5,0,3,2,14714.0,120,83607.12323921981,9063.582968123417,3,0,1.0,0.0,0.10029019691576319,0.13046570465551693,0.17598978926591882,0,0.30972222222222223,0,0,0
56,102812.0,1203913.0,688.9076421208051,30,0,1,11,15911.0,39,337543.354901811,49929.90460777411,0,9,0.0,0.8181818181818182,0.27359270229627136,0.48564277134745076,0.04713764845001436,1,0.3131818181818182,1,1,1
25,34888.0,1355269.0,732.9540700445148,0,0,2,11,550.0,38,1167418.7401406302,47705.79030962867,0,5,0.0,0.45454545454545453,2.7884916020327672,1.3673982546901131,0.00047112486812893344,0,0.288989898989899,0,1,1
44,85212.0,748024.0,535.2593947763432,90,1,3,10,21715.0,14,611974.4810333704,31487.603655986568,3,4,1.0,0.4,0.5984822961489876,0.3695207676851449,0.035483505722873274,3,0.2994444444444444,1,1,1
53,85206.0,1332522.0,643.4522662499069,30,1,0,0,13353.0,142,940364.8569853773,66011.45686899708,0,0,0.0,0.0,0.919697416638673,0.7747277993216097,0.014199807554279584,1,0.5416666666666666,0,0,1
56,153255.0,669479.0,705.5160961490996,90,4,1,6,8782.0,39,356756.0697945934,16538.667381674262,1,3,1.0,0.5,0.19398827107032582,0.10791600523098276,0.024616259521684784,3,0.445,1,0,0
41,38064.0,1430157.0,477.21036920399075,0,1,5,8,868.0,161,626845.9178503541,75849.42172906626,2,4,0.4,0.5,1.3723507729314535,1.9926813190696264,0.0013847103016585587,0,0.37333333333333335,1,1,0
66,154516.0,393817.0,611.623405484752,15,3,1,0,9142.0,108,266844.0355224471,20299.089593253793,0,0,0.0,0.0,0.1439139180421699,0.13137208828376215,0.0342597127273282,0,0.5791666666666667,1,1,0
58,84491.0,670383.0,757.0600581366903,30,2,4,11,12145.0,87,105348.46291062125,21299.175227609885,0,11,0.0,1.0,0.10390501444988347,0.25208809491673534,0.11528407405719765,1,0.4683333333333334,0,0,1
31,123518.0,613925.0,750.2097830315507,0,4,5,9,25099.0,167,333489.0988950829,33196.50169745455,1,1,0.2,0.1111111111111111,0.22499358993229251,0.26875841332805384,0.07526183039613014,0,0.5422222222222223,0,0,1
53,108223.0,1186888.0,706.202275915907,120,4,1,3,19409.0,28,782153.0492352421,59701.61283786413,1,0,1.0,0.0,0.6022695801225572,0.5516536488349438,0.024814836455572656,4,0.5288888888888889,0,1,1
56,66564.0,113391.0,741.7538347960224,60,4,3,6,12549.0,83,81110.84876341307,1882.6416339542282,2,0,0.6666666666666666,0.0,0.101544940162116,0.028283180607448895,0.15471419904140513,2,0.5844444444444444,0,0,1
37,168775.0,1250926.0,695.0572964095024,120,6,6,10,3777.0,46,610840.7457167032,20871.158253725465,4,6,0.6666666666666666,0.6,0.3016050687388057,0.12366261741208985,0.006183281037626955,4,0.6255555555555556,1,1,1
57,54363.0,83975.0,718.877643520962,120,1,5,10,8243.0,32,59526.04719970212,3635.393901466168,4,0,0.8,0.0,0.09124779598823668,0.06687257696348928,0.13847719423306926,4,0.46777777777777774,0,1,1
65,23868.0,507760.0,657.904240381157,0,3,6,9,27503.0,169,112662.43621448097,23533.09114424143,1,7,0.16666666666666666,0.7777777777777778,0.3933524531258064,0.9859682899380522,0.24411863371781875,0,0.44722222222222224,1,0,0
61,139520.0,914298.0,688.1068878045465,120,2,4,11,3835.0,108,297106.60771269695,22809.428132718396,0,8,0.0,0.7272727272727273,0.17745759730546215,0.16348500668519492,0.012907824667798898,4,0.6772727272727272,0,0,0
58,118676.0,260739.0,635.7340729508925,0,3,6,8,18915.0,28,67390.48187431225,9112.688803459208,6,6,1.0,0.75,0.047321054716421354,0.07678628200697031,0.28067761906314515,0,0.18722222222222223,1,1,1
52,162267.0,760669.0,768.4438340927619,120,0,2,11,15513.0,19,307978.4860810827,27817.617149997448,0,5,0.0,0.45454545454545453,0.15816446868488496,0.17143114219155742,0.05037040150887628,4,0.48010101010101014,0,0,1
34,92153.0,1495688.0,786.5091586651541,90,2,4,11,6527.0,56,610457.2338444238,49094.20928115986,2,4,0.5,0.36363636363636365,0.5520323391935367,0.5327467286052529,0.010691985675876876,3,0.5047474747474747,1,1,0
59,20728.0,1243652.0,776.5938960487952,120,6,4,0,26204.0,150,535335.9076507597,22093.34989198015,1,0,0.25,0.0,2.1522252816269445,1.0658698326891234,0.048948706084357904,4,0.8458333333333333,0,0,0
38,21282.0,93817.0,651.4323866825497,45,5,6,7,11822.0,26,46849.27038664515,2228.7020244686605,5,7,0.8333333333333334,1.0,0.18344638030043053,0.10472239566152902,0.25234117633921527,1,0.3369444444444444,1,1,0
47,88187.0,908055.0,613.2358172444439,5,2,2,4,19835.0,133,433369.52262637217,43205.646969371446,0,4,0.0,1.0,0.4095175806584986,0.48993215518581473,0.04576925456084891,0,0.42638888888888893,1,0,0
36,58426.0,916137.0,769.3881562525114,5,0,6,5,2907.0,19,474425.16258696694,16420.358970632828,0,1,0.0,0.2,0.676675285242539,0.2810454073637221,0.006127415300125691,0,0.28194444444444444,1,0,0
36,167393.0,148926.0,718.0735041813989,5,4,3,2,28970.0,60,106399.80814347771,5940.006750329284,1,0,0.3333333333333333,0.0,0.05296906488696148,0.035485395149912384,0.27227492704624634,0,0.47638888888888886,1,0,1
28,37194.0,992807.0,703.000903906655,120,2,0,8,661.0,93,254667.45947067466,40075.97300130148,0,2,0.0,0.25,0.5705836502990506,1.077484890071019,0.002595541658026848,4,0.7250000000000001,1,0,1
68,160691.0,805450.0,635.6457540538398,45,2,4,10,9311.0,23,332674.9582464344,42897.94909480296,0,5,0.0,0.5,0.17252312318177662,0.26695925157477995,0.027988280359541595,1,0.4052777777777778,0,1,1
28,53120.0,1038594.0,709.7964668845735,5,0,6,4,27475.0,71,155894.29040106694,56601.34731855623,1,3,0.16666666666666666,0.75,0.244563081075971,1.065537411870411,0.17624122044056567,0,0.3175,1,0,1
25,37343.0,481377.0,604.0305358236645,5,2,3,8,19136.0,48,82398.21204588313,25417.524440408717,1,1,0.3333333333333333,0.125,0.18387696945854004,0.6806503076991328,0.2322380489196075,0,0.3705555555555556,1,0,1
66,62480.0,420660.0,724.3843649255323,0,1,3,3,20255.0,8,254421.77707841346,15418.390998561583,3,0,1.0,0.0,0.3393376241442774,0.24677322340847604,0.0796118957763484,0,0.1511111111111111,0,1,1
48,41350.0,1117139.0,776.5220689724347,15,0,6,8,9433.0,0,901532.4730151943,18623.856541504865,1,3,0.16666666666666666,0.375,1.8168731822152242,0.4503955632770221,0.010463294759035282,0,0.21666666666666667,1,0,1
42,83011.0,1096289.0,794.1731880735566,90,4,6,0,23389.0,26,415967.4392701306,28604.399422529055,5,0,0.8333333333333334,0.0,0.41758264895629355,0.3445856503659642,0.056227958710035254,3,0.49111111111111105,1,1,1
57,71534.0,284491.0,729.5966837876871,180,6,2,10,27947.0,134,128425.39904267337,9678.333106871116,1,5,0.5,0.5,0.1496088096134628,0.13529696517559645,0.2176127168638482,6,0.875,0,0,0
39,103704.0,363779.0,583.2584915265215,60,0,5,4,18665.0,6,111828.32514613155,6025.924083807154,5,3,1.0,0.75,0.08986179024445501,0.05810695907397163,0.16690762358829508,2,0.15499999999999997,1,1,0
27,105004.0,900222.0,693.8131091662215,180,0,4,6,6551.0,91,231446.85292219266,14839.16338733165,2,0,0.5,0.0,0.18368098113896666,0.1413199819752738,0.028304554230436228,6,0.725,1,0,1
56,18160.0,1252105.0,829.7777220840399,30,0,4,9,27202.0,4,1018053.5808321678,35010.010527497,0,6,0.0,0.6666666666666666,4.671684934068318,1.9278640158313325,0.02671961526599101,1,0.25055555555555553,1,0,0
29,38229.0,342604.0,619.1971886690401,15,3,5,0,129.0,38,198398.55370912672,10447.294073969926,2,0,0.4,0.0,0.43247829681900896,0.27328190834104804,0.0006502063527596459,0,0.40361111111111114,0,1,1
48,44222.0,367719.0,675.8572898962848,90,5,2,11,26877.0,32,249554.73776135154,14059.285453563425,0,1,0.0,0.09090909090909091,0.47026882879063125,0.31792513802097205,0.10769981864941548,3,0.6536868686868688,1,0,0
67,49545.0,1221278.0,778.9467046260684,5,2,2,7,287.0,61,990967.6884787873,63890.310979461574,0,2,0.0,0.2857142857142857,1.6667805168345062,1.289541043081271,0.00028961590103968716,0,0.43337301587301585,1,0,0
66,33157.0,1060223.0,723.1993745451509,180,0,0,11,1744.0,133,626904.5166086653,32492.736239565464,0,6,0.0,0.5454545454545454,1.5755961953953046,0.979966107897743,0.0027819228507627147,6,0.7454545454545455,0,0,0
38,68970.0,1358314.0,850.0,120,0,5,6,1261.0,75,387408.9644075343,22987.594235572877,3,0,0.6,0.0,0.46808873955769936,0.33329845201642566,0.0032549582375525337,4,0.56,0,1,1
59,107047.0,1185949.0,628.6991431739988,0,4,1,2,5684.0,2,812360.3811490546,43407.80280325901,1,1,1.0,0.5,0.6324016406726755,0.405502282205564,0.006996894644172806,0,0.18777777777777777,1,1,0
51,68040.0,1432253.0,610.7170949981424,5,2,4,6,21821.0,26,1018123.5439573209,41991.50658864319,3,0,0.75,0.0,1.2469669115683433,0.6171591209383185,0.021432565948906808,0,0.27166666666666667,1,1,0
44,71310.0,323971.0,765.6887805084622,60,2,4,6,11873.0,54,149176.1498025356,16536.82206568675,1,1,0.25,0.16666666666666666,0.17432822629193614,0.23190046368933878,0.07959047083408631,2,0.49916666666666665,0,0,0
27,94067.0,444309.0,596.2884960209925,90,1,4,11,2374.0,50,272188.3675202669,14333.374020563544,3,6,0.75,0.5454545454545454,0.24112987508926875,0.1523740952785094,0.00872190101887155,3,0.40239898989898987,1,1,1
39,106840.0,395080.0,666.2262407827725,5,6,6,6,10232.0,101,202838.96127746918,11011.62899619363,1,1,0.16666666666666666,0.16666666666666666,0.1582108458734784,0.1030665387139052,0.05044395778581885,0,0.6180555555555556,0,0,1
52,71616.0,130380.0,675.4047418598296,90,2,6,4,29930.0,63,52119.348053059024,5730.880314745058,0,2,0.0,0.5,0.0606467689402031,0.08002234577112738,0.5742589099451202,3,0.5816666666666667,1,1,0
69,53935.0,1179700.0,752.5192631370146,45,4,0,2,15767.0,133,771891.9698840193,40971.12011560607,0,0,0.0,0.0,1.1926268809431404,0.7596388266544186,0.02042643351033833,1,0.6708333333333333,1,0,0
21,84319.0,1009543.0,722.9987577617673,90,5,5,3,21874.0,45,338791.8278365818,37559.00061386435,4,2,0.8,0.6666666666666666,0.334831441545976,0.4454393507259853,0.06456472146828479,3,0.505,1,0,1
56,21925.0,174698.0,711.9945439923804,30,0,1,6,7995.0,122,69111.07042528878,3683.104933748059,1,0,1.0,0.0,0.262679857184678,0.1679865420181555,0.11568334784573832,1,0.3583333333333334,0,0,1
62,97796.0,337293.0,651.8298385468834,45,1,4,4,15625.0,18,153220.93175324152,10121.38995276085,3,0,0.75,0.0,0.13056168942939173,0.10349492773488538,0.10197692848627023,1,0.29833333333333334,1,1,0
67,170501.0,326603.0,765.050281335736,30,6,4,4,23923.0,177,199543.06402502937,5505.534492734035,2,4,0.5,1.0,0.09752780727827079,0.03229033549793863,0.11988890777481125,1,0.5333333333333333,1,0,0
41,82465.0,634248.0,850.0,5,6,0,0,20233.0,177,500518.75332325266,28664.934754914957,0,0,0.0,0.0,0.505789075489857,0.3476012217900316,0.040424059769310614,0,0.6597222222222222,0,1,0
26,35545.0,710519.0,728.3897469246041,5,2,1,11,224.0,49,434260.31011026236,17637.402498818254,0,3,0.0,0.2727272727272727,1.0180998502139598,0.4961992544329232,0.0005158196473058395,0,0.40800505050505054,1,0,0
34,132547.0,469038.0,686.9770545282786,5,1,6,10,18212.0,42,325775.5108086561,9296.628857639365,2,7,0.3333333333333333,0.7,0.20481760608730998,0.07013835739503245,0.05590352680222424,0,0.2663888888888889,0,1,1
62,38551.0,1398763.0,589.1495920305488,120,2,0,3,23745.0,0,516833.09811832354,53964.949668905945,0,0,0.0,0.0,1.117206423781319,1.3998326805765335,0.045943265023951366,4,0.5499999999999999,0,0,1
64,49369.0,358513.0,635.3762985477993,30,6,1,1,4055.0,175,211723.90079680984,13687.01755212736,1,0,1.0,0.0,0.35738334581891784,0.2772391085929907,0.01915230158115951,1,0.5583333333333333,0,1,0
52,41740.0,864722.0,665.0402836236888,30,4,0,10,11801.0,6,197060.48232621944,23893.914235760873,0,8,0.0,0.8,0.3934285304388665,0.5724464359310223,0.059885167541934126,1,0.375,0,0,0
27,161153.0,685072.0,642.5779831813007,120,0,1,10,19348.0,0,340791.8070966502,36647.27384702857,1,3,1.0,0.3,0.17622580565086707,0.22740671192611103,0.05677366532028399,4,0.3033333333333333,0,1,0
26,176966.0,612132.0,678.8745515831206,120,5,4,10,154.0,17,408542.48379803204,24742.897235470653,4,3,1.0,0.3,0.1923827570446828,0.13981723740984514,0.0003769497814972207,4,0.5077777777777778,0,1,0
44,110281.0,1247395.0,804.4611253765102,15,1,5,6,21322.0,53,355247.9811413327,64934.08908903773,0,1,0.0,0.16666666666666666,0.26844151239510333,0.5888057697068192,0.06002004552284058,0,0.41361111111111115,0,0,0
49,118060.0,1468636.0,767.3016842158464,30,2,4,8,25411.0,175,1213934.5845868287,39688.165678056976,1,2,0.25,0.25,0.8568627425227489,0.3361694534817633,0.020932758916864382,1,0.5125,0,0,1
22,122564.0,58519.0,668.8817098472222,30,3,1,8,15787.0,29,27088.12409498211,2169.4235290345223,0,2,0.0,0.25,0.018417673008239308,0.017700332308300336,0.5828015238207076,1,0.4477777777777778,1,0,0
54,116866.0,722381.0,595.4204038733898,120,2,6,2,13402.0,102,471972.2490412889,22784.495705400204,0,2,0.0,1.0,0.33654801870039824,0.19496256999811926,0.028395737307062668,4,0.65,1,0,1
47,106144.0,222776.0,773.6157350031689,90,4,2,6,2755.0,117,111927.31252919928,7024.424479183442,2,6,1.0,1.0,0.08787379450651887,0.06617825293171015,0.02461418877792928,3,0.5083333333333333,0,1,0
21,177845.0,678915.0,676.5662008577045,45,1,2,3,21741.0,143,474693.04087730404,11480.923055500267,0,0,0.0,0.0,0.2224282572264725,0.06455578203210811,0.045800123717464586,1,0.5708333333333333,1,0,0
25,136767.0,944698.0,559.1449702078352,15,6,3,9,28296.0,125,555697.2776674264,22470.072247268745,2,1,0.6666666666666666,0.1111111111111111,0.33859122794450075,0.16429454654462514,0.050919810366489834,0,0.5680555555555555,0,0,1
43,32327.0,646884.0,729.8701082945125,30,4,0,11,26353.0,177,156500.2188349348,32197.368955853904,0,7,0.0,0.6363636363636364,0.40343010186256795,0.9959900069865408,0.1683895408976728,1,0.578030303030303,1,1,1
56,81494.0,498188.0,751.7980678963426,0,2,2,0,16489.0,119,420239.43993405683,24408.328514731864,0,0,0.0,0.0,0.42972431501506947,0.2995107433029654,0.03923715490051915,0,0.5166666666666666,1,0,1
61,175869.0,502661.0,510.18641165457313,90,6,5,0,1029.0,151,324239.2078648421,9653.061829880871,0,0,0.0,0.0,0.15363670680300018,0.05488779619990374,0.0031735828827614667,3,0.825,0,0,0
42,83393.0,484807.0,622.2811750506968,180,3,4,3,8577.0,57,244369.03442224854,7624.037022317309,4,3,1.0,1.0,0.2441941913812196,0.09142298541025397,0.03509855502059924,6,0.5766666666666667,0,1,1
35,51050.0,522257.0,672.26821920846,120,2,6,1,7864.0,73,343359.7692783115,9965.619700617506,2,0,0.3333333333333333,0.0,0.5604958688839561,0.19521292263697368,0.022903090879076767,4,0.6622222222222222,1,0,1
68,158695.0,592280.0,731.4157637916032,15,0,5,0,224.0,132,204734.59326510588,24018.17174188384,2,0,0.4,0.0,0.10750947481285164,0.1513480055570991,0.001094099421244107,0,0.4191666666666667,1,0,1
43,118937.0,1047363.0,643.897739076308,45,6,2,11,3566.0,157,761140.3372471634,25757.710520760324,0,10,0.0,0.9090909090909091,0.5332937726465575,0.2165660015029833,0.0046850755708168716,1,0.646590909090909,0,1,0
36,109136.0,189206.0,621.7500668618245,180,5,5,6,17244.0,0,86735.63598468721,8609.813066764025,4,0,0.8,0.0,0.0662290139403185,0.07889067829830693,0.19881101699703166,6,0.6466666666666666,1,1,0
42,86053.0,109211.0,730.9018474776198,30,1,6,9,2940.0,78,82320.57733508896,1663.6292691480626,6,7,1.0,0.7777777777777778,0.07971887222127542,0.01933261210124066,0.035714035240941286,1,0.2872222222222222,1,0,1
21,38148.0,799279.0,647.2174338680088,120,6,4,6,1159.0,144,284175.56712812814,34873.26484731701,1,6,0.25,1.0,0.6207742807139914,0.9141570946659592,0.004078464632666446,4,0.7458333333333333,0,0,1
35,80200.0,1038634.0,717.9438255384088,60,5,5,8,28369.0,20,771403.833949251,52404.933834218806,4,4,0.8,0.5,0.8015418058491801,0.6534281026710574,0.03677580892327576,2,0.40777777777777774,0,1,1
46,88871.0,425140.0,602.1939041517786,45,2,3,8,18141.0,63,352874.20334838005,7139.060982356496,1,5,0.3333333333333333,0.625,0.3308861564780975,0.08033060258528087,0.05140925527528585,1,0.43166666666666664,0,1,0
66,168861.0,341746.0,585.3366886534521,60,6,6,1,24167.0,98,302655.58259505534,16983.34002746247,3,0,0.5,0.0,0.14936130041624734,0.10057585841291043,0.07984984051106953,2,0.6916666666666665,1,0,0
57,67777.0,955902.0,732.8688410299278,15,3,1,1,7456.0,14,700229.2726094307,49434.235299836815,1,1,1.0,1.0,0.8609475099830212,0.7293659397706717,0.010647941026822452,0,0.1602777777777778,1,1,0
59,42174.0,607101.0,697.6763937222049,30,4,2,5,10941.0,164,411620.49807838025,22118.878637029207,2,4,1.0,0.8,0.8133377951628575,0.5244671749663111,0.02658030892795001,1,0.4116666666666667,1,1,0
47,87259.0,1117298.0,744.5719013265345,15,1,1,4,18313.0,66,603292.2907295879,29475.604681221834,1,4,1.0,1.0,0.5761509707972701,0.33779443588881186,0.030355103622911016,0,0.20916666666666667,1,1,0
26,179525.0,262481.0,642.7184899354991,90,0,0,10,20618.0,141,60187.08122639572,9846.335826516965,0,9,0.0,0.9,0.027938115038015004,0.05484659978563969,0.3425652080127412,3,0.535,1,0,0
40,96116.0,225613.0,624.3426288264178,60,3,4,3,11045.0,76,128574.6885810283,6187.090683847664,1,0,0.25,0.0,0.11147527343784966,0.06437107956893404,0.085903377421283,2,0.5980555555555556,0,0,1
69,79418.0,851489.0,775.2503221278637,30,2,0,3,27583.0,72,487426.1636758045,44557.054134308964,0,2,0.0,0.6666666666666666,0.5114564327102635,0.5610447774346995,0.056589083753710696,1,0.4683333333333334,0,0,0
23,126035.0,619108.0,573.392886520387,120,6,1,6,21102.0,173,122924.13835704511,22749.290531875995,0,3,0.0,0.5,0.08127645651144862,0.18049978602670683,0.17166685308549562,4,0.8333333333333334,1,0,1
64,123101.0,1107558.0,767.6022496426438,45,0,5,2,6624.0,153,739815.1457013069,51997.82943695152,5,0,1.0,0.0,0.5008185322765499,0.42239973222761407,0.008953587985443021,1,0.38749999999999996,1,1,0
54,66484.0,783884.0,772.4353295237668,180,5,1,10,2945.0,92,205147.79560849944,30884.095379766364,0,8,0.0,0.8,0.2571393062096387,0.46453425455397335,0.014355503997811353,6,0.8866666666666666,1,0,0
34,174800.0,564250.0,740.2062659986252,60,4,6,0,424.0,83,337116.2080176344,14973.10156065092,3,0,0.5,0.0,0.16071520214418117,0.08565847574743089,0.0012577265343997365,2,0.6094444444444445,1,0,0
59,114057.0,281532.0,631.8534738092686,120,6,0,10,25338.0,140,142025.83418606676,9855.080885706215,0,2,0.0,0.2,0.1037681701445087,0.08640487550703783,0.17840416249064178,4,0.8633333333333333,0,0,0
62,27331.0,286954.0,622.8433314292248,180,6,3,7,24723.0,123,231368.34059230227,14403.8434843208,3,3,1.0,0.42857142857142855,0.7054515037634379,0.5270148726472065,0.10685558766039119,6,0.8071428571428572,1,0,0
23,84026.0,1145978.0,665.296095890126,15,6,0,10,14365.0,176,371506.9645543583,34740.229116559654,0,0,0.0,0.0,0.36844445425062705,0.4134461847113947,0.03866683903821711,0,0.6791666666666667,1,0,1
26,167504.0,378433.0,589.3472226218021,15,2,0,3,21680.0,59,105357.74224868466,10843.344230189325,0,3,0.0,1.0,0.05241553547412035,0.06473483755724833,0.20577510050307352,0,0.3769444444444444,0,0,1
53,81723.0,778548.0,612.6814200872482,120,4,5,10,26505.0,20,438617.0762313947,41463.3011094884,5,1,1.0,0.1,0.4472599270619396,0.5073639135798783,0.060428563857411584,4,0.5011111111111111,1,1,1
69,109985.0,1236263.0,725.1314004056333,15,1,0,10,4807.0,35,612175.4307896068,35063.43380459165,0,5,0.0,0.5,0.4638325156381982,0.31880196212748696,0.00785232428194603,0,0.34027777777777773,1,0,0
22,117245.0,1351860.0,725.454437995691,90,3,6,5,29423.0,94,366317.7883455129,66754.9050227427,3,3,0.5,0.6,0.26036489711395855,0.5693624889994687,0.08032096975931748,3,0.5900000000000001,1,0,0
53,132112.0,438090.0,606.5297621425531,5,1,4,3,14689.0,56,267359.3773268992,9695.47002771772,4,0,1.0,0.0,0.16864439347352952,0.07338826168491673,0.05494103160645763,0,0.2675,1,1,1
27,159315.0,208947.0,727.3285354710052,120,1,3,2,13146.0,145,173292.91471024943,9751.347226047585,3,2,1.0,1.0,0.09064479945927326,0.06120796677053375,0.07585999705747046,4,0.4666666666666667,0,1,1
52,42167.0,1173318.0,711.8012314017865,90,3,6,1,4813.0,157,827412.5651450832,46477.550071146674,3,0,0.5,0.0,1.6351897715138284,1.1022256757926026,0.005816928824565362,3,0.65,1,0,0
51,101712.0,1046551.0,785.6920378203972,45,0,2,6,20173.0,33,321466.7389670333,20729.93898703204,0,4,0.0,0.6666666666666666,0.2633798854994439,0.20381015993227977,0.06275299293737745,1,0.3441666666666666,0,0,1
25,104408.0,530239.0,719.8395509307265,45,3,2,11,18078.0,178,174345.03038734358,9309.833826431433,0,2,0.0,0.18181818181818182,0.13915363317254073,0.08916782072668218,0.10369093951135848,1,0.6193181818181818,1,0,0
54,42688.0,910672.0,754.1006737614065,60,2,2,6,898.0,113,517417.3520472179,24526.484020538937,0,4,0.0,0.6666666666666666,1.0100757278532957,0.574552193134814,0.0017355428774218059,2,0.5666666666666667,1,0,0
64,127109.0,323662.0,713.3954313651147,30,1,4,11,19427.0,47,213014.21437853877,13366.671094929145,0,2,0.0,0.18181818181818182,0.13965324667446757,0.10515912401898485,0.0912004865810367,1,0.42792929292929294,1,0,0
63,37140.0,1065989.0,748.5950376788031,30,3,5,9,4241.0,36,942597.1210800929,31344.925871419724,0,7,0.0,0.7777777777777778,2.114963922725033,0.8439667709052161,0.00449927111504475,1,0.4105555555555555,1,0,0
22,91912.0,1104597.0,589.9017990402558,5,5,3,8,8300.0,29,252527.2702685926,28549.518218210444,1,5,0.3333333333333333,0.625,0.22895747224572835,0.3106179630321443,0.032867737378113535,0,0.3783333333333333,1,0,1
33,71500.0,484084.0,671.4778880022361,5,4,1,8,18350.0,84,270970.22748159466,18528.10268534051,1,5,1.0,0.625,0.3158161159459145,0.25913430329147563,0.06771961691343527,0,0.3672222222222222,1,1,0
32,43107.0,729390.0,677.2712062240729,180,0,6,11,23425.0,12,649544.2325271966,38732.20738164228,1,11,0.16666666666666666,1.0,1.25568204801849,0.8985131737685823,0.03606374874403829,6,0.5016666666666667,1,0,0
43,151215.0,534398.0,662.9375037145302,90,3,4,10,4025.0,23,124606.96581792821,10620.684252933474,1,4,0.25,0.4,0.06866986620481225,0.07023565289775137,0.03230156495328843,3,0.4986111111111111,1,0,1
28,57547.0,95352.0,711.0720641221708,30,4,5,1,14207.0,135,83855.07443443534,3888.7646897091663,2,1,0.4,1.0,0.1214298376898236,0.06757545466677961,0.1694232590671442,1,0.4816666666666667,1,0,0
62,59348.0,234599.0,724.4065758147026,120,4,3,7,8552.0,87,116509.71125428179,12080.930321348349,2,6,0.6666666666666666,0.8571428571428571,0.16359679525044624,0.20356086677475818,0.07340160668096848,4,0.6242857142857143,1,0,0
59,156411.0,1441916.0,707.4579953949803,60,2,1,5,21190.0,95,992099.1222236368,52837.59641064067,1,1,1.0,0.2,0.5285748882877146,0.3378125349920445,0.02135875289608753,2,0.4633333333333333,0,1,1
60,160133.0,711249.0,667.6139283145063,60,0,6,10,24843.0,58,333542.7902104817,38099.79610040564,4,3,0.6666666666666666,0.3,0.17357591825257843,0.2379259496818622,0.07448219757447871,2,0.3655555555555556,0,0,0
30,23584.0,264242.0,628.4988944108412,5,0,4,2,19194.0,100,206315.6838723144,10283.184379337683,0,2,0.0,1.0,0.7290100770024678,0.43602376099634,0.09303219047505312,0,0.3597222222222222,1,0,1
21,63015.0,114191.0,756.8030251909364,45,2,2,9,23849.0,61,94937.07474163745,4785.0689841172625,0,9,0.0,1.0,0.12554824875246298,0.07593539608215921,0.2512084985228676,1,0.43972222222222224,1,0,1
65,132835.0,562440.0,704.4812971629684,0,4,5,5,13522.0,8,154670.37460231283,26238.501571537596,5,0,1.0,0.0,0.09703163988049888,0.19752701902011965,0.08742462824421066,0,0.2511111111111111,1,1,0
35,144058.0,1475089.0,608.6970299120414,90,5,0,11,17937.0,102,1047950.0865329002,33910.73734635419,0,1,0.0,0.09090909090909091,0.6062084290892674,0.23539641912531195,0.017116273218072655,3,0.7825757575757577,1,0,0
53,179901.0,607952.0,666.4418720845264,0,4,6,9,8781.0,14,100649.27855555691,22742.076441692512,6,1,1.0,0.1111111111111111,0.04662253061200184,0.12641439703888535,0.08724354636236183,0,0.25333333333333335,1,1,0
65,107854.0,1499217.0,557.9690225604847,45,2,4,4,29654.0,123,536187.6239803918,59324.822003612215,0,3,0.0,0.75,0.41428507054319713,0.5500474901590318,0.05530526754769789,1,0.5291666666666667,1,1,0
22,19212.0,759673.0,682.475943004321,30,3,4,10,6129.0,164,428650.71883760515,15046.012484957262,3,4,0.75,0.4,1.8593011261954557,0.7831570104599865,0.014298354652525333,1,0.4558333333333333,1,1,1
21,159528.0,1157737.0,666.1134040180983,5,0,0,2,27634.0,120,697425.1479831795,38460.56950888719,0,1,0.0,0.5,0.36431699972375775,0.24108977426462558,0.039622890112167956,0,0.4097222222222222,0,0,0
21,44089.0,1188893.0,639.7873134751263,45,5,1,0,22378.0,103,504030.99452548387,54483.559810193,0,0,0.0,0.0,0.9526771502443615,1.2357631112112546,0.0443980632997929,1,0.7041666666666666,1,0,0
28,37569.0,90836.0,790.9220132862471,5,2,5,6,29605.0,173,32049.54222424279,1510.4436548782849,3,2,0.6,0.3333333333333333,0.07109039860932061,0.040204521144515025,0.9237261422600384,0,0.4030555555555556,1,0,1
23,127211.0,58830.0,599.0692116320521,15,3,3,4,19258.0,39,16398.13416127772,1855.4793914918912,0,2,0.0,0.5,0.010742083468461665,0.014585840780214692,1.1744019051554975,0,0.41583333333333333,1,0,1
61,115818.0,1387587.0,729.4475066177635,180,3,0,1,10563.0,139,457604.68510844355,28901.641330035978,0,1,0.0,1.0,0.32925558858758536,0.24954360574380474,0.023083242684669568,6,0.7999999999999999,0,0,0
50,27718.0,1402084.0,833.0695712652312,30,2,4,11,8428.0,37,347254.5683971326,30887.83186574392,3,5,0.75,0.45454545454545453,1.0440104156057814,1.1143600499943689,0.024270379044693924,1,0.2992676767676768,1,0,0
69,45423.0,242308.0,755.4087532601682,30,1,5,0,5389.0,0,83808.16806592731,8602.65621929994,5,0,1.0,0.0,0.1537550141006526,0.18938987339673605,0.0643016083558916,1,0.19166666666666665,1,1,0
60,113545.0,986684.0,677.7922852531563,0,6,1,7,29012.0,43,755759.9773708582,15963.82955781743,0,3,0.0,0.42857142857142855,0.5546699380354765,0.14059473827836919,0.0383878491434901,0,0.5026984126984128,0,0,1
68,59366.0,1389415.0,600.615195240367,15,0,4,3,3196.0,90,508028.07263431634,44458.87471076439,2,0,0.5,0.0,0.7131299518162982,0.7488945644100055,0.006290990935653496,0,0.4041666666666667,1,0,1
32,128808.0,1428440.0,584.6556476390881,30,6,6,3,24310.0,11,1186700.3964298528,22895.33121605058,1,1,0.16666666666666666,0.3333333333333333,0.7677450135277912,0.1777477425008585,0.020485372780809544,1,0.47444444444444445,0,0,0
35,84705.0,479744.0,651.1913813529735,90,0,3,2,20954.0,50,160196.9980240459,24957.43626338403,0,2,0.0,1.0,0.157602855030248,0.29463946949275754,0.13080145232718257,3,0.4361111111111111,1,1,0
62,113279.0,1235214.0,631.9099486260264,5,0,1,4,3804.0,8,641042.6146799858,62153.694065614174,1,0,1.0,0.0,0.47158094518841814,0.5486779903213673,0.005934082872008425,0,0.1275,0,1,0
32,94942.0,987182.0,629.6317163729308,180,6,6,8,27471.0,43,272143.7921765651,23164.747902226518,0,3,0.0,0.375,0.2388684601972477,0.24398841294923762,0.10094296026483307,6,0.8580555555555557,0,0,0
23,77159.0,1395365.0,657.158058117013,5,6,6,3,4876.0,129,227194.7406647819,24603.31948954491,0,1,0.0,0.3333333333333333,0.245375070379327,0.3188651938146543,0.02146176441291118,0,0.6263888888888889,1,0,0
53,73469.0,262743.0,672.8427034980019,60,6,3,8,4824.0,27,162678.68877702835,6575.255565336818,1,4,0.3333333333333333,0.5,0.18452078288918722,0.08949700642906284,0.029653546117598108,2,0.5266666666666667,1,0,0
60,130959.0,921450.0,713.9648363351707,0,5,2,5,16321.0,47,371643.2263000733,14868.219033762703,0,4,0.0,0.8,0.23648828151054485,0.11353338857018383,0.04391577417537014,0,0.4411111111111111,1,0,1
68,101330.0,85510.0,593.35426463763,120,3,5,9,3094.0,24,34957.02775791912,3795.9215991461765,5,8,1.0,0.8888888888888888,0.028748501396360995,0.03746098489239294,0.08850866902719123,4,0.3977777777777778,0,1,1
66,114275.0,568098.0,632.2429342706865,90,0,0,5,3071.0,69,258947.07542094754,21562.601118230767,0,2,0.0,0.4,0.1888332789476756,0.18869044951416117,0.011859566264680706,3,0.5383333333333333,1,0,0
26,111524.0,66541.0,668.8229542024263,120,4,2,4,18727.0,136,48795.82700930451,2445.6201331605166,1,2,0.5,0.5,0.03646137976975397,0.02192909269000858,0.38378281807641235,4,0.6916666666666667,0,0,0
58,51637.0,692225.0,666.3160364603712,180,3,3,6,28930.0,96,311367.08851525263,33973.63376500578,2,5,0.6666666666666666,0.8333333333333334,0.5024935100077668,0.6579319822027961,0.09291283846970498,6,0.7166666666666666,0,0,0
62,165943.0,1226075.0,808.5496595189396,120,5,4,8,1599.0,36,263367.12008307973,58082.2359156901,0,7,0.0,0.875,0.13225782351122561,0.3500131726899604,0.006071372916617655,4,0.6425,0,0,0
55,109227.0,1004146.0,696.25726149067,60,0,4,5,19140.0,57,360553.88375634124,31485.262059691562,1,3,0.25,0.6,0.2750799434177914,0.28825530372244557,0.0530849919035531,2,0.39583333333333337,0,0,1
61,134326.0,509465.0,567.0487131628403,120,0,2,10,18050.0,120,296558.00198140513,20079.786387779026,0,1,0.0,0.1,0.18397902737953756,0.14948547852075567,0.060864990590042405,4,0.6733333333333333,0,0,0
62,160868.0,669051.0,709.2726953110736,0,4,6,6,1985.0,86,598877.7053935863,21859.44658177839,2,2,0.3333333333333333,0.3333333333333333,0.31023246046115777,0.13588436843734236,0.0033145331377721684,0,0.49111111111111105,0,1,1
42,167802.0,582794.0,718.1964605920786,60,5,4,3,4486.0,82,149988.00459172882,23288.67435685163,1,1,0.25,0.3333333333333333,0.07448659957952866,0.13878663160660556,0.029909058475782825,2,0.6447222222222222,0,0,1
22,126026.0,1110925.0,671.2410380228683,180,6,3,0,13304.0,155,436136.5987936464,23397.184967197136,0,0,0.0,0.0,0.28839062230124896,0.18565363470392726,0.03050420450106425,6,1.0,0,0,0
43,145512.0,436003.0,595.0622327913559,30,3,6,4,20799.0,147,224190.5493291422,11773.480329944634,3,3,0.5,0.75,0.12839178746377286,0.08091071753494306,0.09277375902881722,1,0.45833333333333337,0,1,1
30,94430.0,183179.0,803.0638286719424,180,2,0,0,6659.0,43,157256.00613634536,4593.276378462194,0,0,0.0,0.0,0.13877652417694356,0.04864213045072746,0.04234496451745354,6,0.7622222222222221,0,0,0
26,137522.0,784757.0,605.108126049312,45,3,4,0,13025.0,126,181527.20954957165,17028.191457154404,2,0,0.5,0.0,0.10999889081357386,0.12382158096271435,0.0717523286581625,1,0.5625,0,0,0
27,70096.0,1253480.0,726.2540544491153,45,3,6,4,14713.0,142,934301.9555871396,39551.710672334026,3,1,0.5,0.25,1.110740930993613,0.5642506087698874,0.015747585576607263,1,0.5375000000000001,0,0,0
55,133308.0,741848.0,694.0035370344755,15,4,4,3,21354.0,161,513519.06079080625,32685.80500686091,2,0,0.5,0.0,0.3210104049711984,0.24519012367495507,0.0415836560518618,0,0.5375000000000001,1,0,1
45,31913.0,346073.0,722.0567384320839,0,1,3,10,7410.0,47,131448.35724187506,10673.675837628958,2,9,0.6666666666666666,0.9,0.3432466320984005,0.33446168763917394,0.056371948310963156,0,0.19777777777777777,1,1,1
47,166113.0,116789.0,799.4800546917131,120,2,2,8,20673.0,131,85292.78706150499,6342.2763472514725,2,0,1.0,0.0,0.04278853705083537,0.03818049368352551,0.24237688452005457,4,0.6,0,0,0
57,57629.0,1418724.0,719.3147210498724,90,3,1,9,24953.0,33,824499.1042726438,38424.19178127284,0,7,0.0,0.7777777777777778,1.1922514478715054,0.6667509722756397,0.03026443554721994,3,0.5205555555555557,1,0,1
47,124363.0,1153051.0,640.8935041069527,30,5,3,6,17480.0,80,321147.9579952493,61025.44473256722,0,6,0.0,1.0,0.21519527377867567,0.49070418639440366,0.05442974045084409,1,0.5527777777777778,1,0,1
51,19812.0,275541.0,757.4194592589572,180,5,6,1,21632.0,13,100380.90474717875,6266.394040827388,4,1,0.6666666666666666,1.0,0.42222266281032855,0.31629285487721526,0.21549915349421053,6,0.5955555555555555,0,1,1
25,43225.0,157197.0,635.8230384969116,5,5,3,10,5024.0,108,62290.13284303339,4374.947104387397,0,5,0.0,0.5,0.120088939354219,0.10121335117148403,0.08065482879383346,0,0.576388888888889,1,0,0
62,177833.0,237288.0,691.4490607976687,120,1,0,5,27197.0,123,93081.45067881352,5116.70254447034,0,3,0.0,0.6,0.0436183810460814,0.02877251435037558,0.2921849606088098,4,0.6566666666666667,1,0,1
42,153005.0,595971.0,589.4841474388948,45,2,3,5,9037.0,80,423004.74193926,14611.067015444176,1,4,0.3333333333333333,0.8,0.23038721062452205,0.095494049315017,0.02136382669983789,1,0.4519444444444445,0,1,1
28,54042.0,1227220.0,607.6703140864273,60,3,0,7,5938.0,74,791828.2725507331,26120.71845812384,0,1,0.0,0.14285714285714285,1.2210075381967314,0.4833410765353584,0.0074991007594005146,2,0.6168253968253968,0,1,0
60,39197.0,281816.0,683.5970669305331,0,6,6,1,16453.0,43,215558.62549587872,11270.69334115658,4,0,0.6666666666666666,0.0,0.4582804498130782,0.28753969286314207,0.07632726346325013,0,0.4455555555555556,0,1,0
56,150009.0,1237117.0,705.766069600661,60,2,3,5,11561.0,138,659503.2129694755,28484.13152512143,2,2,0.6666666666666666,0.4,0.36636869175042586,0.1898828171984443,0.0175298615270508,2,0.4933333333333333,1,1,0
23,178407.0,52739.0,560.8326564116279,90,6,1,7,13838.0,163,21775.8667882659,970.6763827651849,1,2,1.0,0.2857142857142857,0.010171437027071947,0.005440797629942687,0.6354741298957944,3,0.6464285714285714,1,0,1
30,45320.0,1121201.0,714.8101157600465,180,5,4,8,24163.0,23,225152.24138628694,28766.462503292685,2,4,0.5,0.5,0.41400456271382563,0.6347410084574732,0.10731849637039263,6,0.6927777777777777,0,0,0
21,125558.0,459501.0,622.6399716381192,30,4,3,6,16077.0,49,342693.2325915816,19361.5353897648,1,2,0.3333333333333333,0.3333333333333333,0.22744683240121535,0.1542039168333742,0.04691367809751998,1,0.4672222222222222,1,1,0
34,63943.0,1442769.0,769.5781610969816,0,4,3,11,11215.0,108,297321.1401315493,46378.17317178898,0,0,0.0,0.0,0.3874820023713168,0.7253049305129409,0.037720156713504926,0,0.5833333333333334,1,0,0
25,138590.0,739975.0,655.3624899822844,0,5,4,11,24006.0,65,278303.438815153,15721.74813989625,3,1,0.75,0.09090909090909091,0.16734218366834605,0.11344071101736236,0.08625836641545993,0,0.43952020202020203,1,1,1
55,85760.0,442282.0,601.346441131501,5,4,6,1,11372.0,2,288218.69891864434,7756.745058863913,1,1,0.16666666666666666,1.0,0.2800632568783469,0.09044712055578256,0.03945614924592377,0,0.27249999999999996,0,0,0
46,38307.0,402241.0,685.3063190571477,15,4,5,0,28749.0,3,290871.6235232025,17768.669658806044,5,0,1.0,0.0,0.6327642979159651,0.46384915704195173,0.09883741718004584,0,0.26916666666666667,1,1,0
69,70553.0,1248640.0,615.8635499244892,120,2,1,6,29581.0,42,251456.8433855578,53896.77959435792,1,3,1.0,0.5,0.29700702945015073,0.7639190338377946,0.11763847665360043,4,0.4433333333333333,0,1,0
57,105256.0,634347.0,768.8261599003188,5,2,1,9,14078.0,174,384232.3912176806,21225.877687508135,1,8,1.0,0.8888888888888888,0.30420466229770005,0.2016595508807872,0.03663928477082594,0,0.28750000000000003,1,1,0
50,147332.0,560458.0,680.0371145273169,5,4,6,6,23125.0,109,141714.14973617662,20238.115775887833,6,0,1.0,0.0,0.08015578745971493,0.1373640198727217,0.16318060012391747,0,0.44305555555555554,0,1,0
45,21406.0,1116718.0,669.38263638347,0,5,4,2,21244.0,45,801725.323921057,27493.278248167222,1,0,0.25,0.0,3.1211082715167753,1.2843725239730552,0.02649785327486028,0,0.47916666666666674,1,1,0
23,173146.0,829228.0,721.4260713251706,30,4,0,6,25824.0,10,578295.006393366,28536.61549129519,0,2,0.0,0.3333333333333333,0.2783272529124583,0.16481244436080064,0.044655408942670484,1,0.4305555555555556,1,0,1
24,123235.0,1012561.0,609.6536792559795,60,6,3,11,13837.0,136,719974.5901351359,44698.76068098733,1,8,0.3333333333333333,0.7272727272727273,0.4868574878180819,0.36271157285663436,0.0192187338130959,2,0.6439393939393938,1,0,0
51,159797.0,696120.0,589.759244127004,15,4,0,2,12209.0,67,137705.19121338057,31924.97142382331,0,1,0.0,0.5,0.07181256595001813,0.1997845480442268,0.0886604193525398,0,0.511388888888889,1,0,1
21,168668.0,142802.0,708.5846105609146,45,2,0,5,8298.0,70,81335.58666104486,4086.963944915216,0,2,0.0,0.4,0.04018524886218531,0.024230819983133825,0.1020217636663863,1,0.5197222222222222,1,0,0
23,42879.0,58482.0,603.0230504393834,15,4,1,7,17577.0,101,19336.325389589416,2465.2515282864415,1,7,1.0,1.0,0.03757924506477416,0.05749321412081535,0.9090144919397856,0,0.36250000000000004,1,1,0
31,33184.0,106702.0,602.999289237538,120,4,1,4,18471.0,41,55683.07397051469,3676.8844375165986,1,0,1.0,0.0,0.13983414188191773,0.11080293025303153,0.331716600448114,4,0.5577777777777777,1,0,0
64,143823.0,882970.0,738.5729221854622,0,6,0,0,13516.0,130,787660.8921235268,39357.00372668753,0,0,0.0,0.0,0.4563832466084045,0.2736488859687778,0.01715966875486351,0,0.65,0,0,0
43,48437.0,794756.0,716.7544876988758,5,1,5,8,9311.0,56,173141.3196421549,33881.42272421,4,8,0.8,1.0,0.2978806140659601,0.6994946574769288,0.053776880176515884,0,0.1975,0,0,1
55,41967.0,1133883.0,592.2319320282962,60,1,3,8,13508.0,127,675271.5673669968,51040.91319253418,3,2,1.0,0.25,1.3408780854937545,1.2162154357598631,0.02000380388096315,2,0.425,1,1,1
41,93899.0,1347224.0,636.6604769941065,120,1,3,7,15064.0,93,368802.0972267092,29093.753654742337,2,0,0.6666666666666666,0.0,0.3273038914389479,0.30984093179631667,0.040845754710391174,4,0.6166666666666667,0,1,1
29,165967.0,303100.0,616.7387910837576,30,0,6,7,3830.0,26,161412.325685503,8451.908025060475,0,4,0.0,0.5714285714285714,0.0810463956115287,0.05092523227545521,0.02372805164496794,1,0.30896825396825395,1,0,0
39,146888.0,1438068.0,804.3423508628406,0,4,5,7,19804.0,112,777527.5730020939,36813.60571784733,3,1,0.6,0.14285714285714285,0.44111135298214393,0.2506236433054254,0.02547047936002479,0,0.4790476190476191,1,0,1
25,101896.0,1400900.0,743.4207299299426,45,6,5,3,25263.0,13,689479.9149963311,46065.45030906476,2,2,0.4,0.6666666666666666,0.5638755160460429,0.45208300923554173,0.03664066124411243,1,0.43972222222222224,1,0,1
58,49825.0,943108.0,650.5408607796309,15,4,1,0,9656.0,128,593886.0818000946,31685.126405052535,0,0,0.0,0.0,0.9932866395719929,0.6359282770707985,0.01625901043299793,0,0.6125,0,0,0
29,72493.0,819079.0,720.3336282540445,15,0,5,11,11716.0,67,721317.5883604535,34149.277515381815,3,9,0.6,0.8181818181818182,0.8291807351059798,0.4710700000742391,0.016242498712155808,0,0.25623737373737376,1,1,1
39,129535.0,306156.0,585.066966984842,180,2,6,2,2787.0,120,230815.30271820445,11567.885668852003,3,1,0.5,0.5,0.14848966348747727,0.08930316647123945,0.012074589367250773,6,0.7416666666666667,1,1,1
69,43438.0,308456.0,632.9147694167355,180,6,0,9,17454.0,43,268015.17982448946,11781.475353074802,0,7,0.0,0.7777777777777778,0.5141718844953141,0.2712250875517934,0.06512317702090532,6,0.8177777777777779,0,0,0
50,102953.0,77061.0,687.3404286159321,15,0,6,6,12828.0,73,22508.726385257858,3107.0527901264336,5,1,0.8333333333333334,0.16666666666666666,0.018219257319082378,0.030179332220784567,0.56991229892073,0,0.2997222222222222,1,1,1
43,19913.0,986623.0,711.6561524402139,60,4,6,6,25712.0,55,882950.6497845904,25568.915406192802,5,2,0.8333333333333334,0.3333333333333333,3.6950344405856743,1.284031306492884,0.02912054032269283,2,0.4638888888888889,0,1,0
47,70663.0,678057.0,673.1778612140589,45,3,5,0,27212.0,45,256897.3730003549,16304.060108789954,1,0,0.2,0.0,0.30296073499138504,0.2307298035575896,0.10592556740532495,1,0.5075,1,0,1
59,58167.0,328287.0,697.3609457499958,180,6,2,11,23204.0,61,57655.159562425506,7750.049194561282,2,0,1.0,0.0,0.08260004177973981,0.13323790456033974,0.4024618121969833,6,0.7855555555555556,0,0,0
33,128335.0,244079.0,685.4835521967188,180,3,1,6,6302.0,9,116468.90231367161,11271.062864766734,0,4,0.0,0.6666666666666666,0.07562817516244699,0.08782532329268504,0.05410886403846741,6,0.6533333333333333,1,0,0
52,166071.0,142123.0,668.5495818584378,30,3,5,9,5947.0,71,47561.14522613708,2684.7700364450316,2,7,0.4,0.7777777777777778,0.023865869229695472,0.016166398928440434,0.1250390412536123,1,0.4283333333333333,0,1,1
63,41729.0,979388.0,659.2698085466375,0,5,4,9,14571.0,22,706716.983943674,27073.91611939723,0,7,0.0,0.7777777777777778,1.411322629234014,0.6488033770135213,0.020617871554026952,0,0.3877777777777778,1,0,1
49,147156.0,1043707.0,650.1614589125551,0,5,5,1,18555.0,93,224611.98583923362,27356.519568797652,5,0,1.0,0.0,0.1271960741431053,0.18590148936365253,0.0826091267154406,0,0.4666666666666667,1,1,0
42,124259.0,965871.0,696.2356256040011,0,3,1,11,952.0,16,541855.9541292458,37357.02179681492,0,10,0.0,0.9090909090909091,0.3633914874906753,0.30063835856408727,0.001756924497636737,0,0.29464646464646466,0,0,0
28,175106.0,210507.0,708.7570912439619,120,5,1,7,14871.0,1,77266.06900782067,10939.556915580884,0,5,0.0,0.7142857142857143,0.03677109341761593,0.06247391246205661,0.1924648191756047,4,0.5807936507936509,1,0,0
33,165664.0,109969.0,693.8851417123184,90,5,6,2,2600.0,79,33546.02900722007,5514.262004585537,5,1,0.8333333333333334,0.5,0.01687453168623442,0.0332858195177319,0.07750544779653071,3,0.5922222222222223,0,0,0
67,34323.0,204015.0,597.4982064999258,120,3,3,6,7804.0,53,164584.8191275362,3920.248775443931,3,1,1.0,0.16666666666666666,0.3995979836832838,0.11421637897164966,0.0474162808050523,4,0.5344444444444445,1,1,1
47,138402.0,1139817.0,610.0750504199768,5,5,5,7,10769.0,157,611658.7757461952,41726.88705066571,1,6,0.2,0.8571428571428571,0.3682863300061868,0.3014904918329628,0.017606221682771282,0,0.5106746031746032,1,0,1
35,113932.0,1122918.0,707.9217264163647,0,2,6,7,1225.0,47,442523.3768253942,18514.554752426237,4,6,0.6666666666666666,0.8571428571428571,0.32367506994332457,0.16250530801202678,0.002768215339917164,0,0.23539682539682538,1,1,0
41,36319.0,477505.0,783.0171310469615,5,2,3,3,7871.0,71,338832.0194700442,22297.691394091707,3,3,1.0,1.0,0.7774443575677656,0.613940124840764,0.023229799864578227,0,0.2341666666666667,1,1,1
49,59658.0,130043.0,690.6690823091128,60,0,1,11,18893.0,42,102720.0380705885,3899.824193303367,1,4,1.0,0.36363636363636365,0.14348458165793426,0.06536967704756054,0.18392711251739277,2,0.2736363636363636,0,1,1
47,168164.0,513614.0,651.1832111266104,0,4,6,2,29936.0,160,247338.97765215862,12118.512489060435,3,1,0.5,0.5,0.12256833490529018,0.07206365505732758,0.12103227839042836,0,0.45833333333333337,0,0,0
55,105956.0,1224165.0,695.7038318809942,60,1,5,5,23395.0,141,350837.1613186867,42067.30014400508,3,0,0.6,0.0,0.2759299153411846,0.39702612541059573,0.06668335792042537,2,0.51,1,0,0
33,72830.0,257954.0,600.42250042406,180,5,4,10,9191.0,30,231063.1518175121,8358.775701199089,0,6,0.0,0.6,0.2643864156454667,0.11477105178084702,0.039777004371769425,6,0.7733333333333333,1,0,0
52,69913.0,1204415.0,771.6260209575524,5,6,6,0,28251.0,45,504929.52518557344,63502.94237044617,6,0,1.0,0.0,0.601854596886575,0.9083137952948117,0.055950382362008035,0,0.4097222222222222,0,0,0
42,153734.0,721833.0,693.061590115562,90,6,1,4,13202.0,33,219529.82605385254,11785.705578122535,1,2,1.0,0.5,0.11899873919337543,0.07666297356552575,0.060137614270060216,3,0.49833333333333335,1,0,0
67,63921.0,255020.0,633.1379950752616,45,1,2,5,10649.0,27,58012.41215499908,13515.898360129246,0,4,0.0,0.8,0.07563035120826109,0.21144691666477755,0.183564165053984,1,0.35083333333333333,1,0,0
28,43740.0,1404144.0,668.3243173734987,180,4,0,9,25416.0,43,341053.1709819704,34225.79903226002,0,7,0.0,0.7777777777777778,0.6497736072663663,0.7824828310987659,0.07452210435933347,6,0.7511111111111111,0,0,0
28,110962.0,801651.0,643.1074637555469,15,5,2,9,11976.0,153,687240.9870969241,16675.372089050896,1,9,0.5,1.0,0.5161233778958293,0.15028002459446382,0.017426201616102067,0,0.4708333333333334,0,1,0
43,178786.0,1023749.0,771.8168983771784,15,3,3,9,22163.0,82,880419.331895912,45733.89024689335,1,9,0.3333333333333333,1.0,0.4103692551877253,0.25580241320289815,0.025173231887439102,0,0.4113888888888889,1,0,0
45,47697.0,190106.0,665.8431937387058,0,3,3,4,4890.0,68,100936.73282019187,6825.390388607023,3,0,1.0,0.0,0.1763505965088508,0.1430989451874756,0.04844618865077611,0,0.35111111111111115,1,1,1
54,59361.0,588882.0,690.8756022280915,90,3,1,5,9970.0,34,394021.802474427,29930.45546876522,1,5,1.0,1.0,0.5531434815148372,0.5042107691710924,0.025303168345987854,3,0.35055555555555556,1,1,0
40,93999.0,967228.0,720.1608519655904,120,2,5,0,29538.0,33,749099.8614484206,35502.57189872186,1,0,0.2,0.0,0.6641026867736364,0.3776909530816483,0.03943132487421218,4,0.5933333333333333,0,0,0
65,50369.0,985762.0,628.1463377364821,0,4,3,9,7317.0,99,560002.457505054,34717.2605432229,0,0,0.0,0.0,0.926499860206764,0.6892584832580139,0.013066014089650607,0,0.5833333333333334,0,0,0
44,123431.0,141248.0,693.559662629461,45,6,3,3,25487.0,135,91844.52461711742,3283.5181210654046,0,1,0.0,0.3333333333333333,0.06200800758933967,0.026602053949699868,0.27750157242634244,1,0.7041666666666666,1,0,0
27,59086.0,926198.0,699.2104898575947,90,1,6,5,13993.0,100,810636.6936060218,49080.113292623886,3,5,0.5,1.0,1.1433005754409136,0.8306555409508832,0.017261740198008788,3,0.48333333333333334,0,0,1
26,38765.0,1419497.0,571.2144825285566,120,0,3,8,28728.0,118,396610.56704018597,59022.12985837712,1,5,0.3333333333333333,0.625,0.8525959134962509,1.5225623593029052,0.07243377354867395,4,0.5708333333333333,0,1,0
68,60325.0,1190256.0,697.6887542144327,180,0,6,9,12479.0,47,302429.3478778547,46494.67120081721,3,9,0.5,1.0,0.41777779786967084,0.7707363647048024,0.04126252986876136,6,0.5294444444444444,1,0,1
27,168756.0,351209.0,676.7966554539803,90,4,1,1,14860.0,170,251035.0003577025,16367.12257272733,0,1,0.0,1.0,0.12396349382031972,0.0969869075631523,0.05919493289312576,3,0.6583333333333333,0,0,1
67,169453.0,1373273.0,689.0976404481198,180,1,5,9,11838.0,148,930387.3995164727,26162.003479925177,4,6,0.8,0.6666666666666666,0.457544471287256,0.1543909135862167,0.012723732077790683,6,0.6466666666666666,1,1,0
34,99927.0,1040197.0,682.4940799443397,180,3,6,4,6293.0,158,301099.75293565233,51652.58171102034,3,2,0.5,0.5,0.2510997636071435,0.5169031564143859,0.020900050360867846,6,0.7749999999999999,1,0,0
25,82874.0,132570.0,698.1418911065058,180,6,5,5,25313.0,120,49953.84903663965,4642.509719000532,5,5,1.0,1.0,0.05023072076952125,0.05601889276492666,0.5067277194482787,6,0.75,0,0,0
35,150763.0,236022.0,773.614025797331,30,0,6,1,17195.0,124,156704.75306431987,11113.927222250197,1,0,0.16666666666666666,0.0,0.08661760128165834,0.07371786991669174,0.10972864360369636,1,0.4833333333333334,1,0,0
51,49470.0,1385826.0,597.4344811540424,30,1,5,8,15153.0,12,721702.1109587861,60290.68276791644,1,3,0.2,0.375,1.215723520919726,1.2187322168570132,0.02099619741983176,1,0.30083333333333334,1,0,1
41,123932.0,353914.0,656.0493365149706,30,1,4,5,11162.0,28,290247.1202914132,11696.997993108062,2,4,0.5,0.8,0.19516557486592997,0.09438238705990432,0.038456884563723336,1,0.24888888888888885,1,0,1
59,128168.0,190301.0,726.6633040273986,180,3,5,1,23170.0,23,148028.6822660372,8713.57696776671,4,0,0.8,0.0,0.09624651646409219,0.06798558897514755,0.15652371989881572,6,0.6311111111111111,1,0,0
50,133020.0,703876.0,713.6648107409537,15,4,6,1,10435.0,86,362735.33429081755,30849.227899457936,2,1,0.3333333333333333,1.0,0.22724360640681698,0.23191420763387413,0.028767531071659806,0,0.4536111111111111,0,0,0
40,53307.0,812128.0,712.1583887339459,90,1,4,8,7129.0,105,528003.677969913,12302.825811516379,2,5,0.5,0.625,0.8254132946422187,0.23079193748506535,0.013501799887852729,3,0.5208333333333334,0,1,0
52,134013.0,880989.0,850.0,60,0,4,1,2470.0,21,557309.9376218882,38208.4026531853,2,0,0.5,0.0,0.346552161371091,0.28510967333904397,0.004432004228275206,2,0.3383333333333334,1,1,1
68,117142.0,1005353.0,722.9894866881694,0,0,0,6,26196.0,135,220231.61296885443,35540.78477898872,0,4,0.0,0.6666666666666666,0.15666997672970584,0.30339916322914684,0.11894750098254371,0,0.3833333333333333,1,0,0
41,159766.0,1498351.0,759.1656457378517,45,5,6,8,2194.0,98,703017.146002402,72788.14481936442,4,2,0.6666666666666666,0.25,0.36669104920237616,0.4555922087262898,0.00312083426766451,1,0.5791666666666666,1,1,0
28,46251.0,1150900.0,658.5049558803244,5,0,5,10,25346.0,107,552329.5137212187,54536.29241258783,3,5,0.6,0.5,0.9951667958912936,1.1791375843244,0.045889273287672026,0,0.3197222222222222,1,1,0
41,117404.0,87593.0,610.4961338271903,90,4,1,1,11363.0,165,72091.2671567518,1911.7996115423446,0,0,0.0,0.0,0.05117036554458096,0.01628393931673831,0.15761964587600932,3,0.7583333333333333,1,0,1
62,152401.0,178432.0,657.9977799536456,45,4,2,3,76.0,105,145236.60752264207,2831.777703290739,0,3,0.0,1.0,0.0794158215949163,0.01858109660232373,0.0005232840486731402,1,0.5708333333333333,1,1,0
31,63071.0,50455.0,729.8372119940383,30,0,1,1,27785.0,0,9749.24822980339,1153.048979316903,0,0,0.0,0.0,0.012881313955440945,0.0182817614960426,2.849963335127875,1,0.30833333333333335,1,0,1
67,138492.0,623092.0,708.4779498380423,0,3,2,10,22225.0,138,488427.3228576646,27817.949099290854,0,8,0.0,0.8,0.2938962315859789,0.20086322025308936,0.045503187393299685,0,0.4700000000000001,0,0,0
49,34120.0,558032.0,708.2275959419215,5,2,6,7,21690.0,157,339708.5953660047,27820.158328413418,3,3,0.5,0.42857142857142855,0.8296907858685147,0.8153622018878492,0.06384884072959951,0,0.4085317460317461,1,1,1
50,134332.0,1403634.0,664.995892924201,90,3,3,11,16437.0,15,227626.58941940506,60388.49034980817,2,11,0.6666666666666666,1.0,0.14120896325236793,0.44954657378590485,0.07221036892888909,3,0.35833333333333334,0,1,1
36,116212.0,580926.0,653.8338166830918,120,0,2,0,22816.0,97,253422.72888124906,27781.919098274677,0,0,0.0,0.0,0.18172444102247692,0.23906239543484903,0.09003138787401864,4,0.6833333333333333,1,0,0
66,49193.0,94448.0,667.4099928994706,15,4,5,8,3994.0,84,77075.9755142377,3635.2690516360544,4,3,0.8,0.375,0.13056731566523302,0.07389809630711797,0.05181900032212005,0,0.44166666666666665,1,0,1
22,28749.0,1331563.0,730.7132815115649,120,5,2,0,7028.0,27,557492.4043554821,46952.0126752764,2,0,1.0,0.0,1.6159762204931247,1.63317029028058,0.012606449783159078,4,0.56,1,0,0
35,138769.0,427394.0,738.8509199719292,45,0,6,1,16315.0,49,280940.9923426559,23000.020460199088,3,0,0.5,0.0,0.16871022607273953,0.16574321685822546,0.05807269300202745,1,0.3713888888888889,0,0,0
41,57089.0,1373244.0,609.563084523014,30,3,5,5,22035.0,154,788582.0097107169,25025.458065221217,0,2,0.0,0.4,1.1511003429013134,0.4383586691870801,0.02794255984622742,1,0.5683333333333334,1,0,0
44,98586.0,1172949.0,733.3639791602014,45,4,1,4,17652.0,70,694849.2110705357,37363.31770686734,0,0,0.0,0.0,0.5873460828367582,0.3789921257264453,0.02540407288194806,1,0.6263888888888889,1,0,1
44,27834.0,1326761.0,634.4495138470639,90,0,4,4,12189.0,96,677444.4916932789,34658.03468504183,4,4,1.0,1.0,2.0282283409178192,1.245169026551765,0.017992618066069856,3,0.375,1,0,1
28,174086.0,1238593.0,712.8245156288738,180,5,3,0,20156.0,139,633857.8938933759,24625.754297425843,0,0,0.0,0.0,0.3034218211561029,0.14145740781812347,0.03179892558597769,6,0.9666666666666666,0,0,0
32,106919.0,257609.0,666.5623980276258,45,3,2,6,1781.0,80,213038.54291283007,10104.218390970696,2,6,1.0,1.0,0.1660435648425678,0.09450348760249064,0.008359989585212004,1,0.3652777777777778,1,1,1
25,168915.0,957961.0,789.6051984467289,30,2,6,4,15246.0,160,441008.97080665437,24456.758776956154,4,1,0.6666666666666666,0.25,0.21756947320972794,0.14478737102658826,0.034570725334936776,1,0.45,0,0,1
49,43974.0,647552.0,650.7347759713198,90,3,2,11,11844.0,89,190094.84943024622,21705.024712503393,1,0,0.5,0.0,0.3602409935989566,0.49358768164150163,0.06230573861153487,3,0.6477777777777778,0,0,0
38,51338.0,961726.0,692.5028288626348,45,4,0,9,14944.0,177,447008.2931184091,19680.322631921743,0,7,0.0,0.7777777777777778,0.7255968501538969,0.3833480585905517,0.03343114709516463,1,0.5930555555555556,1,0,1
48,116885.0,1131533.0,722.4615210291599,30,4,2,5,3937.0,26,791716.1389190411,34624.29927275724,2,4,1.0,0.8,0.5644551902290293,0.2962253434808337,0.004972741878642678,1,0.26944444444444443,1,1,0
49,115928.0,776386.0,618.8228804913982,45,5,3,9,27100.0,159,393186.4169150655,17864.792301405218,3,7,1.0,0.7777777777777778,0.28263693622698677,0.15410247999969998,0.06892404934185209,1,0.47638888888888886,0,1,0
55,146120.0,503286.0,674.9000061201139,45,0,0,6,25610.0,20,351833.4090061003,25605.925062279,0,3,0.0,0.5,0.2006532353579822,0.17523901630357924,0.07279013119403893,1,0.33194444444444443,0,1,1
47,168345.0,1378683.0,661.3390580763804,5,5,5,5,28279.0,146,454741.88568708574,49488.99316225918,1,3,0.2,0.6,0.22510414411233168,0.29397364437470186,0.062186926012483434,0,0.5363888888888889,0,0,1
52,151144.0,1011695.0,644.0330561615818,0,0,1,11,25208.0,119,593936.679079164,47531.19489171122,1,3,1.0,0.2727272727272727,0.32746733748343965,0.3144762272515695,0.0424422348171565,0,0.27272727272727276,1,0,0
49,40715.0,1334036.0,649.2193898961732,60,4,0,7,19930.0,100,1064886.4862625846,45929.596539424936,0,2,0.0,0.2857142857142857,2.179553985555251,1.1280755628005634,0.018715609839268416,2,0.6714285714285714,0,1,0
52,68146.0,393857.0,757.8410218695756,5,2,3,5,8624.0,158,215429.7947241392,6575.589302286253,0,3,0.0,0.6,0.26344147702988097,0.09649266724805936,0.0400316029221638,0,0.46638888888888896,1,0,0
51,166039.0,1265475.0,638.1014485667766,45,0,1,6,3424.0,115,794230.3739211329,54139.73164221494,1,6,1.0,1.0,0.39861637623346163,0.3260663557490405,0.004311091734121974,1,0.2875,0,1,0
36,106930.0,518957.0,719.6485517870124,120,4,5,9,18357.0,125,342047.2470982106,8777.087193194522,2,3,0.4,0.3333333333333333,0.2665663261777258,0.08208255113807651,0.05366802439058727,4,0.7233333333333333,1,1,0
33,158456.0,717705.0,702.0216501421801,5,3,0,8,28398.0,135,505809.5414816095,22106.47463206727,0,3,0.0,0.375,0.26600946081857085,0.1395117548850613,0.056143662131831314,0,0.5222222222222223,1,0,1
59,109207.0,1297622.0,582.2113918957377,30,4,2,6,10912.0,151,535550.938205978,47853.15157085135,1,4,0.5,0.6666666666666666,0.4086665218392426,0.43818758477800274,0.02037527940209329,1,0.5,1,1,0
37,26057.0,564341.0,716.3418606898509,180,2,0,2,29790.0,41,349967.6235398899,26068.678655712767,0,0,0.0,0.0,1.119237388353385,1.0004481964812821,0.08512215986918141,6,0.7577777777777778,1,0,0
47,94607.0,413238.0,581.0540753169614,0,1,2,7,4626.0,152,190968.17135652376,21051.9928141001,2,5,1.0,0.7142857142857143,0.16821180546587794,0.22252045635206802,0.02422393201516075,0,0.2619047619047619,0,1,0
30,151594.0,1377546.0,723.9664279715612,90,4,6,5,8499.0,106,610554.6864786437,31948.806193787223,3,0,0.5,0.0,0.3356304154950304,0.21075244530645817,0.013920129004361155,3,0.6833333333333332,1,0,0
42,124128.0,1448269.0,644.4965849808407,5,1,4,11,19482.0,5,733405.1281982794,60165.27388010054,0,8,0.0,0.7272727272727273,0.4923715359670927,0.48470348253496826,0.026563762988486974,0,0.23143939393939394,1,0,1
46,39510.0,501061.0,680.5857077279517,180,5,3,10,14782.0,165,228414.0921351608,16940.445978243224,3,9,1.0,0.9,0.4817643046805889,0.4287635023599905,0.06471579691875123,6,0.7266666666666666,1,0,0
51,52034.0,494076.0,589.4004035261563,30,4,1,0,22803.0,138,83697.19376510916,22579.583651140772,0,0,0.0,0.0,0.1340424750565482,0.4339390331541064,0.27244641037780987,1,0.6416666666666666,1,0,1
46,156408.0,380125.0,688.5667626523372,0,6,2,11,10346.0,160,268556.9087946571,19992.199254186067,2,10,1.0,0.9090909090909091,0.14308566313458876,0.1278208228107646,0.03852442317136856,0,0.4090909090909091,0,1,0
38,176637.0,84115.0,744.8865292579434,90,0,2,10,23241.0,138,49480.982889381965,3054.946152188003,1,1,0.5,0.1,0.023344006299822972,0.0172950522947514,0.46969560107479685,3,0.54,1,0,1
68,139968.0,851679.0,623.5124200384165,5,4,4,10,9033.0,62,215632.19709546934,22544.659046612112,2,6,0.5,0.6,0.12838184269229952,0.1610700949260696,0.041890775689683836,0,0.39583333333333337,1,0,1
46,33888.0,419606.0,637.4983039699192,30,3,1,5,4476.0,62,145175.69618986966,19696.460009007864,0,2,0.0,0.4,0.35699878076278146,0.5812222618333294,0.03083160692507383,1,0.5061111111111112,1,0,1
60,118309.0,1281169.0,711.8234716497243,45,6,6,3,17062.0,49,779304.3351279655,46211.04225267096,3,1,0.5,0.3333333333333333,0.5489187460576157,0.39059616979833284,0.021893885650204083,1,0.5380555555555555,1,0,0
57,152333.0,298247.0,713.5732826552858,90,2,4,7,15377.0,73,160609.77930396114,14999.180382018936,0,5,0.0,0.7142857142857143,0.08786112185363706,0.09846310636578375,0.09574136809501708,3,0.5824603174603175,0,0,0
48,121711.0,971146.0,509.60744911140455,30,6,2,10,17011.0,6,672582.6989776983,36556.776602830876,0,10,0.0,1.0,0.46050528093715054,0.3003572117789754,0.02529205705983236,1,0.42166666666666663,0,0,0
64,114243.0,784899.0,821.0784454647942,120,1,0,5,716.0,134,405733.0961558184,41195.35976649047,0,3,0.0,0.6,0.2959576634570013,0.3605941700278395,0.0017647069139388773,4,0.6566666666666667,1,0,0
27,93711.0,937292.0,716.9987438483832,45,5,4,11,12334.0,135,734346.7080266806,14716.857300419433,2,6,0.5,0.5454545454545454,0.6530242874606331,0.1570451419835391,0.01679588110790833,1,0.5746212121212121,0,0,0
66,57666.0,213438.0,728.7843063717073,30,3,3,3,2705.0,177,44414.58363156241,9510.4457840774,3,2,1.0,0.6666666666666666,0.06418366633077031,0.16492293178090034,0.060903419076020364,1,0.39166666666666666,1,0,1
62,63484.0,726502.0,669.9521687336588,30,6,4,10,24144.0,99,443087.20203568414,20967.950792455496,2,5,0.5,0.5,0.5816258191508676,0.33028717145194847,0.05449040254170003,1,0.5833333333333334,1,0,1
45,138799.0,957770.0,550.1252544013429,120,1,4,0,2431.0,177,410560.4482661997,39981.931428763775,4,0,1.0,0.0,0.2464958010421543,0.2880563363479836,0.00592117436120828,4,0.5666666666666667,1,0,1
56,29309.0,544364.0,727.2305442875168,60,1,4,10,27950.0,37,206930.234791532,28684.646255296415,1,3,0.25,0.3,0.5883580549533477,0.9786975418914469,0.13506967712165263,2,0.4147222222222222,0,1,1
46,31685.0,1318603.0,640.4368380238379,5,3,5,11,1715.0,85,1131007.2019508232,54269.01459757198,0,9,0.0,0.8181818181818182,2.9746125978402587,1.7127667539079052,0.001516347550255979,0,0.46679292929292926,0,1,0
34,82259.0,817824.0,718.0752185928338,90,3,3,8,18318.0,140,652505.4781398448,36638.03680497867,1,5,0.3333333333333333,0.625,0.6610274439472122,0.44539851937148117,0.02807332752549564,3,0.6125,0,0,0
60,143455.0,575652.0,664.683925081609,30,1,5,7,10013.0,142,165665.1747034905,12274.062320385514,0,4,0.0,0.5714285714285714,0.09623527395553223,0.08556036611052605,0.06044118818527422,1,0.4845238095238095,0,0,1
33,124439.0,94689.0,696.6627565381464,30,4,2,4,3321.0,139,18282.340141426193,2066.1823335563445,1,0,0.5,0.0,0.012243174126430214,0.016603977318656888,0.18165070632697083,1,0.5666666666666667,0,0,1
36,113577.0,294314.0,625.7502533013529,0,2,6,10,10730.0,83,235581.0452638739,11165.406540025077,6,3,1.0,0.3,0.17284972989240333,0.09830693309406902,0.04554695810939011,0,0.3211111111111111,1,1,1
46,104529.0,741057.0,740.5072259875252,180,1,2,1,1198.0,13,205252.58247851688,23879.9533646812,1,0,0.5,0.0,0.16363288535439677,0.22845290172757035,0.0058367109711050325,6,0.5872222222222222,1,0,0
62,35941.0,630036.0,596.813467237963,0,3,4,3,20936.0,155,533128.6066354754,12251.693765000979,0,2,0.0,0.6666666666666666,1.2361198599451773,0.3408834969811908,0.03927007431119694,0,0.4833333333333334,1,0,1
39,71750.0,1313696.0,837.1898597737433,180,4,6,1,26127.0,68,470289.88680692756,57977.88941216689,4,0,0.6666666666666666,0.0,0.5462135735272097,0.8080542078350786,0.05555509640530747,6,0.7844444444444444,1,0,0
45,30879.0,1189651.0,836.6564044490908,0,0,2,3,9896.0,116,545740.9794312146,51105.342042408454,2,1,1.0,0.3333333333333333,1.472794292321682,1.6550193349010154,0.01813314442744224,0,0.2666666666666667,1,1,1
23,140821.0,280506.0,794.2889709826558,45,6,0,6,13171.0,23,51539.59520201681,5235.092227115537,0,3,0.0,0.5,0.030499472854437437,0.03717550810685577,0.2555510951992227,1,0.5386111111111112,0,0,0
26,139635.0,907657.0,769.2835290042157,0,4,1,4,4211.0,168,502069.13520358846,15381.401932120683,1,3,1.0,0.75,0.2996318587768041,0.11015434477115826,0.008387291121356114,0,0.3583333333333334,1,1,0
23,59811.0,708890.0,674.0816149236451,45,1,1,5,14464.0,46,206678.2827228842,21374.829033971135,0,0,0.0,0.0,0.2879602452208961,0.35737287512282245,0.06998316324987779,1,0.47305555555555556,1,0,0
24,65455.0,196657.0,761.6582694023045,120,5,0,2,28406.0,179,93079.13298514987,7928.692572222166,0,1,0.0,0.5,0.11850270285584227,0.12113196199254703,0.30518118389147414,4,0.8000000000000002,0,0,0
63,69427.0,1015574.0,673.2676451206711,60,5,3,4,16147.0,128,852629.500915851,51532.967542833285,1,2,0.3333333333333333,0.5,1.0234124823145785,0.7422611886273826,0.018937885661539648,2,0.6333333333333334,0,1,0
62,162066.0,828921.0,571.2537720428285,45,6,1,5,26264.0,59,281360.2923302036,26840.646766965176,1,4,1.0,0.8,0.14467371951869587,0.16561553173994037,0.09334650523172136,1,0.4386111111111111,1,0,1
61,97141.0,176813.0,785.2240989821481,5,5,0,2,23403.0,66,110718.38358033757,3247.015058510238,0,0,0.0,0.0,0.094980821332168,0.03342579403660903,0.21137411189731395,0,0.5730555555555555,0,0,1
23,141455.0,728723.0,759.0177124045754,180,1,0,11,3726.0,176,219704.3303316109,35429.522794599994,0,7,0.0,0.6363636363636364,0.12943122685165534,0.25046497327489303,0.01695915594552078,6,0.7696969696969697,0,0,0
24,90710.0,1110917.0,677.8062624641195,30,1,1,10,1586.0,106,674754.3878834633,22213.88990400297,0,4,0.0,0.4,0.6198823980114865,0.24488909606441372,0.0023504849001054853,1,0.5016666666666667,1,0,0
34,131106.0,524312.0,594.2371019868194,45,1,2,10,10883.0,124,192352.07525894893,21232.356087149998,0,2,0.0,0.2,0.12226244111568052,0.16194801219738225,0.056578542162069465,1,0.5508333333333333,1,0,0
48,103588.0,567491.0,638.9659526394719,180,6,6,0,28200.0,110,375209.546917155,17897.608191226263,5,0,0.8333333333333334,0.0,0.30184444378785424,0.1727768485850317,0.07515800232616807,6,0.875,0,0,1
37,63134.0,209732.0,552.5198090578743,60,2,4,5,5042.0,42,152677.95710096424,10776.61853022829,0,0,0.0,0.0,0.20152632641282067,0.1706943727663112,0.03302375860757543,2,0.5266666666666666,0,0,0
44,159960.0,346290.0,746.1556596832584,90,2,5,9,1334.0,23,280670.51185154065,14958.493970759073,4,3,0.8,0.3333333333333333,0.14621911303426932,0.09351396580869638,0.0047529040054824605,3,0.38944444444444437,0,0,1
29,132849.0,1472612.0,567.7683723195074,5,6,4,4,28773.0,0,1235442.4473680642,22097.579546105662,2,2,0.5,0.5,0.7749665957641534,0.1663360623422507,0.02328963203530591,0,0.3347222222222222,1,1,0
56,142632.0,950158.0,700.0781609102673,45,1,5,2,5937.0,72,314479.9013264491,28419.679522652543,2,0,0.4,0.0,0.18373617732255568,0.19925177745984451,0.01887878994796884,1,0.4708333333333333,1,0,1
36,171599.0,305262.0,620.9414656554218,45,2,2,7,10679.0,123,75321.97356842186,6780.590388617214,1,6,0.5,0.8571428571428571,0.0365784831537586,0.03951416027259607,0.14177801634869916,1,0.443452380952381,1,0,0
24,58300.0,749989.0,580.1307588500366,5,2,0,0,23405.0,54,139788.86818342772,19755.6552935462,0,0,0.0,0.0,0.19981256172588296,0.3388620118961612,0.16743107161643586,0,0.44638888888888884,1,0,1
57,32832.0,329477.0,696.6848565295,30,2,3,7,2943.0,40,227427.56176226813,10200.024900212338,3,5,1.0,0.7142857142857143,0.5772507557724885,0.3106732730327832,0.012940384081839394,1,0.2424603174603175,1,1,1
65,112328.0,691973.0,656.6340430281577,120,4,0,5,5131.0,69,200789.28517010558,25364.54990525447,0,1,0.0,0.2,0.14896054795636113,0.2258079010153699,0.025554152432253025,4,0.75,1,0,0
21,70838.0,261094.0,738.6732373797757,180,5,1,8,21805.0,41,195853.1110686247,12254.516703452267,1,0,1.0,0.0,0.2304002454763271,0.17299354447404314,0.11133343698768092,6,0.7077777777777777,0,1,0
42,88595.0,947262.0,591.2676311889905,120,1,5,8,198.0,78,827540.9807770643,17483.73731149869,0,6,0.0,0.75,0.7783932321021355,0.19734451505726838,0.0002392630753030227,4,0.615,1,0,1
61,56016.0,876779.0,626.9879748168324,180,0,3,6,21351.0,99,228816.00133616454,28621.69177379904,3,0,1.0,0.0,0.34040274406146537,0.5109556514888433,0.09331078191787918,6,0.65,1,1,1
55,82551.0,968480.0,512.8650454056376,180,4,4,7,16272.0,49,351072.15708897024,47483.34320559006,0,3,0.0,0.42857142857142855,0.35439925731665906,0.5752000969775056,0.04634944603674816,6,0.7993650793650794,0,0,1
62,81706.0,693320.0,527.0957322370455,5,3,3,0,7231.0,5,376506.40463744325,22385.368069670527,3,0,1.0,0.0,0.3840052593418713,0.27397459268193924,0.019205516588656945,0,0.22083333333333333,1,1,1
41,74790.0,464666.0,805.8734686984959,120,4,3,11,18406.0,18,219746.08856484538,16621.93932259455,1,2,0.3333333333333333,0.18181818181818182,0.24484789473285798,0.22224815246148616,0.083760307727018,4,0.5884848484848484,1,0,0
39,138257.0,411857.0,825.8518770869769,60,3,2,0,9643.0,74,193348.83259295317,19004.82764025716,1,0,0.5,0.0,0.11653950770000385,0.13746014769781756,0.049873587911962655,2,0.5561111111111111,1,0,0
55,114009.0,361960.0,686.4908343656767,120,5,1,11,28468.0,31,113231.65512594068,15750.970621599665,1,2,1.0,0.18181818181818182,0.08276514363335401,0.13815550194808887,0.251413793857705,4,0.5507070707070707,0,1,0
28,94827.0,672663.0,622.3319863865441,60,4,1,11,12450.0,143,549505.9848073685,23812.209371878736,0,9,0.0,0.8181818181818182,0.4829021839836127,0.25111212388748705,0.02265671411088343,2,0.6181818181818182,0,0,0
32,36259.0,704619.0,659.1085752156926,5,5,5,8,22451.0,29,465888.43230836,37826.57111480261,0,2,0.0,0.25,1.0707420509582908,1.0432326074851102,0.04818964894397773,0,0.4658333333333334,1,0,0
50,110458.0,1026606.0,741.1501941740455,60,5,6,8,8031.0,4,272462.481797048,16886.17196840095,1,2,0.16666666666666666,0.25,0.20555511430969842,0.15287414192182505,0.029475617879683468,2,0.4922222222222222,1,0,0
53,46353.0,126030.0,643.9927686124568,90,3,0,0,25001.0,111,19324.089109289238,2165.247112849132,0,0,0.0,0.0,0.0347408098528129,0.046712124627297735,1.2937737897297228,3,0.725,1,0,0
26,68893.0,458465.0,696.6343706929182,5,2,3,11,8666.0,112,331017.3283707544,14714.204671990588,2,3,0.6666666666666666,0.2727272727272727,0.4004002926890908,0.21358054768975931,0.026179898323309796,0,0.39911616161616165,1,0,0
45,85214.0,1286305.0,679.1070764663125,45,4,3,6,15238.0,120,208244.05222979237,27416.269659169982,2,1,0.6666666666666666,0.16666666666666666,0.20364812142546254,0.3217343354280985,0.07317375856279068,1,0.5541666666666667,1,1,1
38,40888.0,1377106.0,640.1831130941999,60,4,3,4,24047.0,28,1115886.1379001392,32582.78807352854,1,3,0.3333333333333333,0.75,2.2742739065661874,0.796878988297998,0.021549689688995823,2,0.4372222222222223,1,1,0
45,81097.0,1399813.0,643.166507780569,45,4,1,8,27783.0,122,765795.479414902,29400.694297498543,0,4,0.0,0.5,0.786913078797512,0.36253738482926057,0.03627992165901437,1,0.6208333333333333,1,0,1
67,61243.0,494202.0,700.5324610179856,120,3,0,6,22555.0,155,418867.96080639923,21099.834722887786,0,1,0.0,0.16666666666666666,0.5699535195946193,0.34452647197047476,0.05384751785879589,4,0.7666666666666667,0,0,0
24,155661.0,248839.0,611.6178304528792,5,2,1,4,20024.0,108,181376.85491027895,7925.706365684886,0,1,0.0,0.25,0.09710035210611465,0.05091645541069944,0.11039997363448165,0,0.5013888888888889,1,0,0
69,157268.0,337359.0,711.6210541936462,30,0,1,3,20778.0,70,276889.9975115122,16317.0391526418,1,3,1.0,1.0,0.1467187632531264,0.10375307851973574,0.07504063052742134,1,0.21388888888888888,0,1,0
43,18740.0,241217.0,646.9894728245573,180,2,0,1,12186.0,86,170748.65752650236,6034.132873027413,0,1,0.0,1.0,0.7592878758738099,0.3219921490409505,0.0713680574508094,6,0.7577777777777778,1,0,1
58,115591.0,1434123.0,688.9157113253762,45,6,2,10,20603.0,146,835323.178363502,57274.65059439033,0,7,0.0,0.7,0.6022118059678103,0.4954940314937178,0.02466470527055617,1,0.6675,0,0,0
41,121769.0,1330911.0,776.8773796317992,5,5,4,7,17240.0,25,372382.51526425034,31326.548100642245,3,6,0.75,0.8571428571428571,0.2548421706018844,0.2572620954482852,0.04629648088543078,0,0.2837301587301587,0,1,1
36,79234.0,1225312.0,668.2265568341134,5,5,6,3,15656.0,130,852492.3098394576,19089.585527576975,2,1,0.3333333333333333,0.3333333333333333,0.8965977461690032,0.2409266921722616,0.018364975049391774,0,0.5430555555555555,1,1,1
58,93997.0,1108212.0,744.3863038134394,60,5,4,8,9398.0,48,658533.487666816,47161.88470793392,0,3,0.0,0.375,0.5838249161026557,0.5017381906649565,0.014271104167074498,2,0.6025,0,0,1
54,145964.0,547549.0,554.557700088132,180,6,1,8,10527.0,158,268843.1361631209,11400.40671783529,0,8,0.0,1.0,0.15348712477227314,0.07810423609818373,0.03915666269274857,6,0.9,1,0,1
28,79229.0,739747.0,647.0745890451584,0,1,2,1,3706.0,25,420874.2232856075,31625.979033250736,1,1,0.5,1.0,0.4426769483455211,0.39917175571130187,0.008805481055762088,0,0.1638888888888889,1,1,1
55,28442.0,1270076.0,681.938203475325,0,5,2,2,21616.0,93,411748.8493002087,54139.34842360885,0,0,0.0,0.0,1.2063991318595992,1.90350005005305,0.05249802163803897,0,0.6166666666666667,1,0,0
57,78346.0,1230832.0,814.6331475444522,30,0,1,2,666.0,72,557961.2810934845,51357.401333151574,1,2,1.0,1.0,0.5934798639937845,0.6555204009541211,0.001193631211640318,1,0.21833333333333335,1,0,1
40,59130.0,802280.0,542.8033541718077,5,1,6,1,3491.0,87,195072.95717088354,31030.89930063273,2,1,0.3333333333333333,1.0,0.27492101749095715,0.5247911263425119,0.017895868554152743,0,0.33638888888888896,1,1,0
66,80001.0,1264464.0,673.2653096675057,5,0,4,9,8788.0,68,578273.8104219349,63725.05434566666,4,4,1.0,0.4444444444444444,0.6023610230100612,0.7965532224055532,0.015196953141605834,0,0.21638888888888888,1,1,1
52,55276.0,552791.0,781.9682195641384,15,3,3,1,4232.0,6,276505.69410130865,9964.315631455349,0,0,0.0,0.0,0.41685616135590586,0.1802647737074924,0.015305290597196316,0,0.39249999999999996,0,0,0
37,42279.0,649577.0,625.048571631319,60,0,3,9,22490.0,154,515328.3145269958,33955.18267822884,1,6,0.3333333333333333,0.6666666666666666,1.0157294687807892,0.8031217076616959,0.04364208091426703,2,0.44999999999999996,1,0,1
21,177629.0,1267436.0,665.1012832702031,120,2,2,6,3787.0,96,691240.4211849386,22356.017346629444,1,3,0.5,0.5,0.32429033790697587,0.12585792492571282,0.005478556930319911,4,0.625,0,1,0
54,38876.0,595815.0,703.2217289538878,15,0,2,1,13694.0,108,495510.38386180205,20742.068576380967,2,0,1.0,0.0,1.0621599955881136,0.5335443095066613,0.027636151422851432,0,0.3291666666666667,1,0,1
31,132387.0,1140639.0,692.9155987605947,90,0,4,10,21981.0,93,999129.4841549102,59232.606746339545,1,0,0.25,0.0,0.6289196850615432,0.4474201148627852,0.022000151480458113,3,0.5875,0,1,0
58,134247.0,707264.0,789.603933281809,120,3,6,2,17671.0,95,132074.98715609216,18217.119965319514,1,2,0.16666666666666666,1.0,0.08198506431930953,0.13569852559326848,0.13379520513687893,4,0.6583333333333333,1,0,1
46,118081.0,481918.0,711.3931667051262,0,2,3,11,17746.0,109,288118.33405193995,23380.821622800882,1,10,0.3333333333333333,0.9090909090909091,0.20333382314678056,0.19800663631575682,0.06159274819630491,0,0.3757575757575758,0,0,1
43,165655.0,367309.0,772.9441026859954,120,2,1,0,10324.0,75,137529.76817781825,14224.983409281645,1,0,1.0,0.0,0.06918483604369435,0.08587113826495817,0.07506738458725278,4,0.5666666666666667,1,1,0
29,18807.0,929683.0,654.7994149883062,5,2,6,7,13504.0,23,733049.666767478,45970.434808904276,5,7,0.8333333333333334,1.0,3.2481242213337143,2.444325772792273,0.01842167128940725,0,0.1525,1,1,0
55,66863.0,745506.0,628.1632212124792,90,2,2,3,23007.0,5,388079.46732688666,12630.880558817133,1,1,0.5,0.3333333333333333,0.4836749115441109,0.18890687762764358,0.05928424958546124,3,0.3944444444444445,1,1,1
29,47858.0,585615.0,664.1993764886255,90,0,0,6,14286.0,97,122138.14829027282,21806.928747905084,0,4,0.0,0.6666666666666666,0.21267455857305784,0.455659006809835,0.11696591277974819,3,0.5583333333333333,1,0,1
41,111462.0,1127577.0,598.8627834642679,120,3,3,10,20995.0,33,350963.9478150741,25422.399380272444,3,6,1.0,0.6,0.26239431960000875,0.22808131363399584,0.059820959191690094,4,0.44666666666666666,1,0,0
61,120957.0,51525.0,713.8458187347067,30,5,5,9,24826.0,81,33770.31590869062,810.1142726064828,4,2,0.8,0.2222222222222222,0.02326606143001964,0.006697539395045205,0.7351426639633878,1,0.5127777777777778,1,1,1
66,163460.0,183680.0,652.9885321071328,60,0,1,3,7348.0,108,38519.774786017384,7817.085339568874,1,3,1.0,1.0,0.019637717069424417,0.047822619231425875,0.19075916307452848,2,0.31666666666666665,1,1,1
69,79514.0,1444632.0,632.9747770015767,0,1,1,0,3650.0,107,627416.3874477057,64990.17967578109,0,0,0.0,0.0,0.6575533736697371,0.8173426022559687,0.005817508233803062,0,0.4833333333333333,1,0,0
67,56215.0,1012118.0,714.9060886734701,45,5,2,3,13899.0,30,813455.8348457821,44990.514580611394,1,1,0.5,0.3333333333333333,1.2058700744845416,0.8003293530305327,0.017086360936405382,1,0.4625,1,0,0
48,167733.0,846962.0,599.9398955417998,180,3,5,9,11497.0,118,145593.66453002262,37333.24867567544,5,0,1.0,0.0,0.07233403908295855,0.22257545429745748,0.07896634813824074,6,0.7499999999999999,1,0,0
30,127024.0,71364.0,733.9351549699056,5,1,6,6,4494.0,169,47967.33244746175,3353.941941060384,6,1,1.0,0.16666666666666666,0.03146868075289037,0.026404001929244744,0.09368876213665298,0,0.32638888888888895,0,1,0
62,141885.0,917727.0,646.5163828056047,5,5,5,9,22804.0,65,602591.5976600678,31004.113192074878,4,9,0.8,1.0,0.35392019220969323,0.21851579231120188,0.03784320937854185,0,0.35083333333333333,1,1,0
60,90086.0,680454.0,761.1367510865929,90,2,1,5,18719.0,21,265753.156082402,19667.186735231408,0,0,0.0,0.0,0.24583283018671231,0.21831568429313553,0.07043754541223889,3,0.5383333333333333,0,0,0
69,90476.0,919842.0,652.5083695239302,45,4,5,6,19735.0,90,215737.4478334016,42164.20023174338,0,3,0.0,0.5,0.19870596238542226,0.4660263520905365,0.09147693271703071,1,0.6208333333333333,0,0,0
52,81025.0,109450.0,724.2336766590547,45,3,2,0,21273.0,111,24823.856716334256,4559.514411829132,1,0,0.5,0.0,0.025531067279989977,0.056272933191349975,0.8569578951042781,1,0.5625,1,0,1
27,139421.0,848430.0,692.5693661641034,15,1,6,0,13054.0,71,744006.1147065364,19514.10605343063,3,0,0.5,0.0,0.444699934435114,0.13996532841846374,0.01754555472322829,0,0.39527777777777784,1,0,1
45,52119.0,887909.0,732.0731311600141,5,5,6,8,15308.0,107,583966.3983892509,28778.66475993748,4,4,0.6666666666666666,0.5,0.9337068349822055,0.5521722358436939,0.026213837032788043,0,0.47638888888888886,0,1,1
42,176015.0,470569.0,687.6962824503339,90,4,5,2,6730.0,137,203282.70898876042,10487.52725338283,1,2,0.2,1.0,0.09624308012989444,0.05958314492164208,0.03310660327914119,3,0.6283333333333333,0,1,1
62,46499.0,129043.0,563.5621811359729,30,1,6,4,21940.0,104,100028.85350240016,5956.1261362585765,5,4,0.8333333333333334,1.0,0.17926703352473558,0.12809148876876011,0.21933671367605503,1,0.31666666666666665,1,0,0
40,92678.0,1458785.0,750.6155477469492,90,5,0,4,28393.0,143,331876.72950886306,36302.2118120083,0,2,0.0,0.5,0.2984137996691619,0.39170258110887485,0.08555284982474717,3,0.7416666666666668,0,1,0
37,68967.0,1078610.0,673.8621954279465,30,4,4,7,26215.0,26,264470.7652209006,43044.97853452066,4,5,1.0,0.7142857142857143,0.3195619707262176,0.6241387697669996,0.09912248704730667,1,0.278015873015873,1,1,0
24,122089.0,951419.0,735.2661254148369,30,5,0,11,12237.0,52,283686.72521944635,42256.98452020997,0,9,0.0,0.8181818181818182,0.19363382806767082,0.3461162309479967,0.043135610207118605,1,0.5087373737373737,1,0,0
61,128272.0,1162279.0,728.3172533808199,15,5,4,9,1497.0,99,839946.2585736711,63535.00610018725,1,8,0.25,0.8888888888888888,0.5456804411547799,0.4953146914384063,0.0017822568821749198,0,0.5194444444444444,0,0,0
58,166823.0,1022835.0,625.8692463292061,60,2,2,7,26335.0,46,467099.8824248482,33063.85951406444,2,7,1.0,1.0,0.23333107666251468,0.19819724806570102,0.056379804386349944,2,0.28555555555555556,1,0,1
23,145853.0,244871.0,615.9643216377292,15,6,6,10,17247.0,178,154741.8751708487,12218.676135571684,1,7,0.16666666666666666,0.7,0.08841200567857632,0.0837739102765914,0.11145657877648042,0,0.5841666666666667,1,0,1
42,58285.0,709449.0,725.8748571014303,180,0,3,6,23334.0,122,230101.51496538988,29494.744183981213,1,2,0.3333333333333333,0.3333333333333333,0.3289890408701351,0.5060434791795696,0.10140741578128994,6,0.7166666666666667,1,1,1
44,51478.0,1338571.0,658.772567941264,30,2,5,1,9031.0,74,981137.3514175692,20530.91533976659,5,1,1.0,1.0,1.5882793805405047,0.3988289238075797,0.009204623579921618,1,0.28944444444444445,1,0,1
43,161622.0,467399.0,745.5500495626547,120,4,2,5,25845.0,139,351132.99474902503,14326.323213033807,0,4,0.0,0.8,0.18104641011590059,0.08864092272731317,0.07360458967541034,4,0.7366666666666667,0,0,1
66,97035.0,1459702.0,667.5259339995883,45,3,0,11,25146.0,176,671380.3287424226,44907.32962029439,0,3,0.0,0.2727272727272727,0.5765791799715074,0.4627951730849115,0.03745418047487559,1,0.6102272727272727,0,0,1
28,33802.0,143306.0,751.6386844213802,30,1,5,9,507.0,1,43989.441262731256,2835.310070050962,4,9,0.8,1.0,0.1084488128481827,0.08387995000446608,0.011525493060298101,1,0.12388888888888888,1,1,1
36,151645.0,529548.0,709.6313138946372,45,1,1,4,16944.0,100,329663.59760827257,17201.624602861546,1,2,1.0,0.5,0.18115972480039597,0.11343350986093538,0.05139784957432257,1,0.3708333333333333,0,1,1
29,123048.0,557833.0,700.1582495599904,30,5,5,3,14321.0,76,190835.52604399683,10966.095591834013,2,3,0.4,1.0,0.12924192594488657,0.08912046999409998,0.07504367921881755,1,0.4838888888888889,0,1,0
32,22142.0,945255.0,653.8192160881808,45,6,3,11,19736.0,135,246919.4013663126,45764.87961017997,3,6,1.0,0.5454545454545454,0.9293025372832648,2.0668810229509513,0.07992891563316659,1,0.5329545454545455,1,1,0
65,144819.0,305341.0,696.2699329843061,120,4,6,1,7783.0,55,186822.33303246318,9000.197260919917,4,1,0.6666666666666666,1.0,0.10750335075304529,0.062147903665402446,0.0416599015421116,4,0.5388888888888889,0,0,1
67,116394.0,382254.0,763.4996900466897,90,3,2,11,2939.0,58,204384.17807631553,8533.770590282822,1,8,0.5,0.7272727272727273,0.14633069436305102,0.07331795960515854,0.014379782367021577,3,0.5061616161616163,1,0,0
23,117566.0,1010027.0,676.2049178935677,0,5,2,8,8220.0,137,744988.7408857227,39464.70025034169,0,6,0.0,0.75,0.5280641943572991,0.33568123649985276,0.011033723798600206,0,0.5416666666666667,0,0,1
51,158119.0,462715.0,717.1822110578698,0,1,5,9,15761.0,160,170849.24206226252,22813.369477878376,4,7,0.8,0.7777777777777778,0.0900425428855601,0.14427974802445231,0.09225092139569589,0,0.2855555555555555,0,1,0
32,98276.0,1324555.0,683.2452053374794,0,6,5,3,8095.0,25,422502.3336023051,69402.843816164,1,1,0.2,0.3333333333333333,0.3582617098802565,0.7062033845106027,0.019159657488707977,0,0.4422222222222223,0,0,0
30,92725.0,1311779.0,688.7222829921795,90,0,0,7,13922.0,110,826935.2022223679,66600.89406967633,0,2,0.0,0.2857142857142857,0.7431789361214773,0.7182625405195614,0.016835660112890307,3,0.5964285714285714,0,0,0
35,118010.0,488994.0,800.6387529856809,5,4,5,3,11679.0,140,330459.7554687487,24587.647367227466,1,3,0.2,1.0,0.23335575761146563,0.20835223597345534,0.035341671131583444,0,0.46305555555555555,1,0,0
30,50040.0,861925.0,764.1211021727686,30,2,3,0,20822.0,29,396505.00889295834,24928.646190720756,3,0,1.0,0.0,0.660313430743669,0.49817438430696953,0.052513838496353445,1,0.2894444444444445,0,0,1
45,42569.0,532679.0,685.5582670637003,120,6,6,5,12321.0,119,256628.66864688287,18759.2804421401,2,2,0.3333333333333333,0.4,0.5023778427315708,0.44067937800136486,0.04801100385613389,4,0.7933333333333332,0,0,0
69,154691.0,550064.0,695.0117861555224,5,1,4,11,4333.0,176,133477.8368951986,16420.704122350235,1,7,0.25,0.6363636363636364,0.0719056252438725,0.10615164503655826,0.032462318095565906,0,0.39191919191919194,1,0,1
49,52922.0,1022028.0,630.8690647514322,5,4,5,2,19021.0,151,513123.80747105216,53033.50853042378,5,1,1.0,0.5,0.8079875531773997,1.0021070354564034,0.03706902646701511,0,0.39305555555555555,0,1,1
56,99703.0,475031.0,667.8919917614533,0,1,2,1,6379.0,34,413750.10628731595,8889.277436422803,0,0,0.0,0.0,0.345818837185872,0.08915757235411977,0.015417518698038233,0,0.3588888888888889,0,0,1
45,61723.0,266443.0,701.6578451284031,15,1,1,11,9010.0,178,62686.94293719723,9904.428882946993,1,5,1.0,0.45454545454545453,0.08463477004411811,0.1604657726122676,0.1437300907946117,0,0.3170454545454546,0,1,1
21,55334.0,425718.0,739.5429512698389,0,2,5,10,21200.0,64,245203.33790767007,10590.259420646264,3,1,0.6,0.1,0.3692776862743673,0.19138792461499735,0.08645885566200058,0,0.3588888888888889,1,0,0
25,114840.0,1397684.0,732.4454627837644,60,5,0,10,8183.0,85,228931.09080770818,68507.43919271807,0,0,0.0,0.0,0.16612322275028168,0.5965468407586039,0.03574438042088985,2,0.7222222222222222,1,0,0
34,147982.0,426018.0,602.3518660866843,90,1,4,11,1854.0,52,167864.07398807138,12170.794562712852,0,3,0.0,0.2727272727272727,0.09452955651592276,0.08224510117928432,0.011044650329002186,3,0.5466161616161617,1,0,0
32,89587.0,577577.0,748.3887911475042,5,4,6,11,10818.0,125,416351.1475420664,28617.420680064966,4,3,0.6666666666666666,0.2727272727272727,0.3872875412932554,0.3194372027198697,0.02598287542586152,0,0.4657828282828283,1,1,0
62,40473.0,961785.0,673.7858424435713,45,3,6,11,11639.0,22,553383.147962274,50129.8851336401,3,8,0.5,0.7272727272727273,1.1394080579692512,1.2386006753549303,0.021032443873396502,1,0.33866161616161616,1,1,1
62,57605.0,196739.0,610.9106051025724,15,6,5,11,20595.0,127,41482.26988738028,4304.394717565066,4,3,0.8,0.2727272727272727,0.06000964888374892,0.07472258862190896,0.496477170991682,0,0.5318939393939394,0,0,1
62,44660.0,439264.0,773.5469316202345,0,2,3,8,21272.0,9,214744.54458203615,19841.602089449818,1,7,0.3333333333333333,0.875,0.40070261341624897,0.44428128279108414,0.09905723119254248,0,0.1991666666666667,1,0,1
52,161015.0,303291.0,782.4295297716567,45,1,5,3,5.0,152,63480.887397037965,8795.175251508272,1,0,0.2,0.0,0.032854541190281424,0.05462332858123946,7.876386429080229e-05,1,0.5408333333333333,1,0,0
48,69763.0,1390326.0,698.4622887638462,90,6,0,5,22706.0,58,598044.6910993018,43282.30380419162,0,4,0.0,0.8,0.7143766407925187,0.6204191878817084,0.03796706222450155,3,0.673888888888889,0,0,1
52,78575.0,1402481.0,729.6155521333665,15,2,5,4,22407.0,93,1019205.1070656821,36429.796096532984,1,2,0.2,0.5,1.0809259805553952,0.46363087618877485,0.021984779947296706,0,0.4658333333333333,0,0,1
40,29508.0,1145814.0,733.7214446121102,120,1,1,6,5203.0,41,393801.6540499543,45450.621485575735,1,0,1.0,0.0,1.1121324557463352,1.5402813299978222,0.013212235008388237,4,0.45777777777777773,1,1,0
53,90257.0,408322.0,777.7040506968576,180,5,5,8,10169.0,19,200094.93106782573,11729.737507897426,5,0,1.0,0.0,0.18474553318840065,0.12995931072268552,0.05082087759910838,6,0.6588888888888889,0,0,1
59,166055.0,943801.0,730.9647967802207,0,5,2,2,23005.0,4,495735.6063632779,42116.77372426362,1,0,0.5,0.0,0.2487808288234209,0.25363146983989415,0.04640578506911163,0,0.3505555555555556,1,0,1
58,84371.0,1010289.0,587.0618205793002,5,0,5,0,17287.0,176,798084.7250766647,46614.412232112976,0,0,0.0,0.0,0.7882691970351826,0.5524933002111267,0.021660607523016302,0,0.45972222222222225,1,0,1
51,123501.0,1310598.0,820.6865424279789,15,5,4,7,10187.0,24,316021.2460348757,40373.35308542563,4,3,1.0,0.42857142857142855,0.21323798055270515,0.32690709456138517,0.03223517446316181,0,0.30630952380952386,1,1,0
23,47474.0,276439.0,754.595982263603,120,4,6,11,22845.0,10,155583.71478921518,4199.042386905514,2,3,0.3333333333333333,0.2727272727272727,0.2731033737575922,0.0884493067132644,0.1468341338356036,4,0.5616161616161616,1,0,1
56,41156.0,1117568.0,644.3333056309065,5,1,5,10,18948.0,92,193442.62893046028,19717.534961183363,2,0,0.4,0.0,0.3916857585173087,0.47909259794886194,0.09795152239588059,0,0.4330555555555555,1,0,1
38,136523.0,331447.0,607.9262449349814,45,3,6,0,15325.0,173,72919.2700262652,8601.874619446584,5,0,0.8333333333333334,0.0,0.04450975905541264,0.0630067799524372,0.21016392504313333,1,0.5125,1,1,0
57,28649.0,874605.0,715.3369401282858,45,1,1,7,183.0,14,275974.7609853321,46489.56498890799,0,5,0.0,0.7142857142857143,0.8027469282968925,1.6227290651997621,0.0006631041162844829,1,0.33051587301587304,1,0,0
47,90650.0,1324895.0,660.5217973142694,5,1,2,6,19414.0,45,913893.6316177661,40743.665518916896,0,5,0.0,0.8333333333333334,0.8401302000531036,0.44946128537139435,0.021243172430946384,0,0.3097222222222222,1,0,0
64,69306.0,140006.0,703.0996747799271,0,0,3,5,5399.0,100,25317.510821540895,6267.98617351382,0,5,0.0,1.0,0.030441701562083243,0.0904393006884515,0.2132516122164099,0,0.35,1,1,1
37,20633.0,264648.0,732.0384788894785,5,1,0,8,27598.0,88,227280.18853099807,13878.965967968072,0,1,0.0,0.125,0.9179477395878692,0.672658652060683,0.12142721360087216,0,0.47611111111111115,1,0,0
66,104055.0,1229039.0,640.3490678402243,0,4,0,5,5668.0,26,578571.1794082857,35233.04586258577,0,5,0.0,1.0,0.46335365864869993,0.33860021971635934,0.009796547428782673,0,0.34111111111111114,1,0,0
62,174170.0,77188.0,601.8724405120964,45,5,0,10,895.0,171,60128.59948224218,2890.813952987061,0,4,0.0,0.4,0.028769114218982497,0.01659765719117564,0.014884763784733104,1,0.6641666666666666,0,0,0
37,29202.0,1043433.0,707.0072927510384,180,3,5,10,11286.0,64,330149.29906640924,51225.07433376325,2,2,0.4,0.2,0.9421423734287869,1.7541632194289176,0.03418453418472905,6,0.7622222222222221,0,0,1
44,150153.0,776788.0,642.6628501306119,30,0,3,7,10485.0,121,313323.67633135914,30754.5246764546,3,1,1.0,0.14285714285714285,0.1738913399062729,0.20482124683792263,0.03346379731901098,1,0.3440476190476191,1,1,1
47,105346.0,552575.0,690.2267050012679,15,3,5,5,10568.0,82,384184.3278628486,10769.037110193944,3,4,0.6,0.8,0.3039067516112371,0.10222540115613259,0.0275076291081106,0,0.39138888888888895,1,1,0
58,135216.0,1300953.0,585.9671494126414,15,5,5,7,27805.0,105,565131.2310993669,59561.631356305814,4,2,0.8,0.2857142857142857,0.3482891762681974,0.4404924813358317,0.049200961599503344,0,0.4972619047619048,0,1,1
54,33640.0,1280990.0,662.3472092867754,180,5,0,10,8235.0,162,679713.6897650278,65540.1907027814,0,7,0.0,0.7,1.683793325815071,1.948281530998258,0.012115395237731317,6,0.8966666666666666,0,0,0
62,158792.0,522687.0,730.0466323727998,180,5,5,3,25122.0,58,395642.26575723063,23913.4697798285,2,2,0.4,0.6666666666666666,0.20763129636948052,0.15059618733833255,0.06349675495846813,6,0.7688888888888888,1,1,1
39,19849.0,56419.0,722.4152755352758,60,2,1,10,4881.0,146,36013.45309687091,2544.584412911979,0,10,0.0,1.0,0.1511975964232913,0.1281971088171686,0.1355326851571502,2,0.5333333333333333,1,0,0
45,164902.0,235835.0,624.8149420388712,45,4,2,7,18504.0,52,183221.86695618497,10666.31068018532,1,5,0.5,0.7142857142857143,0.0925912900572183,0.06468272477098713,0.1009923122572754,1,0.43996031746031744,1,0,0
42,124564.0,205678.0,598.2214941477364,5,0,6,0,3924.0,57,44192.93800031193,8124.600848414371,0,0,0.0,0.0,0.02956508167174567,0.06522430917772688,0.08879246724832604,0,0.3863888888888889,1,0,0
65,72673.0,1474234.0,681.1034582826254,180,2,2,8,6879.0,5,893463.6188441991,36726.70306328216,1,6,0.5,0.75,1.0245249483350065,0.5053692989594782,0.007699250260350612,6,0.5277777777777778,1,1,1
35,19150.0,915492.0,719.2722957913586,0,3,6,2,4442.0,62,550122.103984821,47087.003431249694,2,1,0.3333333333333333,0.5,2.3939169015875588,2.4588513541122556,0.0080745710230952,0,0.3877777777777778,0,0,1
49,116975.0,1031271.0,708.3622598134785,5,0,3,6,9915.0,105,624252.9845756656,20786.599055319857,3,3,1.0,0.5,0.444719658456697,0.17770121013310414,0.015882983734134163,0,0.25972222222222224,1,1,0
26,32164.0,384811.0,644.1488108947083,90,0,0,11,13794.0,115,227657.135355996,18506.26513859889,0,1,0.0,0.09090909090909091,0.589834222930388,0.5753720040604058,0.0605911164542671,3,0.615909090909091,1,1,1
62,116626.0,1283501.0,700.8477109740622,5,5,5,9,25738.0,77,889310.3024815079,37702.80518375128,4,7,0.8,0.7777777777777778,0.6354431419534151,0.32327958760268966,0.02894152910202588,0,0.3997222222222222,1,0,0
39,143249.0,1097870.0,785.1648829893196,0,1,0,8,22689.0,64,859662.1667973043,46058.724500326796,0,6,0.0,0.75,0.5000978289536078,0.321529117133989,0.026392926054345872,0,0.35055555555555556,0,0,0
37,61302.0,1140600.0,694.360128111632,60,0,4,0,20948.0,40,367499.5356577532,53840.75058897173,4,0,1.0,0.0,0.49957523905929274,0.8782870149256423,0.05700143256645788,2,0.3055555555555556,1,1,1
49,56673.0,728952.0,565.6796444926966,0,4,3,10,14666.0,162,166509.30526983453,34219.60269873143,0,3,0.0,0.3,0.2448392610088204,0.603807857334735,0.08807916155936872,0,0.5533333333333333,0,0,1
45,53956.0,1062451.0,694.224023667045,15,1,0,4,8569.0,69,218314.03427702177,22785.010144977394,0,0,0.0,0.0,0.33717911242033904,0.42228871941910806,0.039250797725292705,0,0.4658333333333333,0,0,0
62,54423.0,838874.0,823.0769879848826,60,6,3,0,8898.0,55,225506.91974040543,33082.441828535484,0,0,0.0,0.0,0.3452996584477234,0.6078761154022285,0.0394577692349442,2,0.6888888888888889,0,0,0
47,36452.0,607617.0,589.8826430819083,5,6,2,11,3967.0,169,390068.57290181186,14329.131512634389,1,9,0.5,0.8181818181818182,0.8917402175047823,0.3930958935760559,0.010170006700331058,0,0.5029040404040404,0,0,1
46,58451.0,912015.0,682.0807263280316,90,5,0,2,19939.0,114,421691.8163703452,17769.85652278858,0,2,0.0,1.0,0.6012041658402554,0.3040128744211148,0.047283345860543904,3,0.6916666666666668,0,0,0
26,124808.0,520292.0,664.1565196877506,0,2,3,3,23423.0,152,214421.29666544186,18492.45366021313,2,3,0.6666666666666666,1.0,0.14316743629243975,0.14816721412259734,0.10923821637244613,0,0.31666666666666665,0,1,0
22,67007.0,1431627.0,686.7118071492545,60,6,0,1,16435.0,69,1191776.838947034,78025.22058538352,0,0,0.0,0.0,1.4821546491996285,1.1644338738547244,0.01379033344407058,2,0.72,1,0,0
40,144508.0,1089589.0,693.597650720764,0,1,3,7,17286.0,77,899054.6519000409,59128.244013482305,2,6,0.6666666666666666,0.8571428571428571,0.5184572549040197,0.40916934711906816,0.019226862308612914,0,0.2687301587301587,1,1,1
69,150724.0,1121527.0,759.7980390244047,90,1,1,10,11172.0,131,621515.1201915756,42546.30127247877,1,3,1.0,0.3,0.34362760199192766,0.28227953924045784,0.017975427527099175,3,0.47833333333333333,0,1,0
65,141274.0,1089233.0,685.9348300480567,90,6,5,6,28903.0,176,537945.3185922907,49981.59824319754,4,1,0.8,0.16666666666666666,0.3173179534051387,0.35379190964506946,0.05372850920170496,3,0.6883333333333334,1,1,1
51,105403.0,700098.0,769.4081690048433,120,4,6,10,26627.0,141,247015.9535430541,17493.431800661634,2,5,0.3333333333333333,0.5,0.19529484735021305,0.16596711479428133,0.10779465705788513,4,0.7166666666666667,0,1,0
51,69236.0,1428353.0,671.7641038849463,15,0,6,11,12194.0,83,706929.79819024,34244.03102373461,2,10,0.3333333333333333,0.9090909090909091,0.8508697284050687,0.49459863400159765,0.017249237521486546,0,0.32270202020202027,1,1,1
40,168642.0,351399.0,655.4904258217757,15,6,6,10,22651.0,107,161007.28738389193,15201.846031406069,1,8,0.16666666666666666,0.8,0.0795606903894502,0.09014270485054772,0.14068307322011397,0,0.5741666666666667,0,0,0
29,51252.0,874556.0,633.1571911872976,180,1,0,1,10470.0,62,135743.2292258752,40614.36455252047,0,0,0.0,0.0,0.2207120847737246,0.7924444812401559,0.07713091886578032,6,0.7711111111111111,1,0,1
21,93250.0,150650.0,552.8039079615893,90,4,3,2,3713.0,82,108307.17932415962,6730.060508076113,1,2,0.3333333333333333,1.0,0.09678925766234103,0.0721722306496098,0.03428212259952888,3,0.5905555555555556,1,0,0
37,91485.0,477200.0,699.3046988348087,5,3,1,3,8722.0,69,228545.3806187914,9152.840175342946,1,3,1.0,1.0,0.20818110493413436,0.10004744138758208,0.03816309905886088,0,0.2630555555555556,1,1,0
36,138785.0,883094.0,823.780020193029,0,0,0,7,25035.0,17,280061.76139168,25831.296153888186,0,7,0.0,1.0,0.16816284264130368,0.18612455347399348,0.08939099674156278,0,0.18777777777777777,1,0,1
30,106583.0,759816.0,712.0764834100103,30,5,2,10,14456.0,157,493649.6119568241,12739.991878383214,2,10,1.0,1.0,0.38596650181613085,0.1195311811300415,0.029283928620335593,1,0.42500000000000004,1,1,1
33,147521.0,1414683.0,728.0723147913176,60,4,3,3,25961.0,24,687184.0272566009,65707.0606353403,1,2,0.3333333333333333,0.6666666666666666,0.3881842965050179,0.4454081834812691,0.03777881756600539,2,0.43666666666666665,1,0,0
22,166892.0,939885.0,651.0878072489882,30,6,2,7,9681.0,48,362135.3712977715,25818.504273575876,1,0,0.5,0.0,0.1808232126653622,0.15470186871495265,0.02673309697781398,1,0.54,1,0,0
50,81281.0,646637.0,662.896662610843,120,4,0,2,13799.0,45,208933.62592857756,20814.852255621256,0,0,0.0,0.0,0.21420916935136292,0.2560850906807403,0.06604489793671167,4,0.7166666666666667,1,0,1
66,159721.0,668758.0,748.9249041833284,45,5,2,6,2195.0,39,129977.2973144222,25516.818453122432,2,4,1.0,0.6666666666666666,0.06781476100743494,0.15975869455564662,0.016887564562064826,1,0.37416666666666665,0,1,0
54,45488.0,936810.0,820.6085548202874,180,6,1,9,23427.0,89,493948.6005807251,14072.853862371889,0,0,0.0,0.0,0.904906423270469,0.309375084909688,0.04742801168473271,6,0.9977777777777779,1,0,0
42,166401.0,1197143.0,784.1563555057774,120,6,0,4,9363.0,172,516666.78756997845,34914.446227864246,0,3,0.0,0.75,0.258745834645414,0.20982113225199517,0.018121931243222898,4,0.8083333333333333,1,0,1
41,46834.0,450969.0,736.3671240809615,45,3,3,1,2732.0,59,81285.76046079109,19883.820494378022,0,0,0.0,0.0,0.14463452559534934,0.42455951860567154,0.03360982273540769,1,0.5686111111111111,0,0,0
36,155742.0,897689.0,682.4605405573357,120,0,0,4,6566.0,132,681619.7215582146,23737.24137255616,0,4,0.0,1.0,0.36471628374609644,0.15241387276750112,0.009632937241002676,4,0.5833333333333334,1,1,1
27,81220.0,883348.0,694.6803239987127,45,2,6,9,19964.0,131,667999.4158940967,33407.42402231901,2,2,0.3333333333333333,0.2222222222222222,0.6853806696771082,0.4113201677212388,0.0298862536777503,1,0.5319444444444446,0,0,0
50,174262.0,63681.0,627.2544876400221,0,4,5,11,24461.0,137,32956.138831185366,3444.305002432463,0,1,0.0,0.09090909090909091,0.015759861028788725,0.019765095100667172,0.7422289402681275,0,0.5742424242424243,1,0,0
48,38929.0,1373519.0,578.628273508814,15,0,6,7,28644.0,112,1070212.0837464754,27094.38139288722,2,2,0.3333333333333333,0.2857142857142857,2.290948658126494,0.6959947954709141,0.0267647884330799,0,0.40059523809523817,0,0,0
21,93410.0,876267.0,601.1241149568041,30,0,0,8,7067.0,133,447557.00638961577,22546.032977778937,0,8,0.0,1.0,0.39927649287158384,0.24136637381200018,0.015790167283959135,1,0.4083333333333333,1,1,1
41,164104.0,401012.0,683.4860024165356,180,2,3,5,17714.0,137,110950.82748225471,16986.331225990936,3,3,1.0,0.6,0.05634172409074668,0.10350955019981802,0.1596563126384357,6,0.6566666666666667,1,1,0
34,25690.0,968725.0,659.5605417001326,120,6,5,11,13766.0,122,521366.4708228586,37717.405389369145,4,11,0.8,1.0,1.691210817512841,1.4681745967056887,0.026403692547151133,4,0.6633333333333333,1,0,0
29,60932.0,1032829.0,577.1390806696221,5,2,4,10,21461.0,100,397045.5151081865,55896.84524892791,4,2,1.0,0.2,0.5430172365754536,0.9173643610734574,0.05405173760532802,0,0.3563888888888889,1,1,1
55,31537.0,1377128.0,677.3873634665184,0,6,2,11,20182.0,16,673792.176395091,22563.01153772198,0,8,0.0,0.7272727272727273,1.780427689156364,0.7154457157536221,0.029952855950298087,0,0.4128282828282828,1,0,0
46,70046.0,99407.0,657.7098772873838,45,5,5,10,2106.0,91,87279.58685657091,4982.255529776474,2,2,0.4,0.2,0.1038360349586592,0.07112833751786646,0.024129353447339883,1,0.6241666666666668,0,1,0
52,81224.0,649896.0,597.9005801301143,45,2,2,6,4476.0,135,270777.96836219897,22448.57904498916,2,3,1.0,0.5,0.2778098923575534,0.2763786447969709,0.016530148398235994,1,0.4041666666666667,0,1,0
55,118260.0,311225.0,654.0874692565951,90,1,6,11,17701.0,61,97076.48910038735,7493.040690946666,5,4,0.8333333333333334,0.36363636363636365,0.06840611724194384,0.06336073643621398,0.1823407517519025,3,0.4325252525252526,1,0,0
69,59745.0,882978.0,657.5332899498559,15,5,0,7,15938.0,44,217577.84045894974,31023.053113637925,0,5,0.0,0.7142857142857143,0.3034812403533765,0.5192577305822734,0.07325194498842823,0,0.47218253968253976,1,0,0
60,43706.0,777331.0,636.8354002052873,120,5,4,7,26571.0,106,631927.954118111,24476.48041044559,0,5,0.0,0.7142857142857143,1.2048840626727662,0.5600256351632634,0.04204751479475415,4,0.7785714285714287,0,0,0
51,45530.0,738746.0,744.8669115343158,30,4,0,7,25415.0,23,119088.66094792796,16380.503657526198,0,0,0.0,0.0,0.2179673858773116,0.35977385586484073,0.21341242564741592,1,0.49277777777777776,1,0,1
64,170021.0,1473938.0,546.7968906534682,30,6,6,2,1753.0,129,1224238.5964223093,35044.09845593926,5,2,0.8333333333333334,1.0,0.6000428360919677,0.20611629419859465,0.0014319104177265222,1,0.4833333333333334,0,1,1
44,172419.0,820901.0,540.9940706502321,30,0,2,10,17522.0,176,161166.6873314176,21774.94342949483,0,8,0.0,0.8,0.07789487978481567,0.1262908579071612,0.10871973786970235,1,0.42833333333333334,0,1,1
69,53867.0,645968.0,680.2300049114365,180,2,0,4,12198.0,87,461540.5952111662,23957.63139220697,0,1,0.0,0.25,0.714012591523515,0.4447552563203255,0.026428877820420357,6,0.835,0,0,1
58,49657.0,147590.0,686.7289032574614,30,4,5,7,14471.0,5,54643.45786767526,2704.4353910253344,1,0,0.2,0.0,0.09170150208375331,0.054462319331118156,0.264825846765463,1,0.4227777777777777,0,0,1
52,26779.0,469932.0,708.2950595213281,60,0,6,10,1944.0,48,158569.41586945314,8719.032703975758,3,4,0.5,0.4,0.4934507632518427,0.32559216938555424,0.012259615067261484,2,0.35833333333333334,1,1,0
65,173419.0,1351061.0,642.2718544204635,180,6,6,1,25166.0,5,384986.9191352616,38194.286689689725,4,0,0.6666666666666666,0.0,0.1849984330510025,0.2202428032089317,0.06536845474263545,6,0.7111111111111111,1,0,0
46,132396.0,704922.0,615.7453336435368,0,4,3,3,4956.0,82,176855.3250797817,30517.22635528449,3,3,1.0,1.0,0.11131713765256107,0.23049960992238805,0.02802290515009534,0,0.3155555555555556,0,1,1
56,141255.0,1370097.0,679.4878707113537,45,2,0,11,28417.0,55,273575.4968847277,74166.37106324875,0,1,0.0,0.09090909090909091,0.1613957599640884,0.5250530675958285,0.10387260673412442,1,0.5172979797979799,0,0,0
34,65072.0,822309.0,649.0895305256403,90,1,1,4,27939.0,139,218967.27520087478,12729.451198078079,1,1,1.0,0.25,0.2804166605207498,0.19562102283744282,0.12759440868216268,3,0.48333333333333334,1,0,1
68,121833.0,844686.0,788.5749983258986,180,0,0,7,24629.0,151,499511.8146351208,45523.19117774499,0,5,0.0,0.7142857142857143,0.34166428268963855,0.3736523862807695,0.04930614107294096,6,0.7285714285714286,1,0,0
51,27689.0,673318.0,657.3040925052366,0,4,0,6,3529.0,78,388678.8473947307,28576.734221110528,0,6,0.0,1.0,1.1697751435429555,1.0320608985918787,0.009079475314014328,0,0.45666666666666667,1,0,1
59,127515.0,857005.0,676.2770393798046,90,6,1,10,12252.0,176,309212.56269532617,43741.05001728728,0,6,0.0,0.6,0.20207594053988823,0.34302670287642456,0.039623228413498066,3,0.765,0,0,0
43,111904.0,146693.0,850.0,120,0,3,6,715.0,80,96804.38341840715,5347.478309486762,1,0,0.3333333333333333,0.0,0.0720888614485088,0.047786301736191396,0.007386029172972804,4,0.611111111111111,1,0,0
63,71698.0,133456.0,666.3667841288519,30,2,5,5,18350.0,21,97052.10823617356,4473.121078128565,4,4,0.8,0.8,0.11280197057585702,0.06238836617658185,0.1890736876662771,1,0.22166666666666665,1,1,0
24,133096.0,739872.0,718.9309805639364,90,4,4,0,25926.0,163,654883.7982082847,34334.7867639788,4,0,1.0,0.0,0.4100322312518061,0.2579700874855653,0.039588702714789537,3,0.6083333333333333,0,1,0
26,122721.0,917028.0,725.2416603370447,45,3,1,5,15799.0,71,440014.78270144935,33970.78449895028,1,0,1.0,0.0,0.2987907412623277,0.276813133033061,0.0359056118592262,1,0.4452777777777778,0,1,1
45,89117.0,848757.0,731.198115060275,60,4,4,7,692.0,159,365764.8679244213,43197.164827068766,4,0,1.0,0.0,0.34202683730790356,0.48472418087535224,0.0018919258263562623,2,0.55,1,1,1
56,48244.0,672270.0,700.2641085787876,30,4,1,8,9099.0,132,591517.6972786372,34099.234408128024,1,6,1.0,0.75,1.0217465682755666,0.7068077773013851,0.015382464534639059,1,0.4166666666666667,1,0,0
60,21817.0,476336.0,693.5688556087357,5,6,3,9,5106.0,169,408036.2817275526,17252.041673392476,1,3,0.3333333333333333,0.3333333333333333,1.558556331177341,0.7907614096068422,0.012513593101040206,0,0.5763888888888888,0,0,0
42,169908.0,1078113.0,687.0234002885982,120,4,6,9,13059.0,116,911232.8505223455,40915.01974566013,5,0,0.8333333333333334,0.0,0.4469246349604617,0.2408069057705354,0.01433113390558099,4,0.6916666666666667,0,0,0
52,63580.0,926831.0,639.6804268436358,5,4,0,5,11154.0,106,562205.7794836209,30818.071376288382,0,2,0.0,0.4,0.7368745143698502,0.48471329626122023,0.019839710666519315,0,0.5530555555555556,1,0,1
48,66890.0,118331.0,702.7863161987488,5,2,6,0,24878.0,42,72572.26502931828,5038.090001509458,0,0,0.0,0.0,0.090412449580553,0.07531903126789442,0.34280313546710445,0,0.4197222222222222,0,0,0
68,128332.0,705955.0,822.0052086197214,120,1,1,3,6633.0,50,597227.4438038913,29857.83339168223,1,1,1.0,0.3333333333333333,0.3878140576810482,0.23266085926878902,0.011106321500821798,4,0.4444444444444444,0,1,1
53,59340.0,1080787.0,764.7477336274491,180,0,4,4,9014.0,59,551054.7121350325,44337.911983036334,4,3,1.0,0.75,0.7738662961114376,0.7471842262055332,0.016357722384907538,6,0.5061111111111111,0,1,0
41,78872.0,1187051.0,701.2742615557246,60,0,1,11,7126.0,55,368112.19449361163,20766.266153005923,1,11,1.0,1.0,0.3889341744573609,0.2632907261513075,0.019358228568881784,2,0.23888888888888887,0,1,1
68,133208.0,465996.0,739.9080858674193,60,5,1,9,26686.0,106,414244.36777154374,24950.967851870853,1,1,1.0,0.1111111111111111,0.2591463274049755,0.18730832871802636,0.06442091209002837,2,0.5722222222222222,1,0,0
26,114450.0,1391209.0,619.1576863888544,30,0,3,10,8835.0,156,1087302.5883008395,39543.84971552102,2,7,0.6666666666666666,0.7,0.7916867542601133,0.3455120114942859,0.008125612957297123,1,0.3383333333333334,1,0,0
69,124344.0,994972.0,661.7641492060197,60,3,2,11,29742.0,6,191074.7645664138,24723.72466001725,0,7,0.0,0.6363636363636364,0.12805521012032064,0.19883327430368375,0.15565634775209822,2,0.4163636363636364,1,0,0
28,18756.0,684624.0,746.3494890928839,60,4,3,1,19988.0,111,160440.79224357547,16048.939867545307,0,1,0.0,1.0,0.7128420782841733,0.8556696453159153,0.1245817832266431,2,0.6,1,0,0
35,91110.0,959332.0,784.1017035420734,45,4,1,0,9203.0,136,778582.464607879,17048.619139103972,1,0,1.0,0.0,0.7121267923461375,0.1871212725178792,0.011820199424392313,1,0.5208333333333334,0,1,1
61,94993.0,1313711.0,626.0393679533236,60,0,6,6,17822.0,79,493712.3097317223,43722.37002564618,0,2,0.0,0.3333333333333333,0.43311288703002876,0.4602693885406944,0.03609794539999271,2,0.5088888888888888,0,0,1
56,120456.0,378920.0,646.148818340379,45,6,4,3,3682.0,49,254743.8780962561,6313.817119207433,3,0,0.75,0.0,0.17623577495534754,0.05241596200444505,0.014453733010254087,1,0.5338888888888889,1,1,0
68,42536.0,268033.0,832.6963055714975,120,3,5,10,27114.0,77,63890.064531636024,5745.603773955794,1,9,0.2,0.9,0.1251686111600292,0.13507625949679786,0.42438523421077684,4,0.6344444444444445,1,0,1
57,43837.0,688655.0,686.7382874838281,90,0,5,5,28715.0,149,191377.39958287243,10475.135836452933,0,0,0.0,0.0,0.3638049280723142,0.2389564942047342,0.15004384040428714,3,0.625,0,0,1
52,141513.0,171690.0,807.6353380890265,30,0,5,0,8810.0,164,121990.04265842328,3774.991315359088,3,0,0.6,0.0,0.07183677039001321,0.026675933061691064,0.07221900909296616,1,0.41833333333333333,0,0,0
37,127079.0,1261668.0,694.4800122093055,60,6,0,2,5131.0,123,1115905.9381308844,69151.79538673315,0,1,0.0,0.5,0.7317665508141159,0.544163830268834,0.004598057797411044,2,0.7166666666666667,1,0,0
21,149411.0,1457140.0,697.2326197627805,15,6,4,4,12854.0,87,767401.470018458,53416.055250653524,1,3,0.25,0.75,0.428014821542846,0.35751086098515855,0.016750033068989076,0,0.56,0,0,0
27,61838.0,928107.0,658.6156378638071,5,5,6,0,23143.0,116,169089.12152847333,16414.44814265964,3,0,0.5,0.0,0.2278657156986445,0.26544273978232863,0.13686865122250277,0,0.5513888888888889,0,1,0
35,179611.0,1470782.0,745.978859905716,120,2,0,3,18804.0,121,479089.24335592147,55251.20546742789,0,0,0.0,0.0,0.22228094945740215,0.30761593369798,0.03924947232854124,4,0.75,0,0,1
23,62199.0,149670.0,775.04442852128,60,6,3,6,1173.0,138,46326.714404071885,5841.867336025464,3,2,1.0,0.3333333333333333,0.062067871407460846,0.09392220672399017,0.025320163864176373,2,0.5833333333333333,1,0,0
45,123455.0,967189.0,607.5498438901393,0,1,1,10,249.0,26,823517.0914707672,35698.05036928507,1,1,1.0,0.1,0.5558820970331748,0.28915840078802046,0.00030236166629559125,0,0.1811111111111111,1,1,1
59,44273.0,692217.0,655.3284613445694,30,1,5,7,7066.0,13,321439.6121075155,19686.31894144209,5,6,1.0,0.8571428571428571,0.6050331882251702,0.444657442265988,0.02198235604402284,1,0.13484126984126985,1,1,0
68,166797.0,452180.0,744.0554967061954,180,5,6,1,22632.0,62,389216.01605392917,18670.35354795427,2,0,0.3333333333333333,0.0,0.19445594347916387,0.11193458843956587,0.05814765854050606,6,0.8544444444444443,1,0,1
44,71845.0,502068.0,670.9315953550971,60,2,0,4,7804.0,46,398987.64476532897,10395.000495430244,0,3,0.0,0.75,0.46278753423496066,0.14468648473004725,0.019559502912903603,2,0.4605555555555556,0,0,0
63,148001.0,840510.0,645.4630172026752,120,3,5,9,26832.0,110,410256.9688479324,19989.44392021162,2,2,0.4,0.2222222222222222,0.23099898471853367,0.13506289768455362,0.06540291094956552,4,0.701111111111111,0,1,1
69,71662.0,980386.0,750.6679507708582,45,4,2,4,8917.0,93,165337.2280804428,53714.19652916138,2,3,1.0,0.75,0.1922651103797954,0.7495492245424547,0.05393219726449958,1,0.44583333333333336,1,1,0
63,146117.0,287813.0,757.2417243298758,0,1,6,6,26777.0,165,253192.8057962434,9101.65827933477,0,5,0.0,0.8333333333333334,0.14440072327669118,0.06229020770570686,0.10575734928878176,0,0.39999999999999997,1,1,0
43,91576.0,941117.0,648.5250536529503,5,6,0,11,27579.0,139,148276.34725241907,19680.331806246915,0,0,0.0,0.0,0.13493013749273744,0.21490709144586917,0.1859972983624336,0,0.6597222222222222,1,0,0
36,28123.0,1393485.0,694.8656569591562,0,1,1,1,21835.0,26,1103775.641666245,32999.14120577232,1,1,1.0,1.0,3.27067892729037,1.1733862392266943,0.019782099890370997,0,0.09111111111111111,0,1,0
68,48847.0,65077.0,595.4067642867037,90,6,5,5,5259.0,152,29930.46601804663,2861.128791137121,2,3,0.4,0.6,0.05106159030245227,0.05857327555708889,0.17570725416801317,3,0.705,1,0,0
32,128717.0,1323620.0,617.316336266491,90,1,5,7,2156.0,138,497656.89929723035,26009.142696299343,2,0,0.4,0.0,0.32219060632837304,0.20206455010837218,0.00433230203990864,3,0.5983333333333333,1,0,0
41,49267.0,931158.0,688.6915662493366,45,2,0,9,5209.0,68,424817.9846000797,27151.797558822655,0,2,0.0,0.2222222222222222,0.7185641243971281,0.5511153014963902,0.012261721934639164,1,0.5330555555555556,0,0,1
24,62601.0,546218.0,682.198475130589,90,1,1,10,18985.0,10,228145.46908488878,15368.31369689152,1,9,1.0,0.9,0.3037031744499406,0.24549629713409563,0.08321445118393311,3,0.24055555555555555,1,1,0
59,105761.0,1115531.0,612.3186735788556,45,3,2,3,20750.0,142,743880.0746847097,26905.76590429203,0,1,0.0,0.3333333333333333,0.586132943369728,0.2544015838001913,0.027894281223750747,1,0.6041666666666666,1,0,0
52,58993.0,945791.0,629.8818252692097,90,0,0,5,29563.0,34,548125.9398170834,32226.427672205085,0,0,0.0,0.0,0.7742810443853274,0.5462754508535773,0.05393468517447933,3,0.5005555555555555,0,0,0
25,38878.0,1164658.0,605.4468941031108,90,1,5,9,28569.0,39,399103.41932635295,22600.32545957812,1,6,0.2,0.6666666666666666,0.8554611419619342,0.5813139940217635,0.0715829497232112,3,0.4483333333333333,1,0,0
31,119136.0,167868.0,711.8541899839247,45,3,4,10,9236.0,84,91593.12224006219,5583.740525708926,0,8,0.0,0.8,0.06406762176564472,0.04686862514864462,0.10083726566054584,1,0.5441666666666667,1,0,0
48,129601.0,135514.0,542.265256231567,60,4,5,9,11678.0,14,61484.40480929346,2209.530526192781,3,4,0.6,0.4444444444444444,0.039534420265078626,0.017048715103994423,0.1899343424763031,2,0.39666666666666667,1,1,0
47,136753.0,980920.0,609.1895939307863,15,6,3,8,23168.0,71,824448.2440190994,52786.91179637338,2,1,0.6666666666666666,0.125,0.5023949773308443,0.38600185587426517,0.02810121820025768,0,0.5244444444444445,1,0,1
60,170919.0,490304.0,549.5940916517375,90,5,4,3,23193.0,44,401697.9907094237,19217.442116667073,0,0,0.0,0.0,0.19585202674435637,0.1124359615763436,0.05773740605234225,3,0.6894444444444444,0,0,0
34,38168.0,395492.0,709.3314422700587,180,6,4,4,9410.0,9,242440.32655831877,7119.965964223491,0,1,0.0,0.25,0.529327199395477,0.1865428097941598,0.0388136748270566,6,0.7950000000000002,1,0,0
66,87140.0,660846.0,553.8086514961709,5,5,4,7,931.0,162,577596.4916558734,14954.285029803565,4,3,1.0,0.42857142857142855,0.5523644821129536,0.17161217615106225,0.0016118518956563905,0,0.43353174603174605,1,1,1
42,55907.0,1101561.0,682.2210438974878,90,5,3,3,2895.0,46,475153.1446824802,48973.181148459575,1,3,0.3333333333333333,1.0,0.7082493317510631,0.8759758375240949,0.006092772472198571,3,0.5438888888888889,1,0,0
61,163979.0,310668.0,794.7666811023196,0,2,4,8,24721.0,97,67097.36227683717,13752.29852861394,4,6,1.0,0.75,0.03409855442711016,0.08386621779992523,0.3684347515481095,0,0.2916666666666667,1,0,1
32,105446.0,1461132.0,797.1403786889631,30,6,4,6,10456.0,147,271389.52953433036,43248.53718123353,3,1,0.75,0.16666666666666666,0.21447749680273184,0.41014867497328994,0.03852764702433861,1,0.5791666666666667,0,1,0
22,33927.0,660064.0,553.5864701574825,90,6,4,5,21701.0,86,511604.99639529374,13820.083682754404,3,4,0.75,0.8,1.2566318772543346,0.4073476488564979,0.042417490354673223,3,0.6236111111111111,0,1,0
23,130127.0,268340.0,700.8886721141669,15,3,6,4,24027.0,52,117430.4052528831,9777.529069698428,2,0,0.3333333333333333,0.0,0.07520243381010032,0.07513835767902456,0.2046062938151199,0,0.44472222222222224,1,0,1
39,24959.0,153137.0,610.7720092533682,15,0,2,9,26898.0,133,121775.36040117685,3990.120890752782,0,1,0.0,0.1111111111111111,0.4065846668575692,0.15986701753887503,0.22088212189549025,0,0.46805555555555556,0,0,0
67,62415.0,1293031.0,596.480477500282,30,0,6,5,14763.0,124,638823.7659875804,24402.52428721655,5,4,0.8333333333333334,0.8,0.8529249993158434,0.39097211066597054,0.02310965995007614,1,0.30333333333333334,1,0,1
23,134861.0,214165.0,672.0571031926949,5,3,0,3,19123.0,1,33919.49604701318,6176.5061103665985,0,3,0.0,1.0,0.02095954108737464,0.045799053175985635,0.5637760647591903,0,0.2619444444444444,1,0,1
39,99972.0,657496.0,765.9803809853188,60,4,3,4,5867.0,147,359312.55939625105,29613.950598453437,2,3,0.6666666666666666,0.75,0.29951099590906377,0.29622244827005,0.016328402240818565,2,0.525,0,0,1
26,141285.0,1019607.0,721.9761211954251,5,3,3,5,28240.0,21,607593.6408578871,29737.452361197902,2,2,0.6666666666666666,0.4,0.3583735244705661,0.21047848222527446,0.04647843246042989,0,0.2663888888888889,1,0,1
66,110532.0,793989.0,629.9401350061984,15,6,6,7,26496.0,132,387968.1604290191,13204.996121482458,2,7,0.3333333333333333,1.0,0.2925006336242137,0.11946763038289779,0.06829426407234156,0,0.5291666666666667,0,0,1
54,154575.0,430730.0,729.3523798187002,15,3,0,11,11695.0,17,335334.37865001615,8535.298905089394,0,4,0.0,0.36363636363636365,0.1807829956601521,0.05521784832663364,0.034875636810879775,0,0.38058080808080813,0,1,1
58,109135.0,206495.0,522.9404167682825,180,4,1,4,11017.0,11,130712.5985533375,8023.1241046269115,1,3,1.0,0.75,0.09980956197472358,0.07351559174075147,0.08428414798520353,6,0.5327777777777778,0,0,0
55,27204.0,1081538.0,627.2937941096732,180,5,3,2,21975.0,21,458090.20814007294,38812.1942105121,1,2,0.3333333333333333,1.0,1.4032562862693996,1.426709094637263,0.0479709009481394,6,0.6633333333333332,0,1,0
53,29544.0,760918.0,622.3275918709124,0,6,5,11,12423.0,133,524464.0943252124,31954.377328198538,5,0,1.0,0.0,1.479330530522871,1.0815860184199342,0.023687036223106403,0,0.5,1,1,0
58,143858.0,119757.0,685.4824484217252,5,4,3,1,21766.0,81,46670.50977394847,4535.199061160296,2,1,0.6666666666666666,1.0,0.027035056429458488,0.03152552559579791,0.4663758785885344,0,0.37305555555555553,1,0,0
21,24253.0,312737.0,665.8020425438,90,3,4,10,2709.0,108,243594.20387519908,10911.128268289247,1,7,0.25,0.7,0.8369899389601255,0.4498877775239866,0.011120954262885112,3,0.6175,0,0,0
63,78999.0,865919.0,670.0970234466081,15,0,1,1,8058.0,50,311798.1898840912,29445.407968603475,1,0,1.0,0.0,0.32890520753858826,0.3727314012658828,0.025843639448309516,0,0.24027777777777778,1,0,1
57,20608.0,294158.0,667.7696328925703,60,4,6,4,23411.0,21,191190.43628020832,15726.130527729905,0,4,0.0,1.0,0.7731238527117638,0.7631080419123595,0.12244859343115304,2,0.44666666666666666,1,0,0
57,67140.0,617600.0,681.5685068692361,180,1,5,11,27617.0,141,284910.63407082256,30566.01702749658,4,4,0.8,0.36363636363636365,0.3536275370752936,0.45525792415097677,0.09693214888263882,6,0.6769696969696969,1,0,0
40,114412.0,230557.0,717.8091676870756,5,2,0,1,780.0,149,52079.93441430928,6989.367885388628,0,0,0.0,0.0,0.03793303617213031,0.06108946513817281,0.014976977386240528,0,0.5263888888888889,0,0,0
60,46029.0,1205608.0,690.4531718271668,180,3,4,1,23375.0,151,750224.0260309732,49597.3285608628,2,1,0.5,1.0,1.358245211408339,1.0775234865163874,0.031157359920428566,6,0.7249999999999999,1,1,0
39,93508.0,964093.0,660.0953728376809,0,0,0,7,2078.0,11,421588.56958507927,15249.359967694403,0,1,0.0,0.14285714285714285,0.3757152414633679,0.1630808055748642,0.0049289761390948865,0,0.26015873015873014,1,0,0
23,179354.0,1186729.0,708.1223795863348,15,4,3,2,25990.0,166,742533.4260417449,18795.45116204516,0,1,0.0,0.5,0.3450036548026737,0.10479527170871661,0.03500179128439513,0,0.5625000000000001,1,0,0
65,29420.0,126053.0,737.8286480556935,45,1,4,0,7599.0,97,69950.29946895594,3497.074184266335,4,0,1.0,0.0,0.19813703679174013,0.11886723943801275,0.10863427401583103,1,0.4208333333333333,1,0,1
32,28313.0,594561.0,641.0781876494159,120,3,6,8,10877.0,35,107732.27928897772,26868.615946515725,4,6,0.6666666666666666,0.75,0.3170872016652472,0.9489851286163856,0.10096324028218018,4,0.4861111111111111,1,0,0
25,61942.0,438043.0,675.8418088529127,45,2,0,11,21511.0,35,133048.42662739963,22786.27091000454,0,1,0.0,0.09090909090909091,0.17899597826380542,0.3678646299765028,0.16167797354147803,1,0.47285353535353536,1,0,0
51,151975.0,952935.0,761.333459413261,5,2,2,9,25237.0,90,643532.0733173062,40327.28935588832,0,7,0.0,0.7777777777777778,0.35287167479152615,0.26535475805815645,0.03921638259598663,0,0.4486111111111111,1,1,1
32,83739.0,1241168.0,602.806752591285,15,2,4,11,12436.0,108,621504.7946097107,53687.43977409503,1,5,0.25,0.45454545454545453,0.618493965983304,0.6411282648956285,0.02000949969792187,0,0.4628787878787879,0,0,1
63,121598.0,379945.0,806.329153737916,90,0,1,6,9449.0,8,189916.29036395886,6187.303615836966,0,2,0.0,0.3333333333333333,0.1301531072084237,0.05088326794714523,0.04975349919636579,3,0.4094444444444444,1,0,1
42,23487.0,1166115.0,586.2591517682297,60,1,4,7,29399.0,89,177015.03274661477,60878.635022565664,3,0,0.75,0.0,0.6280603197038602,2.592014093863229,0.16608193973041097,2,0.4852777777777778,1,0,0
21,137083.0,891589.0,655.8244772156685,0,5,1,11,28932.0,43,336217.00644532795,16469.197762271033,1,8,1.0,0.7272727272727273,0.20438773495213847,0.12014033660097191,0.08605156623659552,0,0.2894949494949495,0,1,0
67,28922.0,1244884.0,613.4867002186792,45,0,1,6,15720.0,165,811788.1996032716,65824.89257831426,0,1,0.0,0.16666666666666666,2.339015857603415,2.2759453903019935,0.01936465694830562,1,0.5208333333333334,1,0,1
46,133298.0,167833.0,833.1548897808564,30,3,3,0,718.0,110,136824.3539558103,3468.8147274584167,3,0,1.0,0.0,0.08553788876290361,0.026023006552674584,0.005247603801819448,1,0.45833333333333337,0,0,1
33,41962.0,1486837.0,644.7654979806994,0,0,4,2,29070.0,66,863116.7569228266,24288.048360915265,3,0,0.75,0.0,1.7140840858451827,0.5788105514731249,0.033680263726590144,0,0.2841666666666667,0,1,0
54,157066.0,680176.0,644.9411190430027,15,3,1,7,18575.0,76,377826.8724039809,25536.79846298101,0,2,0.0,0.2857142857142857,0.20046077891034175,0.16258641884928,0.049162728637626385,0,0.5194841269841269,1,0,0
46,65973.0,456118.0,654.0475882042057,180,4,6,10,16585.0,150,229306.97209296783,8915.25190530681,6,4,1.0,0.4,0.28964749732588563,0.135134856764234,0.07232662770182126,6,0.7433333333333334,0,1,1
22,47774.0,314955.0,686.6921965525765,90,3,6,7,3367.0,124,207511.51678103776,5087.343974998283,6,7,1.0,1.0,0.3619673127311888,0.10648771245862357,0.01622560546146841,3,0.47500000000000003,0,1,0
58,72546.0,1478121.0,657.0090754766842,0,5,0,4,29798.0,69,1106518.9735430172,61657.00468815822,0,3,0.0,0.75,1.271054427010698,0.8499021956849201,0.026929497561698674,0,0.4950000000000001,0,0,0
40,18133.0,1330902.0,670.6979236764321,0,1,2,3,21561.0,151,419916.6006566653,59265.47245163743,0,2,0.0,0.6666666666666666,1.929799264033646,3.2683765759464753,0.05134591003614271,0,0.41666666666666663,0,0,1
55,44749.0,240228.0,432.95530328833837,30,3,3,8,6531.0,111,164672.0450148245,6418.332245530968,2,1,0.6666666666666666,0.125,0.3066587056225177,0.14342962402580992,0.03966064792243304,1,0.49583333333333335,0,1,0
64,114961.0,695106.0,684.0011885201279,45,1,3,10,10910.0,10,231394.60161132258,25260.380686080003,3,7,1.0,0.7,0.16773413129331002,0.21973000135767784,0.047148895972628224,1,0.17305555555555555,1,1,1
50,66726.0,1113628.0,681.2464635040651,45,3,1,3,10311.0,113,193597.79634505068,42809.87223419948,1,1,1.0,0.3333333333333333,0.24178205939844874,0.6415770799118706,0.05325990375232698,1,0.4541666666666667,1,0,0
53,75325.0,906621.0,752.6998158188676,90,0,3,6,26119.0,168,186772.91074398995,19432.422776693576,2,3,0.6666666666666666,0.5,0.20663005945789353,0.2579810524619127,0.13984362023356467,3,0.475,1,0,0
33,148771.0,324100.0,771.6342663795581,5,1,6,5,14268.0,155,59928.082550155705,10566.48025170277,5,3,0.8333333333333334,0.6,0.033568416419729935,0.07102513427820455,0.23808537488344733,0,0.30805555555555564,1,1,0
32,38053.0,572553.0,666.8604357025741,0,4,2,2,26181.0,7,206193.60763918416,23176.233940374364,1,0,0.5,0.0,0.4515491718550096,0.6090514267041853,0.12697289843152573,0,0.3238888888888889,0,0,0
41,82134.0,583799.0,737.1360357171769,90,5,1,4,20637.0,158,143252.58436472062,29439.639638320958,0,1,0.0,0.25,0.14534438069163463,0.35843426155210945,0.14406022824313078,3,0.7666666666666668,0,0,1
62,48154.0,468674.0,602.8901853688635,180,1,5,1,11042.0,176,100250.79077925824,14882.498435307942,3,0,0.6,0.0,0.17348989834568648,0.30906048169015954,0.110143769581961,6,0.7433333333333333,1,1,1
46,96221.0,1443017.0,733.7139639887273,5,1,3,6,12171.0,29,376180.668993084,62011.258566003635,3,6,1.0,1.0,0.32579571073629454,0.6444669933382904,0.03235413460393352,0,0.10750000000000001,1,1,1
38,71743.0,344233.0,639.9266940605796,30,2,4,1,24299.0,114,61496.78714001968,12071.297680713487,1,1,0.25,1.0,0.07143180884083893,0.16825749802368856,0.39512633309890705,1,0.4375,0,1,1
59,25489.0,1074584.0,597.0711772308962,60,1,4,5,14984.0,135,438068.9331774461,46511.65639483139,4,5,1.0,1.0,1.4322156393524201,1.8247736825623364,0.034204662474730925,2,0.35,1,1,0
62,29377.0,1372213.0,667.0087925257164,5,6,5,10,20434.0,7,1052641.0679115085,63889.4224384431,1,5,0.2,0.5,2.986012492515427,2.1748109894966503,0.01941212500908981,0,0.3952777777777778,0,1,1
65,156078.0,1202479.0,778.0330713038445,120,4,5,1,3685.0,148,679802.1879612034,43556.26497730815,2,1,0.4,1.0,0.3629607140666864,0.27906729313105083,0.005420694527406117,4,0.6566666666666666,1,0,1
35,27219.0,1209225.0,692.6703875711593,15,2,4,3,12797.0,70,240303.1956050841,21093.86456465071,0,2,0.0,0.6666666666666666,0.7357091112981253,0.7749683884290647,0.053253557314446524,0,0.43472222222222223,1,0,1
55,144798.0,280275.0,784.7541703374866,45,3,3,8,17307.0,53,120852.4667697932,14018.279675006484,3,7,1.0,0.875,0.06955233426900072,0.09681266091386956,0.14320766851178454,1,0.31777777777777777,0,1,0
49,166396.0,243228.0,627.5887100328937,30,3,3,10,10297.0,46,114895.07256635165,9495.560527400281,2,7,0.6666666666666666,0.7,0.05754098283930686,0.05706603841078079,0.08962090166271931,1,0.34055555555555556,1,0,1
42,93461.0,1185233.0,753.3495773183593,90,3,1,11,25434.0,91,331045.7434280179,46254.56352848758,0,10,0.0,0.9090909090909091,0.2951728024060106,0.49490764627478395,0.07682926152932196,3,0.634090909090909,1,0,1
40,68560.0,1132751.0,634.3487973934139,5,2,3,1,6309.0,143,486809.83326545963,40075.144389611836,0,0,0.0,0.0,0.5917077903362743,0.5845266101168588,0.012959886117500987,0,0.5263888888888889,1,0,0
26,143763.0,1125745.0,695.7730070042442,0,6,4,2,25483.0,147,453186.9702792419,24720.062758364653,2,2,0.5,1.0,0.2626933276058756,0.17195010370098462,0.05623065461104949,0,0.47500000000000003,0,1,0
34,177121.0,656869.0,695.167798006159,45,2,5,11,1896.0,40,341805.8985984612,22627.149101661053,2,7,0.4,0.6363636363636364,0.1608156282044766,0.12774966887981126,0.005547007842095022,1,0.3694191919191919,0,1,0
47,37509.0,808993.0,726.3044213746921,120,2,5,6,12816.0,148,544427.3053810602,29506.353124596822,0,5,0.0,0.8333333333333334,1.2095481648427937,0.7866472879734683,0.02354033288435031,4,0.6666666666666667,1,0,0
64,174227.0,72325.0,697.551843393793,60,0,2,10,15520.0,148,36822.662125817835,2195.1084739657495,2,10,1.0,1.0,0.017612397488055733,0.012599129147409698,0.4214795754573733,2,0.31666666666666665,1,1,0
63,170885.0,471990.0,628.2570823524728,90,3,5,0,7607.0,11,96977.6794483656,9894.854416661245,2,0,0.4,0.0,0.04729188218605378,0.05790358672008219,0.0784407303131051,3,0.48944444444444446,1,0,0
30,41096.0,816132.0,741.6214866464795,30,5,3,1,16201.0,56,156225.23564666195,37125.41734915184,2,0,0.6666666666666666,0.0,0.3167892164011541,0.9033827464753708,0.10370283605551511,1,0.49944444444444447,1,0,0
54,26867.0,232299.0,801.2159616027776,5,6,2,2,27028.0,2,189548.91590800375,7727.0961259535325,2,2,1.0,1.0,0.5879235862706534,0.2876054686400987,0.14259116107589795,0,0.21416666666666667,1,1,1
25,133817.0,238567.0,639.1337604420717,30,3,1,1,13320.0,178,160095.88373694938,10264.69729700288,0,1,0.0,1.0,0.09969827185444138,0.07670697517507402,0.08320014037266472,1,0.5083333333333333,1,0,0
54,30582.0,115560.0,551.5337546488478,180,0,1,10,16171.0,85,74291.72622132313,1950.560382687698,0,9,0.0,0.9,0.20243859738114775,0.06378132178038382,0.21766892253687622,6,0.6988888888888889,0,0,0
37,115330.0,354404.0,714.9523697847652,120,5,4,9,28517.0,48,295892.23908012034,12466.207275892939,3,2,0.75,0.2222222222222222,0.2138011496575915,0.10809162642758119,0.09637630269943748,4,0.6219444444444444,0,1,1
43,28490.0,1489672.0,656.8173724163496,90,4,1,4,27711.0,160,828450.3927381658,26741.3650283577,1,2,1.0,0.5,2.423219821978957,0.9386228511182064,0.03344919652751996,3,0.5583333333333333,0,1,1
56,129884.0,1059259.0,670.8228000831292,15,6,0,0,410.0,123,217457.91195556484,46969.16498854407,0,0,0.0,0.0,0.1395205927055198,0.36162394897403893,0.0018854223160377768,0,0.6791666666666667,0,0,0
41,55536.0,1424969.0,718.9324429011708,60,3,1,1,21781.0,169,977227.411554338,54488.59984586745,0,0,0.0,0.0,1.4663572750923395,0.9811401585614278,0.02228856839510471,2,0.6666666666666666,0,0,0
60,33582.0,422855.0,648.0525299122081,60,0,6,3,25509.0,144,114891.48098365356,13977.744452901443,2,0,0.3333333333333333,0.0,0.28510184271249867,0.41622727809247345,0.2220269055773539,2,0.5166666666666666,1,1,0
47,28791.0,918332.0,661.180362005943,60,6,1,8,28273.0,171,596590.6116951196,49510.66776871585,1,5,1.0,0.625,1.7267856034151865,1.719657801698998,0.04739095695734577,2,0.5541666666666666,1,1,1
69,48546.0,1343237.0,672.991633814439,180,4,1,9,24024.0,38,605169.5843132543,37665.25715878879,0,9,0.0,1.0,1.0388250050008485,0.7758673661844186,0.03969796338535818,6,0.7177777777777777,0,0,0
52,105601.0,560444.0,782.8827756589511,90,5,2,6,2481.0,36,95930.8390196201,17886.898283896688,0,1,0.0,0.16666666666666666,0.07570228108605356,0.16938190248100574,0.02586238195511432,3,0.655,0,0,0
35,30415.0,1002896.0,682.1048722879507,5,0,2,10,22762.0,13,192202.18160353546,44630.07775354181,1,8,0.5,0.8,0.5266101748137856,1.467370631383916,0.11842737585025052,0,0.1336111111111111,1,1,1
58,147968.0,1054609.0,593.5028493429528,5,3,6,11,25334.0,61,468747.77846654796,37968.08799673833,0,0,0.0,0.0,0.2639916392207256,0.256596615462386,0.054046122805908835,0,0.4952777777777778,0,1,0
40,115869.0,1256811.0,596.288506320122,60,3,1,9,15747.0,99,748942.9086178116,51957.62899407884,1,0,1.0,0.0,0.5386419926942003,0.44841699672974517,0.02102563468964729,2,0.5166666666666667,1,1,0
47,66162.0,1455744.0,689.7460945161721,120,1,2,0,627.0,101,404948.5435410109,78684.70434409362,2,0,1.0,0.0,0.5100467331965616,1.1892733645309033,0.0015483448699859345,4,0.5666666666666667,0,0,1
27,177827.0,942024.0,600.9400399516314,180,5,2,10,5710.0,121,216724.31322681773,40344.13165436527,0,6,0.0,0.6,0.10156140201188876,0.22687292511466353,0.02634683628700242,6,0.9066666666666666,0,0,0
26,124683.0,894673.0,570.6387559153087,60,1,1,10,8251.0,131,386653.3503111376,18813.495517720643,0,3,0.0,0.3,0.2584242641412874,0.15089062276108725,0.02133952801226336,2,0.57,1,0,1
49,126861.0,1309831.0,724.4875193653808,45,0,2,6,25886.0,147,986480.2858733728,30615.84160698239,1,0,0.5,0.0,0.6480060104322662,0.24133375589804898,0.026240767677462532,1,0.4625,0,1,0
30,46179.0,1042558.0,727.9148882008051,120,1,1,7,3773.0,93,769412.1188973848,51913.400534965396,0,7,0.0,1.0,1.3884596152966082,1.1241776680951383,0.004903743919977427,4,0.6166666666666667,1,0,0
69,133143.0,574442.0,654.2304426274303,180,6,5,9,22337.0,49,380915.41813061177,9718.963166807502,3,8,0.6,0.8888888888888888,0.23841247013274686,0.07299642614938451,0.05864031471769117,6,0.73,0,0,0
62,108589.0,963701.0,700.5561503806197,0,0,5,7,5375.0,79,451992.73881701974,34083.27401436838,1,0,0.2,0.0,0.34686811341926876,0.31387409419341167,0.011891783956679804,0,0.39555555555555555,1,0,0
55,177502.0,846253.0,693.1685150936851,15,4,1,4,24984.0,157,407431.2151247273,43360.49881527409,1,4,1.0,1.0,0.191280105353145,0.24428174789734253,0.0613207802263055,0,0.36250000000000004,0,1,0
57,95435.0,381697.0,722.169357017836,30,1,3,8,339.0,146,121936.1210259172,17576.807987381977,1,0,0.3333333333333333,0.0,0.10647397096271213,0.18417570060650681,0.0027801442029466105,1,0.4916666666666667,1,0,0
50,127837.0,798041.0,722.332493275786,60,2,1,9,7073.0,164,201790.1539439853,15662.898292332087,1,7,1.0,0.7777777777777778,0.1315413077747348,0.12252241754994318,0.035051264205702454,2,0.4055555555555555,1,1,1
23,73262.0,954171.0,497.5947988730942,15,3,6,1,3048.0,97,154461.76739664227,42573.774953664,5,1,0.8333333333333334,1.0,0.17569563961835863,0.5811167447471267,0.019733038481769036,0,0.35416666666666674,1,0,1
40,24509.0,1360496.0,663.1650729062324,15,0,0,8,16631.0,140,1081747.417792438,41199.543757921085,0,2,0.0,0.25,3.6780618609233278,1.680996522009102,0.015374198936327943,0,0.45416666666666666,0,1,1
45,38722.0,891684.0,716.2532931724693,0,1,2,2,23430.0,74,465582.5092145103,45521.709629966594,2,0,1.0,0.0,1.0019767169707796,1.1756032650680903,0.05032405542796061,0,0.2977777777777778,1,1,1
65,158454.0,289127.0,651.268038627269,0,4,2,6,12478.0,1,44028.90632803598,10961.33184290516,0,3,0.0,0.5,0.023155461694474935,0.06917674431005313,0.28340472295707403,0,0.33555555555555555,1,0,1
31,137575.0,1482085.0,682.5341847481878,45,0,2,1,16007.0,133,810522.7242764203,54764.39114905873,2,1,1.0,1.0,0.49095809817458375,0.39806935234642,0.01974898361337119,1,0.2875,0,0,1
45,77077.0,888188.0,732.5489987174655,180,3,6,11,19190.0,15,305308.342786522,13632.313960439957,0,0,0.0,0.0,0.33009019420679103,0.17686617227499718,0.06285448941504376,6,0.7333333333333333,0,0,0
37,131047.0,466302.0,685.6647663276514,15,4,3,8,13649.0,114,219405.34245628002,11651.136495869694,0,7,0.0,0.875,0.13952077146385142,0.08890807493395265,0.062209059484136214,0,0.525,1,0,0
27,18706.0,1143925.0,785.5543592064407,15,1,2,5,22578.0,179,748479.6164031342,36045.27263505919,2,3,1.0,0.6,3.334400800113752,1.9269364179973907,0.03016515013261149,0,0.3025,1,1,1
26,24023.0,607818.0,758.8890376596785,15,1,5,6,8514.0,4,460305.5367149133,26717.68975404902,5,6,1.0,1.0,1.59675289207188,1.112171242311494,0.018496410146969577,0,0.07138888888888889,1,1,0
38,100171.0,586572.0,671.7005092919997,180,3,5,7,5211.0,132,396148.0566492651,21000.44306907958,1,2,0.2,0.2857142857142857,0.3295598332262374,0.20964593613999644,0.013154172821333887,6,0.8414285714285713,0,0,0
25,119244.0,1267184.0,666.1367680492655,60,5,1,1,5621.0,156,1041909.0701715783,62220.70803148033,1,1,1.0,1.0,0.7281352172657033,0.5217931974059938,0.005394904565975562,2,0.48333333333333334,1,0,0
24,169796.0,1307993.0,480.47731263590447,60,0,3,6,5221.0,112,426483.6821191736,21417.09079989064,0,3,0.0,0.5,0.20931180265297453,0.1261342481559674,0.012241968963635708,2,0.5166666666666667,1,0,1
38,141064.0,809692.0,657.1448462176631,5,2,2,8,1132.0,124,523092.4962642142,22603.011660019118,1,5,0.5,0.625,0.3090160590607893,0.16023231767154708,0.002164053218282501,0,0.38888888888888895,0,0,1
30,59687.0,590871.0,585.2711775102631,180,6,3,3,1308.0,162,482962.26954327314,22986.99940165193,0,0,0.0,0.0,0.674298520536679,0.3851257292484449,0.0027082860970422122,6,1.0,0,0,0
48,150052.0,1301750.0,695.4860679400435,5,2,2,5,1581.0,139,496454.8226751701,53827.674758996254,1,2,0.5,0.4,0.27571265443266896,0.35872680643374466,0.003184579800193515,0,0.4113888888888889,1,1,0
21,97625.0,301297.0,690.7009497784002,180,2,5,3,4715.0,7,225848.82766184994,10574.430877645971,5,3,1.0,1.0,0.19278602446594104,0.10831683357383837,0.020876796434203725,6,0.4322222222222222,0,1,0
35,151816.0,1133435.0,728.7099029218745,180,5,6,1,19023.0,139,969270.1758851389,35084.462675633586,4,1,0.6666666666666666,1.0,0.532042173796536,0.23109858431017538,0.019626106810341264,6,0.7666666666666666,0,0,0
43,46151.0,896870.0,777.7669330363734,60,3,0,11,7205.0,136,567635.8935215058,16020.104630455357,0,2,0.0,0.18181818181818182,1.0249613470302301,0.3471236729530315,0.012692995778159027,2,0.6484848484848484,1,0,0
68,22248.0,1288382.0,678.1611399229622,120,2,5,7,17536.0,41,351983.9285393881,55206.77854305556,3,0,0.6,0.0,1.318410375986561,2.481426579605158,0.049820456498591716,4,0.5511111111111111,0,1,0
52,27346.0,659823.0,839.6291418346237,180,5,6,4,2175.0,117,228064.60550621775,33749.319573916146,1,2,0.16666666666666666,0.5,0.694996847516449,1.234159276454185,0.009536771368675631,6,0.8916666666666666,0,0,0
64,178523.0,1256438.0,696.2716011653932,60,0,2,4,24015.0,151,829230.4655986002,59496.7638560026,1,1,0.5,0.25,0.38707919315653083,0.33327226103080615,0.028960585743390634,2,0.4666666666666667,0,1,1
37,31048.0,72025.0,588.2848524398357,90,4,3,8,10670.0,152,57593.46320145843,3100.6186196010217,1,2,0.3333333333333333,0.25,0.15458178519673416,0.09986532528990665,0.18526408045088363,3,0.6833333333333333,1,0,0
43,170175.0,1149487.0,640.6549687422917,60,2,0,1,13235.0,156,192904.05324661307,46400.6930359764,0,0,0.0,0.0,0.09446356850624997,0.2726645690376166,0.06860923747973334,2,0.6333333333333333,1,0,1
41,135775.0,151265.0,653.9077309784525,45,6,2,6,20254.0,140,59711.6359748246,6940.2845955486855,1,3,0.5,0.5,0.03664864418758031,0.051116071408938944,0.33919686957730344,1,0.6125,0,0,0
64,41658.0,981483.0,721.4489005807366,30,5,1,2,29926.0,21,319156.1428677211,45216.20217706379,0,0,0.0,0.0,0.6384450823125633,1.085414618490177,0.0937660160042831,1,0.5216666666666666,1,0,0
68,157980.0,333151.0,613.692506983949,60,6,6,10,23792.0,87,155430.187525143,5089.753540952981,3,9,0.5,0.9,0.08198832527595423,0.03221770819694253,0.15307193781871564,2,0.595,0,1,0
68,41362.0,1447029.0,659.1416882033423,15,0,0,9,12040.0,41,1051061.5804194391,42418.11726340757,0,0,0.0,0.0,2.1176071039832034,1.0255335153862861,0.0114550852436213,0,0.3702777777777778,1,0,0
57,41214.0,1165528.0,668.727180344274,5,1,2,9,10374.0,12,614354.6192763558,57952.55239121121,1,1,0.5,0.1111111111111111,1.242204548770555,1.4061375355755619,0.016886012857231323,0,0.2336111111111111,1,1,0
45,111234.0,201694.0,648.6315434641119,15,6,3,1,10157.0,47,108656.19755750491,9889.327621483884,3,1,1.0,1.0,0.08140211742625525,0.08890561897876445,0.0934783309955655,0,0.33361111111111114,0,1,1
47,64707.0,1343457.0,736.7990767175803,0,2,6,0,2514.0,163,815168.6721071001,58303.638400363656,6,0,1.0,0.0,1.0498203080901862,0.9010406663941097,0.0030840243081246633,0,0.3666666666666667,1,1,0
69,65113.0,415315.0,724.8924971925749,180,5,5,5,10134.0,107,222922.52547321218,11364.18889304676,5,0,1.0,0.0,0.2853021228136882,0.1745302611313679,0.045459739783980546,6,0.8166666666666665,0,0,0
34,49594.0,841179.0,761.6596994572772,15,4,6,4,22781.0,137,560390.0893716466,39465.171969034505,2,2,0.3333333333333333,0.5,0.9416295139392645,0.7957650515996795,0.040652039413373364,0,0.5125000000000001,0,1,0
37,116444.0,173647.0,656.8282373222161,120,3,2,8,8286.0,90,39987.08649922053,4213.056425236328,1,0,0.5,0.0,0.028616821890937942,0.036180966174610356,0.20721689738914884,4,0.7083333333333333,1,0,0
64,22350.0,203069.0,764.1769297353532,30,0,1,8,11735.0,64,33933.00522759814,4866.337820128829,1,7,1.0,0.875,0.12652127228783797,0.2177332357999476,0.34582849120760384,1,0.21305555555555555,1,1,0
39,57701.0,399906.0,584.5202039816068,30,0,3,4,2075.0,86,307964.5841081471,14568.312882607088,3,2,1.0,0.5,0.4447707204787714,0.25247938307147344,0.006737787742733846,1,0.29944444444444446,1,0,1
32,107655.0,824907.0,582.81309893071,15,5,2,1,7542.0,177,420026.91171969863,31225.731958550095,2,0,1.0,0.0,0.32513346006509886,0.2900537082211704,0.017955992317542475,0,0.49583333333333335,1,1,0
48,96820.0,837198.0,595.033881973615,120,0,0,3,2060.0,51,312990.94668328547,24323.22025701701,0,2,0.0,0.6666666666666666,0.269392469430632,0.2512210313676617,0.006581660018698584,4,0.53,0,1,0
36,131387.0,1290627.0,680.6448184842462,45,0,5,6,14120.0,55,633347.9285170799,50529.34816396187,0,3,0.0,0.5,0.4017063639712452,0.38458407729807265,0.02229422307113335,1,0.4097222222222222,1,0,1
64,53031.0,289452.0,764.166468160443,45,1,0,3,8909.0,152,184545.52934961068,12551.937948669447,0,3,0.0,1.0,0.2899963061693643,0.23669057624162182,0.04827534989006654,1,0.4708333333333333,1,0,1
65,122956.0,1136742.0,637.8500543552259,60,6,1,3,29095.0,66,274269.89084220346,25245.578103941596,1,2,1.0,0.6666666666666666,0.18588620512093992,0.20532205100964243,0.10608164064475935,2,0.49666666666666665,1,1,1
35,141110.0,58526.0,646.6314616524894,120,4,6,2,17692.0,162,31762.565038779027,1553.549760484601,3,2,0.5,1.0,0.018757567995877345,0.011009494440398277,0.557007910992068,4,0.6416666666666666,1,1,1
46,80864.0,472092.0,664.8787431283464,60,5,5,0,11179.0,175,110012.12292655575,20296.899071382773,5,0,1.0,0.0,0.11337154865634043,0.2510004337082357,0.1016160737800062,2,0.5833333333333334,1,0,0
69,59603.0,303765.0,720.0979686371359,45,4,4,7,16126.0,11,241395.0650580989,15823.133110474779,3,6,0.75,0.8571428571428571,0.33750407565908164,0.26547544772032916,0.06680335406243205,1,0.29706349206349203,1,1,0
57,107911.0,229641.0,646.5662287651799,180,3,0,11,28783.0,120,131305.95250055016,11568.781547218281,0,1,0.0,0.09090909090909091,0.10139988238807147,0.10720669391645227,0.21920559922734198,6,0.8909090909090909,1,0,1
31,111775.0,897560.0,642.6608129458449,180,1,1,11,5415.0,16,680480.3700825659,18118.044175772193,0,9,0.0,0.8181818181818182,0.5073289868654036,0.16209388660945823,0.007957613824103364,6,0.5870707070707071,0,0,0
49,33244.0,1355988.0,585.8223315649617,180,3,1,11,7595.0,158,936654.2253184636,51241.44975115642,0,10,0.0,0.9090909090909091,2.3479280103639346,1.5413743758620027,0.008108648629026032,6,0.8090909090909091,0,0,1
51,109548.0,1017116.0,639.9795222176015,0,3,4,7,16360.0,20,774474.5472252578,47811.593594061356,4,1,1.0,0.14285714285714285,0.5891439880427285,0.43644423991365755,0.021123999566691573,0,0.23015873015873017,0,1,0
53,42997.0,1288428.0,762.4223227054733,180,6,3,8,3166.0,159,523559.871613105,31557.547021694318,0,7,0.0,0.875,1.014721708516689,0.7339476480148456,0.006047063901680339,6,0.9125,1,0,1
22,110149.0,907592.0,686.3648205934934,5,6,2,0,15591.0,138,231070.14319517327,36964.068814409395,0,0,0.0,0.0,0.17481634210264677,0.3355824275700133,0.06747301829830551,0,0.6597222222222222,1,0,1
35,168950.0,127887.0,628.210184282646,60,5,5,2,4715.0,96,104701.54924904478,4105.878476144735,0,1,0.0,0.5,0.0516432619359992,0.024302328950249984,0.04503276249317788,2,0.6833333333333333,0,0,1
62,105005.0,551683.0,766.5300780910254,60,5,5,8,25923.0,37,448782.90731003415,22899.950009021457,3,5,0.6,0.625,0.3561599505658732,0.21808437702034625,0.057762895105297606,2,0.46305555555555555,1,0,1
32,141364.0,1244328.0,639.0350548557869,5,5,5,11,23213.0,48,1010960.055836051,20262.949580496766,1,8,0.2,0.7272727272727273,0.5959556274558652,0.1433388244566988,0.022961342405168665,0,0.43032828282828284,1,0,0
35,68172.0,114103.0,779.3968905637726,0,4,0,10,1459.0,77,101774.6060051586,3139.8999895300976,0,3,0.0,0.3,0.12440910002782006,0.04605849893695502,0.014335599588821286,0,0.5244444444444444,0,0,0
36,167483.0,190958.0,778.252488453007,180,5,4,7,16128.0,152,114025.91503170744,5211.836532141756,2,7,0.5,1.0,0.05673506914717088,0.03111860028863679,0.14144153103717916,6,0.7916666666666665,0,0,1
29,149666.0,1259013.0,683.9208138462268,180,0,1,1,6299.0,161,672781.7978530612,39969.79445494077,1,1,1.0,1.0,0.3746017787679796,0.26705994985461473,0.009362619529988729,6,0.55,1,1,1
28,166502.0,141761.0,575.1015330839818,5,0,1,11,17457.0,90,106036.977058166,2775.8958220876425,0,5,0.0,0.45454545454545453,0.05307092260061241,0.01667184671708233,0.16463124925207986,0,0.4142676767676768,1,1,1
38,138138.0,1441194.0,840.2650430742028,60,3,6,3,16342.0,41,335223.0044908311,46788.014422158805,0,2,0.0,0.6666666666666666,0.20222712341452698,0.3387048778913753,0.04874963764739773,2,0.49111111111111116,1,0,0
63,123201.0,1149971.0,707.1093239385183,5,0,2,0,29031.0,101,847856.7127271512,42157.85630535544,1,0,0.5,0.0,0.5734914981257939,0.3421876145920523,0.03424045544986145,0,0.3847222222222222,1,1,0
21,103050.0,1014417.0,657.3279082695587,60,2,5,9,5327.0,149,770114.3141900887,16297.984247895996,3,9,0.6,1.0,0.6227675191574387,0.15815608197861228,0.006917154897454779,2,0.4433333333333333,1,1,0
34,168374.0,827650.0,746.9289540342539,15,1,1,2,15145.0,97,482432.22275518073,22376.8447323693,1,1,1.0,0.5,0.23877014996138593,0.1328996444366072,0.031393010843070515,0,0.3125,1,1,1
23,155407.0,179542.0,729.1611950914943,90,6,6,3,28965.0,160,79167.22369234303,3966.3786366815116,0,3,0.0,1.0,0.04245155392632627,0.02552252238754697,0.36587110989975846,3,0.725,1,0,0
48,85506.0,651094.0,771.7656844920508,60,4,1,8,3510.0,1,418113.2285180207,35085.18118715253,1,0,1.0,0.0,0.4074891708554767,0.410324201660147,0.008394855174616219,2,0.3522222222222222,1,1,0
33,31875.0,1221247.0,633.6356547924073,45,0,1,11,7618.0,90,1021284.0016966518,24679.751458756455,1,9,1.0,0.8181818181818182,2.6700235338474556,0.7742667124315751,0.007459237574802181,1,0.30568181818181817,1,1,1
59,18585.0,1360600.0,702.2931388942075,90,4,2,10,21555.0,8,365284.7195415475,54555.45799202937,1,6,0.5,0.6,1.6379011727268744,2.9354564429394334,0.059008764524978524,3,0.4411111111111111,0,1,1
49,55824.0,698123.0,596.9890838828544,45,5,1,1,3243.0,110,267609.46039896825,21693.558681466908,0,1,0.0,1.0,0.39948388446869965,0.38860631057371214,0.012118405661612788,1,0.6041666666666666,1,0,1
59,28136.0,1266990.0,726.6434077018864,0,2,4,2,6235.0,110,828060.7479700646,33566.68381149503,4,1,1.0,0.5,2.4525541061571907,1.1930154894617226,0.007529640808702362,0,0.31666666666666665,1,0,1
52,52263.0,1176062.0,678.3938241260969,60,6,1,9,28714.0,56,911345.5229378099,57818.76628926779,0,4,0.0,0.4444444444444444,1.4531400846644373,1.1063040064532803,0.03150725962578678,2,0.6466666666666667,1,0,0
42,35736.0,133554.0,699.6706478840769,120,6,1,3,17446.0,142,85347.92431279791,5550.96996760173,0,0,0.0,0.0,0.19902415004663346,0.15533271680103342,0.20441036077293298,4,0.8833333333333333,0,0,0
63,176930.0,949253.0,669.7555193311671,45,6,4,0,1683.0,171,563032.2162133417,37791.73536502336,2,0,0.5,0.0,0.2651859568818844,0.21359710261133422,0.002989171758800894,1,0.6625,0,0,0
44,33447.0,943326.0,662.4307825588147,5,0,0,7,25631.0,82,202160.32699253593,17683.875326379362,0,1,0.0,0.14285714285714285,0.5036832575730158,0.5287133472771658,0.1267855092109459,0,0.4276587301587302,1,0,1
67,119556.0,837174.0,619.22381781897,0,3,3,7,15705.0,78,397898.28278802126,21229.70460707624,2,7,0.6666666666666666,1.0,0.27734442631348577,0.17757121856766905,0.03946988634873495,0,0.3233333333333333,0,0,0
69,74975.0,1169787.0,735.3301150278963,15,5,4,11,14312.0,34,956454.1427693241,30484.286106396048,1,4,0.25,0.36363636363636365,1.0630811856944806,0.4065926789782734,0.014963602916247437,0,0.44752525252525255,1,1,1
49,46222.0,1339772.0,784.2792825719007,90,3,3,5,29772.0,5,564352.8156046271,43375.37313653025,3,0,1.0,0.0,1.017467900575172,0.9384140265789073,0.05275423312649439,3,0.3861111111111112,1,1,0
54,131605.0,848211.0,641.033214876294,15,3,0,9,9428.0,73,369611.5028957199,43987.14061947895,0,1,0.0,0.1111111111111111,0.23404094506016734,0.33423608996222753,0.025507864138795383,0,0.5302777777777778,1,1,1
33,175229.0,514561.0,718.7478353479767,180,2,1,6,11359.0,79,215173.00279803277,16026.57242200591,0,2,0.0,0.3333333333333333,0.10232942929824819,0.09146073094068852,0.052790079853381355,6,0.8088888888888889,1,0,0
60,146085.0,1475357.0,710.2528537262169,15,2,6,11,17266.0,138,622691.2444787789,41488.27882838474,4,8,0.6666666666666666,0.7272727272727273,0.3552105763076171,0.28400095032607553,0.02772802757882429,0,0.3731060606060606,1,0,1
53,175988.0,1447260.0,680.5668467944201,30,4,5,5,7249.0,155,656432.3934309769,25815.463167957605,3,2,0.6,0.4,0.3108319854341285,0.14668876950677096,0.0110430260184322,1,0.5116666666666667,0,0,0
65,113614.0,1044768.0,573.1382986644699,90,0,2,8,3808.0,19,762704.8437818883,31759.18711979109,0,3,0.0,0.375,0.5594269806698472,0.27953585931127406,0.004992757068537746,3,0.4297222222222222,1,0,0
34,127119.0,978923.0,588.8881854222585,60,5,6,11,4142.0,27,480941.9993031803,16734.00608733111,6,8,1.0,0.7272727272727273,0.31528331674990906,0.1316404792936627,0.008612265108892956,2,0.3706060606060606,1,1,1
59,41722.0,201007.0,625.3312634193901,0,5,0,10,9226.0,100,121672.39737456944,5951.451113848539,0,6,0.0,0.6,0.24302206145153124,0.14264539364959827,0.07582656542549816,0,0.5566666666666668,0,0,0
44,156091.0,632343.0,530.2696693499648,0,0,0,4,2388.0,67,304672.48794859566,33964.01245999673,0,0,0.0,0.0,0.16265751385868696,0.21759110044779476,0.00783792463861359,0,0.39888888888888885,1,0,0
30,139160.0,337532.0,778.562151093393,5,5,6,6,15124.0,126,271840.0297804645,12570.511927397725,3,2,0.5,0.3333333333333333,0.16278625909053396,0.09033135906436997,0.05563566194505645,0,0.5180555555555556,1,0,0
29,59151.0,796596.0,705.73922604258,120,3,4,7,29807.0,58,226282.5839396385,18604.356851158376,3,5,0.75,0.7142857142857143,0.3187922773067214,0.3145231162813541,0.131724675761839,4,0.5282936507936508,0,1,1
48,75477.0,1248056.0,677.9027266120614,0,2,4,1,7624.0,74,302250.17701189325,33658.563689178685,3,1,0.75,1.0,0.33371112724394325,0.4459446412705683,0.02522413741944642,0,0.2686111111111111,0,1,1
36,116964.0,375568.0,526.683492651252,0,3,2,2,1223.0,79,171181.84908169965,14212.995113248935,1,1,0.5,0.5,0.1219619206776584,0.1215159802439121,0.00714444905555554,0,0.40055555555555555,1,1,0
25,20104.0,1495297.0,552.329040148572,120,3,5,8,1177.0,108,1316931.6316172327,23582.95371750473,3,1,0.6,0.125,5.458829219795533,1.173047837122201,0.0008937441942636063,4,0.6808333333333333,1,1,0
41,150501.0,237818.0,679.8361028269129,60,1,4,0,4988.0,12,160490.82962178212,12124.638657050476,2,0,0.5,0.0,0.08886476370133871,0.0805618478086556,0.031079657396967057,2,0.3516666666666667,1,1,1
52,63455.0,192591.0,817.9342975838783,180,4,3,7,17554.0,159,117904.67056223158,7342.632877286726,2,1,0.6666666666666666,0.14285714285714285,0.15484026811944368,0.1157140158740324,0.14888299094762983,6,0.8190476190476191,0,0,0
36,30146.0,1462984.0,631.0949062888843,5,4,2,5,14119.0,61,647737.5178679344,50752.90222111599,1,0,0.5,0.0,1.7905568396800415,1.6835700332089163,0.02179740961504516,0,0.4536111111111112,0,0,0
67,71557.0,195477.0,740.4658610088707,60,2,2,5,12037.0,38,72593.1160126869,8532.444713266143,2,0,1.0,0.0,0.08453996582291845,0.119239832766412,0.16581462074029615,2,0.36777777777777776,1,0,1
59,153394.0,1116016.0,646.4068314627527,5,3,4,10,22640.0,115,968069.717194741,25680.02401815071,2,10,0.5,1.0,0.5259167661896494,0.16741218051651766,0.023386745394335728,0,0.38472222222222224,1,0,1
46,62427.0,1156911.0,683.8667481502207,60,4,4,3,11718.0,24,543967.626833857,18355.245543133864,4,1,1.0,0.3333333333333333,0.7261382986446263,0.29402735263802304,0.021541723113568678,2,0.37,1,0,0
66,105348.0,528657.0,765.0278694225052,0,3,5,9,18483.0,106,361238.574179425,20939.507788422838,3,3,0.6,0.3333333333333333,0.28575022321213583,0.19876511930385804,0.05116563213656027,0,0.42666666666666675,1,1,1
42,149522.0,143313.0,655.7833858883419,180,3,2,9,29904.0,10,108606.69131671547,3066.91201766184,1,4,0.5,0.4444444444444444,0.06052993947195924,0.020511443250236353,0.2753421509987343,6,0.6027777777777777,0,0,0
27,23461.0,497302.0,631.6926564363507,30,6,1,11,5085.0,47,319835.89792374155,7703.008237508706,0,6,0.0,0.5454545454545454,1.1360552190292454,0.32833247677032973,0.015898778195349468,1,0.5582323232323232,1,1,0
22,141108.0,149412.0,779.2649387887335,15,6,3,9,3353.0,130,48477.37241603011,7792.832235118802,1,1,0.3333333333333333,0.1111111111111111,0.02862900072759288,0.05522601294837147,0.06916629002134729,0,0.6180555555555556,1,0,0
66,64768.0,1024748.0,683.1890474779517,180,2,4,6,6528.0,66,375045.2377613178,47688.44324700278,3,6,0.75,1.0,0.4825495586314716,0.7362963693027851,0.017405900256103182,6,0.6008333333333332,0,1,1
68,130679.0,1338783.0,756.3843563410314,0,5,1,4,4625.0,162,223894.27560509671,26197.36413011707,1,2,1.0,0.5,0.14277624025608343,0.20047110959004177,0.020657071233735093,0,0.4166666666666667,0,1,0
57,48470.0,1495773.0,632.0325774630719,120,5,0,9,24877.0,64,1311843.6582219051,76066.09198551756,0,5,0.0,0.5555555555555556,2.2554220105596334,1.56934375872741,0.018963387781832708,4,0.7366666666666667,0,0,0
26,40518.0,1210652.0,778.4671946272683,45,0,2,11,26287.0,124,939453.5427027517,21432.119945987844,1,6,0.5,0.5454545454545454,1.9321732372088778,0.5289530565671515,0.027981160116096717,1,0.40795454545454546,0,0,0
35,145704.0,1173218.0,699.1539092174228,90,4,0,3,16795.0,5,531477.9075497229,55281.55217417982,0,3,0.0,1.0,0.3039712405228654,0.3794099830765101,0.03160056092910828,3,0.46944444444444444,1,0,0
23,148869.0,1328266.0,710.4351338350261,15,5,0,4,3907.0,175,1088269.073271997,41945.12997432666,0,4,0.0,1.0,0.6091872010917859,0.2817586601261959,0.0035901047782725165,0,0.5458333333333334,0,0,0
23,176974.0,1166316.0,689.2140518000423,120,0,6,5,25538.0,110,309377.30756080407,41669.25407983798,5,0,0.8333333333333334,0.0,0.14567926529735256,0.23545410105347667,0.08254645501102514,4,0.5583333333333333,1,1,0
33,127702.0,993244.0,644.6167512602449,45,2,5,1,27528.0,127,180301.90731488363,41451.19585780042,0,1,0.0,1.0,0.11765797671850847,0.32459316109223363,0.1526772534464898,1,0.5041666666666667,1,1,1
49,93472.0,1494568.0,679.882203265352,30,5,0,3,12230.0,58,375838.9658252039,28322.75492022815,0,0,0.0,0.0,0.33507268292929426,0.3030079052574905,0.032540532281285485,1,0.6038888888888889,1,0,0
24,49563.0,517677.0,649.0186833407444,45,6,2,1,20158.0,51,420645.9573155918,26562.140794385152,0,0,0.0,0.0,0.7072580307144305,0.5359268162618315,0.04792153508057218,1,0.6508333333333333,1,0,0
69,65825.0,648504.0,747.168224385135,15,6,1,9,18250.0,78,175334.77503036888,13453.627273326003,1,5,1.0,0.5555555555555556,0.22197085077904657,0.20438476678049378,0.10408659660833972,0,0.4469444444444445,1,1,1
43,122991.0,1364154.0,665.7859983051936,15,4,6,5,15844.0,46,274324.1481577873,71840.94512444585,3,2,0.5,0.4,0.18587006919055546,0.5841154647449476,0.0577564902922318,0,0.3997222222222222,0,1,1
33,74068.0,500984.0,575.244494054427,5,0,3,7,10595.0,3,144864.6129279544,9348.017648866571,3,3,1.0,0.42857142857142855,0.16298605440040956,0.12620858736386253,0.07313725405989395,0,0.07353174603174603,1,1,0
46,96328.0,483149.0,562.4403385507501,45,0,1,0,8352.0,120,222875.1326417285,10571.461866064543,1,0,1.0,0.0,0.19280923220812268,0.10974443428768939,0.03747389805674655,1,0.38749999999999996,0,1,0
59,45226.0,270522.0,559.1297293375703,45,5,4,6,8269.0,128,141299.96834119284,4680.633342140897,3,0,0.75,0.0,0.26035902714735043,0.10349430288199038,0.05852089067729365,1,0.5916666666666667,0,1,0
36,89174.0,449490.0,723.2579530287759,30,5,3,8,10784.0,121,146955.2938131544,13894.364031133393,1,5,0.3333333333333333,0.625,0.13733010164879372,0.15581182890902498,0.07338286168657024,1,0.5625,0,0,0
23,56551.0,910782.0,599.3946982038589,180,1,1,8,22797.0,99,686991.5284346028,35187.73939797708,0,4,0.0,0.5,1.0123480404628902,0.6222301886434737,0.03318381531129773,6,0.7833333333333333,1,0,1
23,36163.0,1335280.0,701.0060043086996,5,0,2,9,24778.0,94,1161537.8012403199,53415.18886846484,0,0,0.0,0.0,2.67662574371669,1.4770674133358637,0.021332065106741613,0,0.45972222222222225,1,0,1
62,39375.0,247581.0,689.5602162243989,180,1,0,1,3398.0,177,91141.28018179406,11918.737065644256,0,0,0.0,0.0,0.19289159826834723,0.30269808420683825,0.03728277673105109,6,0.8333333333333333,0,0,0
26,101965.0,1037192.0,675.4703983563156,120,6,4,6,1725.0,94,879866.2618129933,37479.13346364258,3,0,0.75,0.0,0.7190917323043801,0.3675686114219838,0.0019605252239648114,4,0.7708333333333333,0,0,0
52,77360.0,1161192.0,710.6883642367659,0,5,6,5,14346.0,127,886499.9662865212,41111.38147017685,4,5,0.6666666666666666,1.0,0.9549508426905821,0.5314294398937028,0.016182741732178818,0,0.4166666666666667,1,1,1
39,34188.0,1348724.0,691.0812475963369,90,6,5,10,23056.0,74,1098556.207623699,37826.0931582714,5,8,1.0,0.8,2.6777334338162,1.1064143312937695,0.020987546963912505,3,0.5594444444444444,1,1,1
59,101316.0,1137569.0,490.3189180053335,5,0,2,8,16828.0,5,221568.95057015884,46690.63284191463,0,4,0.0,0.5,0.1822424810906461,0.4608416522752046,0.07594926977221697,0,0.22083333333333333,1,0,0
23,44609.0,276056.0,657.3462331406057,0,4,3,11,24834.0,62,214090.10920281877,14173.0343994252,0,1,0.0,0.09090909090909091,0.3999381836303937,0.3177169270646103,0.11599788562148591,0,0.512020202020202,1,0,1
64,20501.0,758923.0,709.7572193844402,120,6,0,0,21405.0,129,447342.4704512328,22169.66769708057,0,0,0.0,0.0,1.8183766257387153,1.0813944537866724,0.04784924619030438,4,0.8833333333333333,1,0,0
55,39472.0,1430830.0,794.8197967528499,5,3,2,5,21179.0,114,255680.64563536484,41857.77033997078,2,5,1.0,1.0,0.5397932830769593,1.0604420941419432,0.0828338020946807,0,0.30972222222222223,0,1,1
43,90660.0,1367197.0,798.0520331607748,15,5,0,8,16155.0,124,977870.9694970024,39283.647403167786,0,3,0.0,0.375,0.8988445561226951,0.43330738366609073,0.016520584518742606,0,0.6083333333333334,1,0,1
31,172565.0,938476.0,584.579464049032,0,4,5,1,1635.0,134,310904.25708147604,22614.015648109482,3,1,0.6,1.0,0.1501387192659172,0.13104636309859752,0.0052588536913199275,0,0.39333333333333337,1,1,0
68,57150.0,1446625.0,655.5192290481059,5,0,6,7,5392.0,39,1081795.9906829572,54492.08250850612,2,5,0.3333333333333333,0.7142857142857143,1.5774219753323961,0.9534922573666863,0.004984303922771921,0,0.22496031746031747,0,0,0
35,64148.0,1018650.0,570.3719630404402,0,3,1,2,22279.0,146,631045.3775862413,19581.5136921286,0,1,0.0,0.5,0.8197779322637252,0.3052552486769439,0.03530490958545252,0,0.5000000000000001,1,0,0
45,57310.0,144091.0,786.3919552577058,120,1,4,0,9264.0,128,74819.08290181408,6972.835078862037,4,0,1.0,0.0,0.1087929432062672,0.12166873283653878,0.12381867888112516,4,0.5666666666666667,0,0,0
40,75543.0,1375387.0,750.8999345703985,0,0,4,7,21694.0,55,230429.06670129142,28209.339855491427,3,7,0.75,1.0,0.2541919466410868,0.3734209636298721,0.09414610886795045,0,0.15972222222222224,1,1,1
32,134206.0,293811.0,704.5411520804222,90,4,2,5,10178.0,90,240118.81696884843,6451.265580326779,0,1,0.0,0.2,0.14909841150224806,0.04806987452369327,0.042387348598841516,3,0.7383333333333333,0,0,0
41,70177.0,602091.0,691.6266402882147,5,6,5,4,392.0,154,156949.03750402833,10682.882279876445,1,1,0.2,0.25,0.18637283524044954,0.1522276854222387,0.002497626020738985,0,0.6047222222222222,0,0,1
28,124526.0,395247.0,776.6441770244631,180,0,4,3,20289.0,30,305237.8501796068,11957.758017873279,4,0,1.0,0.0,0.20426647860661415,0.0960261954762321,0.06646947614151269,6,0.5166666666666666,1,0,1
21,163516.0,1093383.0,764.7927636332097,120,2,1,8,26768.0,54,728326.3497691978,49536.60472344334,1,3,1.0,0.375,0.37117996086478683,0.3029465295349895,0.036752755146758895,4,0.4825,1,0,1
35,171281.0,93479.0,761.0631287659285,60,4,5,7,13379.0,34,18899.541794852707,4805.172578997247,4,6,0.8,0.8571428571428571,0.009195192789846658,0.028054323474274712,0.7079007599879364,2,0.3698412698412698,1,0,0
26,109200.0,978493.0,711.9675901847581,120,2,4,8,3965.0,54,544689.2095696208,31675.023172470526,0,4,0.0,0.5,0.41566636871918555,0.29006431476621364,0.007279380480352996,4,0.62,0,0,0
41,133544.0,1303353.0,655.5540190340087,15,0,2,9,12436.0,36,1135631.4421486764,31808.931216345405,1,8,0.5,0.8888888888888888,0.7086499843676219,0.2381906429067978,0.010950735897616935,0,0.1952777777777778,1,0,1
63,166903.0,1192241.0,733.698738241229,120,1,5,7,28823.0,145,1003994.0540817076,52489.82371051874,0,7,0.0,1.0,0.5012862032047095,0.31449299120158863,0.028708337348036038,4,0.6166666666666667,0,1,0
28,145444.0,495136.0,737.122933367858,5,0,4,0,9553.0,178,128598.59183173299,21056.0316622505,2,0,0.5,0.0,0.07368161848760404,0.14477071355470492,0.0742854168457753,0,0.3847222222222222,1,1,0
21,66587.0,1350567.0,666.6553771285628,60,6,0,1,2123.0,174,378006.9139522753,57082.781135358615,0,0,0.0,0.0,0.4730739658295104,0.8572661500797245,0.005616299389349361,2,0.7666666666666666,0,0,0
26,39388.0,574959.0,655.4125756816031,180,3,1,11,23033.0,64,152493.83516189046,18822.395024659814,0,9,0.0,0.8181818181818182,0.32263175578410186,0.47787130660759153,0.15104217147891724,6,0.7604040404040404,0,0,0
45,36603.0,1036088.0,759.3319288690747,90,6,2,3,7141.0,167,743010.6737286905,38969.26980680774,0,1,0.0,0.3333333333333333,1.6915978511066727,1.064646881589152,0.009610898271708447,3,0.7916666666666666,1,0,1
34,160892.0,784673.0,796.4881276138725,15,4,0,5,1118.0,14,212305.40684970442,13715.044907413348,0,2,0.0,0.4,0.10996269073338244,0.08524379650581351,0.005265998716610436,0,0.4036111111111111,1,1,0
44,108107.0,148077.0,627.5422953359664,90,2,2,4,20707.0,19,29383.822946643235,3702.0000606316817,0,1,0.0,0.25,0.022650262353226615,0.03424385156032155,0.7047074860749369,3,0.508888888888889,1,0,1
22,66008.0,54256.0,661.5636327186418,120,6,3,11,10148.0,58,24021.79481779517,2825.5333608586925,0,0,0.0,0.0,0.030326873027758213,0.042805922931443044,0.4224496994072415,4,0.8122222222222223,1,0,0
37,73976.0,315553.0,704.5653153518289,180,1,5,9,4117.0,51,276161.5936094756,5260.643582304945,5,4,1.0,0.4444444444444444,0.3110936808440976,0.07111284176361178,0.014907938305939507,6,0.5522222222222222,0,1,0
41,63632.0,1405247.0,714.0619298424027,90,1,1,5,1619.0,165,535672.9956380032,38031.60417234447,0,4,0.0,0.8,0.7015246464540944,0.5976804779410434,0.003022366281637402,3,0.5783333333333334,1,0,1
42,147908.0,1433268.0,643.4343548531094,90,5,3,8,5549.0,136,993508.4584586214,34492.70157916724,0,7,0.0,0.875,0.5597558721517325,0.2332037589526411,0.0055852569273632515,3,0.7041666666666667,1,0,1
48,117210.0,644652.0,811.8464441240831,120,3,4,6,4488.0,135,166301.39780219653,13028.13140246298,4,2,1.0,0.3333333333333333,0.11823607044492544,0.11115204677470335,0.02698714538369756,4,0.6,0,0,1
59,160466.0,1454543.0,709.546668588162,90,2,3,7,335.0,145,895793.9843447598,75598.52185574132,0,1,0.0,0.14285714285714285,0.46520445885979994,0.4711186285926073,0.00037396991479579997,3,0.6773809523809524,1,0,0
43,66887.0,121711.0,717.1968385929387,5,4,6,11,11121.0,130,71307.36601497084,2438.582398655206,1,5,0.16666666666666666,0.45454545454545453,0.08884058937084292,0.036458241491698025,0.15595864244466928,0,0.5226010101010101,0,0,0
62,94556.0,1452749.0,803.1218857058228,120,6,2,8,24794.0,90,1203064.8542631415,50228.58368702019,2,2,1.0,0.25,1.0602754401828383,0.5312046161747556,0.020609030271427835,4,0.7083333333333333,1,0,1
46,37721.0,384828.0,648.5656862328786,5,1,2,1,11873.0,10,264537.65469211893,18695.090271653342,1,1,0.5,1.0,0.5844172889816436,0.49561491666852264,0.04488207931615007,0,0.14027777777777778,0,1,1
33,175360.0,103359.0,673.8097686490405,60,6,0,6,1128.0,2,24866.996186613378,1566.3932858875437,0,4,0.0,0.6666666666666666,0.011817117257172568,0.008932443464230975,0.04536132919050492,2,0.5044444444444444,1,0,1
32,100921.0,1148907.0,592.267443968486,30,6,2,9,26450.0,175,521144.1538552028,22221.133379314873,1,9,0.5,1.0,0.4303235153033914,0.22018344427140907,0.05075371143345685,1,0.5333333333333333,0,0,0
36,107588.0,604549.0,667.9354669422495,5,5,0,0,18977.0,90,90934.61277643371,17335.90690799371,0,0,0.0,0.0,0.07043429005127098,0.16113234661852355,0.20868841270216537,0,0.6263888888888889,1,0,1
50,85014.0,473881.0,575.7750733245246,15,1,6,4,28929.0,171,156735.02832257704,9904.397297972195,2,1,0.3333333333333333,0.25,0.1536364876398564,0.11650313240139501,0.18457265302853107,0,0.43750000000000006,0,0,0
32,61889.0,1151525.0,732.349454793522,0,0,1,2,17469.0,5,1011608.4615167363,25686.358808504498,1,1,1.0,0.5,1.3621274398745284,0.4150391638013944,0.01726853883152399,0,0.061111111111111116,0,1,1
65,171641.0,532938.0,709.3997725048995,30,0,5,8,14311.0,114,262102.1553323525,20596.045873359322,2,0,0.4,0.0,0.12725308217556436,0.11999490723870941,0.05460084821451877,1,0.44833333333333336,1,0,1
44,97214.0,1141684.0,660.6051485073021,30,4,0,1,15337.0,50,914127.2312561686,24917.536846720763,0,0,0.0,0.0,0.7836038972920297,0.2563163417483157,0.016777752019184806,1,0.5527777777777777,1,0,0
63,127313.0,333104.0,672.9703404527506,30,2,1,7,194.0,65,55893.77603451817,13508.662727398178,0,2,0.0,0.2857142857142857,0.03658553855099778,0.10610591791410286,0.003470869455665188,1,0.49087301587301596,0,0,0
54,24044.0,174567.0,733.3026490632293,0,6,0,0,11254.0,118,141406.84272428622,9011.277822604277,0,0,0.0,0.0,0.49009746965385065,0.37478280746149883,0.07958596474671983,0,0.65,1,0,0
37,62700.0,521135.0,600.4942739177071,60,0,2,11,13256.0,89,425791.81215822726,12599.557939104196,2,4,1.0,0.36363636363636365,0.5659114994128486,0.20094988738603184,0.031132585506538524,2,0.37808080808080813,0,0,0
32,148248.0,933758.0,694.2917507216766,5,2,4,3,8986.0,24,597674.6444523649,21935.282861943717,4,2,1.0,0.6666666666666666,0.33596554672596196,0.1479634319649757,0.01503493595287727,0,0.16305555555555556,0,1,1
57,32229.0,376218.0,728.9656864521121,120,1,2,4,25113.0,179,89234.46226627596,5814.728962358828,0,1,0.0,0.25,0.2307302488087229,0.18041915549222215,0.28142714554678117,4,0.6916666666666667,1,0,0
37,34432.0,257160.0,555.240814581493,0,6,4,9,28708.0,128,207531.2211368443,4008.2643880743076,2,9,0.5,1.0,0.5022731304620806,0.11641102428189787,0.13833099348974673,0,0.47500000000000003,0,1,0
33,149193.0,1136267.0,727.9456603991414,0,0,5,4,14345.0,64,937304.288653454,35070.95190159134,2,3,0.4,0.75,0.5235412567688911,0.23507102814201294,0.015304528287828759,0,0.25722222222222224,1,0,1
66,68017.0,765153.0,562.8156275716904,15,2,0,1,23560.0,111,230146.5619224931,26444.975584406446,0,1,0.0,1.0,0.28197186233159,0.3887994998957091,0.10236955009536204,0,0.4458333333333333,1,0,1
44,62368.0,675612.0,671.7683861303927,30,6,2,10,6693.0,27,577731.1920380961,15074.546500334034,0,3,0.0,0.3,0.7719385903536217,0.241703221208537,0.011584972548199643,1,0.5383333333333333,1,0,0
23,109581.0,397544.0,598.5626227133341,180,6,4,1,27681.0,77,322321.17520901863,11099.237165272763,1,1,0.25,1.0,0.2451163790628383,0.10128797113799622,0.08588017830987815,6,0.8336111111111111,0,0,0
45,49577.0,75658.0,780.1872605503011,45,6,3,5,21098.0,76,22974.106486655655,1559.4928117192903,2,3,0.6666666666666666,0.6,0.03861687625084154,0.031455973772501165,0.918338217516952,1,0.5463888888888889,1,0,1
43,24961.0,127083.0,599.0015262093357,30,4,1,1,22016.0,66,56598.38911110165,5369.242251936075,0,1,0.0,1.0,0.18895606850387153,0.21510525427411062,0.38898633593233506,1,0.4883333333333333,1,0,1
63,18720.0,1038168.0,564.4867075624232,120,1,1,8,17843.0,87,417872.0636184607,31889.998321026196,0,7,0.0,0.875,1.8601854683870225,1.7035255513368694,0.04269967186964573,4,0.6224999999999999,0,0,0
55,30849.0,166028.0,689.3346499117421,15,0,2,3,24870.0,164,86943.84857363948,7367.220952604487,0,2,0.0,0.6666666666666666,0.23486403820123689,0.2388155516420139,0.28604668884579765,0,0.4125,0,0,0
30,43682.0,408045.0,651.0407913985424,180,2,4,11,16023.0,1,333270.84006362257,15102.774694276899,1,11,0.25,1.0,0.6357897991232517,0.3457436631627879,0.04807801365682384,6,0.5313888888888889,1,1,1
28,130770.0,1370794.0,574.6776339935246,30,3,6,2,28925.0,99,1104531.6825340502,41249.88595181018,4,1,0.6666666666666666,0.5,0.703864088688824,0.3154384488170848,0.02618756931773961,1,0.4583333333333333,1,0,1
50,66267.0,548765.0,716.8070639408395,15,3,2,8,19872.0,169,154617.032731562,21980.59949602453,1,2,0.5,0.25,0.19443694037198256,0.33169751906717565,0.12852400313813242,0,0.47916666666666674,0,1,1
23,29627.0,1129736.0,540.5950656285224,15,0,3,0,13609.0,160,636436.3510611964,17270.007743574173,3,0,1.0,0.0,1.7901361119395496,0.5829144950070603,0.021383128065058352,0,0.3291666666666667,0,1,1
36,20336.0,547817.0,607.4631319191813,0,4,2,1,6251.0,161,301587.3023516205,23344.990316858668,1,0,0.5,0.0,1.2358514553485629,1.147963725258589,0.020726999947471136,0,0.5083333333333334,0,0,1
27,95287.0,1401144.0,639.7347210705451,90,2,0,3,27206.0,74,683476.2411977351,41812.853287823615,0,1,0.0,0.3333333333333333,0.5977347742414452,0.4388096307767441,0.039805333909374456,3,0.6227777777777778,0,0,1
22,154100.0,1241700.0,736.1555674508598,60,0,2,10,1683.0,102,851846.3665643149,44133.8087320231,2,3,1.0,0.3,0.46065669833674827,0.28639720137587993,0.0019757083742552215,2,0.38666666666666666,0,1,0
66,72868.0,731485.0,770.6827856909206,60,6,2,11,1292.0,107,464110.61991508596,26286.931133121838,1,2,0.5,0.18181818181818182,0.5307663856963801,0.3607472571378635,0.002783819082261865,2,0.6734848484848484,1,0,0
25,28343.0,1042392.0,757.19475731293,60,2,1,7,927.0,150,371436.2114852045,38919.26327145088,1,3,1.0,0.42857142857142855,1.0920868512072486,1.3731525692922726,0.002495717895391374,2,0.44047619047619047,1,1,0
21,54948.0,649274.0,669.2708346676437,0,1,4,4,3236.0,171,266935.08782406844,27980.76204360148,0,1,0.0,0.25,0.40482985098649094,0.5092225748635343,0.012122797442548214,0,0.4583333333333333,1,0,0
66,98897.0,1419389.0,510.08842286433907,120,3,1,3,7411.0,45,1158613.473132621,27572.83092819306,1,3,1.0,1.0,0.9762795915048157,0.27880351201950576,0.006396438650037774,4,0.43333333333333335,0,1,1
30,48582.0,569690.0,707.359711485299,45,6,1,2,14711.0,22,224645.24407602462,19687.979605897726,1,0,1.0,0.0,0.3853368944534063,0.40525255456543013,0.06548547270834494,1,0.4363888888888888,1,1,0
61,176513.0,1262863.0,782.9401617457229,90,5,2,4,8297.0,47,610043.6365309709,23143.37928380355,0,3,0.0,0.75,0.2880069440262997,0.13111430480363231,0.013600666416555227,3,0.6211111111111112,0,0,1
22,141672.0,943645.0,766.3653285469497,0,0,6,5,13619.0,47,830098.5529541695,22992.97765556852,0,4,0.0,0.8,0.48827488433033667,0.16229726167180897,0.016406485653459413,0,0.2744444444444445,1,1,0
28,73821.0,983345.0,712.4064306820604,90,4,4,8,13436.0,54,779753.8798920693,22194.667497365157,0,8,0.0,1.0,0.8802304221157363,0.3006551997042191,0.017231078095898366,3,0.5783333333333334,1,1,1
26,172149.0,559761.0,596.7348064963084,90,4,2,2,13146.0,165,377403.29526010563,21801.780609012138,2,2,1.0,1.0,0.18269217134580393,0.1266448286601266,0.03483276422093719,3,0.5083333333333333,0,1,0
55,70653.0,1257665.0,643.2285097460109,30,6,5,0,1785.0,38,475418.8017571797,49355.67882322091,2,0,0.4,0.0,0.56074382517041,0.698564517051235,0.003754584365200788,1,0.5327777777777778,1,0,1
51,40709.0,1132096.0,815.3670079121972,180,6,0,6,16115.0,75,703668.4123602936,54607.756682791216,0,1,0.0,0.16666666666666666,1.4404439893723204,1.3414172955069203,0.022901411683303993,6,0.9500000000000002,0,0,1
44,170001.0,1232173.0,580.8289325735107,60,5,2,2,8988.0,64,778135.942758067,44202.342054414665,0,1,0.0,0.5,0.3814369438797747,0.2600122473068668,0.011550680936472935,2,0.6255555555555556,0,0,0
32,173468.0,1211910.0,599.651114029473,180,4,3,4,16151.0,48,555868.7063284989,54277.983601340675,1,0,0.3333333333333333,0.0,0.2670371030624759,0.3128991145418214,0.029055422289693218,6,0.7899999999999999,1,0,0
25,68650.0,278531.0,745.9786085815699,120,2,3,8,1817.0,35,49324.74010809581,14083.396159029666,1,2,0.3333333333333333,0.25,0.059874654173459343,0.20514779547020634,0.03683749769422041,4,0.5527777777777778,1,0,0
48,114351.0,1319974.0,649.8188528636131,5,6,4,10,26116.0,179,560852.14390046,26850.193667705975,0,10,0.0,1.0,0.40872120627166936,0.23480506220064515,0.04656485721597788,0,0.5597222222222222,0,1,1
32,46073.0,1270673.0,597.2771414456764,180,6,4,6,21668.0,112,674854.5630241409,55704.74596486938,2,0,0.5,0.0,1.220625534521558,1.2090540222010586,0.03210765872709213,6,0.9249999999999999,0,1,0
49,121948.0,402061.0,786.9579825106111,90,6,3,11,10377.0,18,346820.484890406,11304.92760834634,0,3,0.0,0.2727272727272727,0.23700025481517123,0.09270285374377882,0.02992037798251477,3,0.6377272727272728,0,1,1
54,129799.0,1473395.0,712.2739184701597,5,6,6,3,10788.0,117,1024925.9711551368,38488.834590278864,4,0,0.6666666666666666,0.0,0.6580212297187298,0.2965264338729795,0.010525638244722638,0,0.5597222222222222,0,0,0
62,133008.0,814181.0,653.2739184935975,120,4,6,8,9487.0,110,188031.0223078779,43574.401691757725,0,4,0.0,0.5,0.11780683762623169,0.327607374682408,0.05045444035541217,4,0.7666666666666667,0,0,1
45,110135.0,516773.0,599.7957614870339,30,6,3,11,29735.0,64,194341.13109574106,12019.246236443276,3,9,1.0,0.8181818181818182,0.14704766203276362,0.1091319402228472,0.15300415219540542,1,0.41873737373737374,1,1,0
21,132067.0,373994.0,823.3184594701956,120,5,6,2,21056.0,141,202429.08136862604,19291.40400161594,1,0,0.16666666666666666,0.0,0.1277313039143175,0.14607285697120356,0.10401667516169154,4,0.8250000000000001,0,0,0
34,107917.0,578838.0,678.2883726877375,5,1,4,8,13806.0,144,282667.69789375365,27754.505866400334,2,1,0.5,0.125,0.21827554037960784,0.2571838159548573,0.048841802946968715,0,0.4055555555555556,1,1,1
62,150809.0,104455.0,777.8129643728646,15,0,0,5,19454.0,141,16069.568236815057,5237.927118772451,0,5,0.0,1.0,0.008879647013117617,0.03473219183717451,1.2106112443912014,0,0.37916666666666665,1,0,0
47,47093.0,1051522.0,742.5543481226608,30,6,0,10,1933.0,115,895186.9683127421,40419.81056887645,0,3,0.0,0.3,1.5840764875047637,0.85829763593053,0.002159325446440914,1,0.6783333333333333,1,0,1
51,96321.0,1076346.0,643.5368906835736,45,2,0,3,24895.0,79,891246.6074578698,41319.020195345714,0,0,0.0,0.0,0.7710732926515417,0.42897208495910255,0.02793278514799487,1,0.5797222222222222,0,0,1
43,85456.0,1018278.0,644.0941219507154,60,6,1,11,17873.0,37,858213.2802732626,31671.789151279783,0,1,0.0,0.09090909090909091,0.8368958687055937,0.37062101141265424,0.02082582548047856,2,0.6397979797979798,0,0,0
28,104404.0,846022.0,781.2420428553744,5,2,2,9,9278.0,7,398828.4233035324,26257.794942218254,2,9,1.0,1.0,0.31833743862266806,0.25150180972202457,0.02326313637114796,0,0.09194444444444444,1,1,0
64,41017.0,575978.0,782.3762132833984,90,2,0,8,20794.0,165,446401.16829722235,28238.293670760926,0,8,0.0,1.0,0.9069433980569487,0.6884534137250634,0.04658141930792386,3,0.5916666666666667,0,1,0
58,70459.0,1099694.0,548.6158816715486,0,5,4,0,191.0,151,749334.7391620508,33551.89096139017,3,0,0.75,0.0,0.8862538724199543,0.4761902803245884,0.00025489276022834224,0,0.5041666666666667,1,1,1
69,172570.0,1313504.0,718.4846182687535,15,3,2,0,14708.0,36,701159.8719101622,45273.69184044904,2,0,1.0,0.0,0.33858717810654715,0.26234972382481914,0.02097667106922585,0,0.3091666666666667,0,0,0
62,35051.0,177053.0,671.5149636693466,60,4,4,7,28321.0,144,36800.31273442596,9712.368765443633,3,1,0.75,0.14285714285714285,0.08749230343981143,0.2770924871028967,0.7695858511959401,2,0.5732142857142857,1,1,1
35,120919.0,605177.0,607.6673785943046,15,2,3,5,22788.0,8,166961.6752264061,17654.5588957535,3,1,1.0,0.2,0.11506440621849207,0.14600318308746765,0.13648641204095877,0,0.19361111111111112,0,0,1
33,125671.0,1493512.0,698.3222266302038,30,4,1,3,1326.0,42,490879.80314274464,71544.7020154427,0,0,0.0,0.0,0.3255058864964501,0.5693016051073255,0.0027012722697299647,1,0.5349999999999999,1,0,0
33,94871.0,1299855.0,585.5282246309524,60,3,4,10,17697.0,27,1068393.737057961,33910.49905124819,1,5,0.25,0.5,0.9384618210148176,0.3574379847503261,0.016564118064499592,2,0.43916666666666665,0,0,0
66,23444.0,1491805.0,647.348125174773,15,6,6,5,20400.0,61,968220.4994752019,23873.27364583848,5,4,0.8333333333333334,0.8,3.441607303486329,1.0183105974167581,0.02106958075258402,0,0.4097222222222223,1,1,1
48,23565.0,315776.0,624.1068387061023,180,3,2,5,15793.0,57,280179.59598122817,12232.251076904678,0,4,0.0,0.8,0.9908041444982961,0.5190855538682232,0.056367416566116116,6,0.7466666666666667,1,1,0
43,62652.0,724249.0,645.01461150908,120,0,2,3,9654.0,92,416315.6968886355,24750.368803943227,0,1,0.0,0.3333333333333333,0.5537408979876082,0.39504515105572413,0.023189132843536395,4,0.65,1,0,0
68,34607.0,239014.0,674.9965054436607,180,5,3,11,20367.0,82,51036.308480684056,11106.24078046801,2,8,0.6666666666666666,0.7272727272727273,0.12289495497222155,0.32092469097200016,0.39906883170651714,6,0.7761616161616162,1,1,0
50,33265.0,1305785.0,608.910333666616,45,6,5,4,12705.0,20,663759.7373258905,19803.669546966692,2,1,0.4,0.25,1.6628080999195611,0.5953305139626242,0.019140962136668653,1,0.49694444444444447,1,1,1
65,43939.0,802285.0,790.1225320211308,30,6,3,3,28465.0,26,187604.99245687568,14298.656632523844,1,3,0.3333333333333333,1.0,0.35580576188366386,0.32542062023541374,0.15172837154929755,1,0.4161111111111111,1,0,0
69,48897.0,403174.0,714.5298263375888,180,0,5,8,25140.0,147,333030.7777035847,19911.61747280075,1,5,0.2,0.625,0.567571933014951,0.40721552391354787,0.07548851842869596,6,0.7075,1,0,0
24,153833.0,180969.0,805.6194119867439,90,6,0,0,27282.0,98,64936.336024958095,6195.15511981382,0,0,0.0,0.0,0.035176856301399405,0.0402719515306457,0.42013457595627574,3,0.825,0,0,1
38,121474.0,1119470.0,668.7944021645386,120,2,0,7,12587.0,165,333548.7924974897,39466.844756827435,0,7,0.0,1.0,0.22882042830666763,0.3248995238226076,0.03773660790600742,4,0.65,0,0,0
56,22926.0,1227173.0,641.5847026392023,5,5,2,6,20323.0,23,654971.3187001803,29457.40167174595,2,1,1.0,0.16666666666666666,2.3807442739690754,1.2848905902357999,0.031028839614430596,0,0.31083333333333335,0,1,1
60,119813.0,1324877.0,803.089093014512,120,4,1,2,4331.0,55,1000699.628592137,68942.41810923626,0,2,0.0,1.0,0.6960149208851412,0.5754168421559952,0.004327972027023925,4,0.6388888888888888,0,0,1
28,40146.0,1458497.0,639.5358182088211,45,6,0,9,22574.0,28,777030.3542731286,75224.64261654452,0,2,0.0,0.2222222222222222,1.6129260579574731,1.873776780166007,0.029051632122038273,1,0.5774999999999999,0,0,0
36,86210.0,1231266.0,667.5195584607612,90,2,1,0,22633.0,166,219980.9952487098,43916.491079211286,0,0,0.0,0.0,0.21264064034403377,0.5094129576523755,0.10288616057224036,3,0.6916666666666667,1,0,0
47,24163.0,1190158.0,730.403318734812,120,4,1,11,23262.0,28,841699.5468055697,28222.14746166359,1,8,1.0,0.7272727272727273,2.9028526631818954,1.1679902107214994,0.027636940150775037,4,0.45616161616161616,0,1,0
60,32607.0,1227072.0,593.3591934191905,0,4,6,10,606.0,144,215416.7867660647,66644.31442151521,5,0,0.8333333333333334,0.0,0.5505381941660398,2.043865256586476,0.002813151236250197,0,0.45833333333333337,1,1,1
26,39480.0,1498114.0,729.7906279355554,0,1,5,2,13677.0,34,903787.8934866036,75951.76772148149,0,0,0.0,0.0,1.9076914333979307,1.9238036403617398,0.015132975445419293,0,0.3588888888888889,0,0,1
50,88206.0,721388.0,720.8342946315222,0,5,2,5,8241.0,131,441994.50204403774,25866.40579606725,0,3,0.0,0.6,0.4175778877892261,0.29324995800815423,0.018645028302136924,0,0.5566666666666668,0,0,1
35,93019.0,1149936.0,768.8527722626483,60,1,6,2,27451.0,81,352328.36805253034,46061.769299688414,4,1,0.6666666666666666,0.5,0.31564193699900944,0.49518667476202083,0.07791311313288063,2,0.43,1,1,1
31,75144.0,1238985.0,742.3031152107098,180,5,5,7,16142.0,174,600822.8569641106,40374.4475882494,5,1,1.0,0.14285714285714285,0.6663016530085687,0.5372943626670047,0.0268664878722552,6,0.8023809523809523,1,0,0
46,118467.0,218607.0,770.99848470143,0,0,1,4,18344.0,12,33806.242637956304,5080.931882854138,0,0,0.0,0.0,0.02378035137630191,0.04288900607641063,0.542621674832449,0,0.27666666666666667,0,0,1
41,134714.0,1051521.0,672.2704669644113,5,1,3,5,13132.0,58,381449.24858358986,44435.209839302785,2,5,0.6666666666666666,1.0,0.23596238981817644,0.3298484926533455,0.03442659816151738,0,0.22194444444444444,0,0,0
52,136054.0,541308.0,619.6130776905057,45,3,6,11,3416.0,130,332641.0324014009,22607.926503620558,5,2,0.8333333333333334,0.18181818181818182,0.2037432639499763,0.16616877492481336,0.010269328396858396,1,0.49431818181818177,1,0,0
36,111802.0,242054.0,827.6989789858353,30,1,3,7,18606.0,164,87896.35012936308,8930.108810541988,0,6,0.0,0.8571428571428571,0.06551489100475474,0.07987432076834035,0.21168114458241183,1,0.45595238095238094,1,0,1
61,106380.0,297027.0,573.1313069134624,0,0,2,10,18326.0,97,55164.814814267476,14131.90271169656,0,1,0.0,0.1,0.04321364825332728,0.13284360511089077,0.3322045050219271,0,0.44,1,0,1
24,97633.0,215567.0,580.1440844788334,60,0,6,7,11440.0,17,141346.86695988596,7129.547386408173,3,2,0.5,0.2857142857142857,0.12064471623314348,0.07302395077902116,0.08093564608861586,2,0.3008730158730159,1,0,1
63,56545.0,1351730.0,719.5589628356182,180,2,4,5,18885.0,113,955397.8862282992,66825.02857463161,3,0,0.75,0.0,1.4080199932624446,1.1818026098617316,0.019766633642611275,6,0.7541666666666667,0,0,0
22,96891.0,1169287.0,793.7490233724145,5,3,3,0,11717.0,86,932202.0254534739,27689.574536009568,2,0,0.6666666666666666,0.0,0.8017617954311838,0.2857806662745721,0.012569163850829665,0,0.4508333333333333,1,1,0
57,19635.0,198115.0,693.2685592139916,0,0,6,1,19806.0,139,159811.3412062535,10593.648467669003,1,1,0.16666666666666666,1.0,0.6782588116724111,0.5395288244292846,0.12393363230985124,0,0.325,1,1,1
37,174540.0,956922.0,749.9512589791544,15,0,5,6,10459.0,99,499740.6631782985,22203.66270212412,5,3,1.0,0.5,0.2385989186711253,0.12721245962028258,0.02092885524560249,0,0.2791666666666667,1,1,1
39,77955.0,1007622.0,540.2938090769629,5,4,2,6,23199.0,161,458991.28057881334,21567.91193846156,1,4,0.5,0.6666666666666666,0.49065837190132483,0.2766713095819583,0.050543443811709846,0,0.4513888888888889,0,1,0
21,140519.0,803095.0,645.0318526473204,45,2,2,6,26618.0,22,473343.30087310355,31429.845835443823,1,5,0.5,0.8333333333333334,0.2807113278116029,0.22366972320784964,0.056234027081194286,1,0.2947222222222222,1,0,1
55,172986.0,928858.0,548.8236534999719,0,5,0,10,14530.0,112,691536.4691953224,17391.19152422671,0,7,0.0,0.7,0.33313701166343057,0.1005352544380858,0.02101118400437685,0,0.5466666666666667,1,0,0
29,98510.0,1365529.0,734.6287670760062,30,5,0,1,518.0,132,691639.2541035522,29655.532079939436,0,0,0.0,0.0,0.5850837936110989,0.30104082915378577,0.0007489453453179005,1,0.675,1,0,0
53,157615.0,802336.0,571.693807138769,5,0,6,7,20463.0,73,719194.0034404609,35432.26445600194,3,3,0.5,0.42857142857142855,0.3802482861405222,0.2248026168575449,0.028452684396852106,0,0.30408730158730163,0,0,0
56,95634.0,1006406.0,590.5526807777147,90,6,0,8,28189.0,85,632160.5535172813,27501.11193739577,0,0,0.0,0.0,0.5508505983901134,0.28756626238990074,0.04459152005476944,3,0.8138888888888889,0,0,0
62,39430.0,878092.0,715.9817643472982,45,4,5,7,21292.0,125,334623.2313574315,41274.58463783722,3,5,0.6,0.7142857142857143,0.7072094668979447,1.0467812487404824,0.06362977224751235,1,0.5094047619047619,1,0,1
55,22289.0,624412.0,754.3277046412411,0,5,1,2,10746.0,81,465362.9211868066,13251.342352102323,0,1,0.0,0.5,1.739882607215841,0.5945238616403752,0.0230916549444779,0,0.5466666666666667,0,0,1
35,39970.0,1341739.0,668.8722324239549,0,3,3,4,16926.0,70,352977.6154608951,40805.04415667745,1,0,0.3333333333333333,0.0,0.735921973690466,1.0208917727464961,0.047952049247936404,0,0.4555555555555555,1,0,1
57,170686.0,650201.0,719.9120752875957,45,0,5,0,10946.0,104,553867.4572293307,19799.607395044684,0,0,0.0,0.0,0.27041246168858346,0.11600018393450362,0.01976285094408024,1,0.5375,0,0,1
61,94967.0,1209929.0,717.6451716811165,60,6,6,2,23227.0,144,490340.60043094435,41398.769247811535,5,2,0.8333333333333334,1.0,0.43027279689343345,0.435927946000311,0.04736911440657075,2,0.5416666666666666,1,0,1
36,69706.0,927604.0,664.9201198390269,5,3,2,9,21776.0,24,615730.313711004,29141.317982638997,0,4,0.0,0.4444444444444444,0.7361039146689955,0.41806039627347713,0.03536613272904519,0,0.3686111111111111,1,0,1
27,90261.0,1043186.0,603.3706161979626,15,0,6,7,18753.0,157,645712.461310074,31787.367941277396,0,0,0.0,0.0,0.596153064732714,0.35217167925546355,0.029042338693529915,0,0.47916666666666663,1,0,1
64,59462.0,1152399.0,719.5423984819249,60,1,3,10,11648.0,36,255722.8878903561,32425.63046020435,0,1,0.0,0.1,0.3583841891885519,0.5453168487471721,0.0455493057195342,2,0.47000000000000003,0,0,1
28,159029.0,1117110.0,722.9166983542558,45,1,6,8,5175.0,17,772162.9441336821,17433.647130789264,6,2,1.0,0.25,0.40462376051625915,0.10962558483540276,0.006701953310911626,1,0.2336111111111111,1,1,1
50,179904.0,868312.0,742.5817082163181,5,2,0,2,18499.0,32,333313.7231268601,34440.39327650466,0,2,0.0,1.0,0.15439425245633787,0.19143761826587882,0.05550026511497467,0,0.2975,1,0,0
32,31756.0,942453.0,701.8446496855228,30,3,1,9,10117.0,13,410801.7545285831,31986.52937122113,0,0,0.0,0.0,1.0780161085794366,1.0072593957432023,0.0246274508043662,1,0.4372222222222222,0,0,0
27,134427.0,787703.0,598.2050060564471,5,2,4,8,27108.0,171,175179.90626992143,23576.97949504093,3,3,0.75,0.375,0.10859667717417969,0.17538872023507873,0.1547437749979803,0,0.3763888888888889,1,1,1
59,72367.0,541740.0,728.3238112958426,180,6,4,2,1892.0,52,410402.3175619386,12707.373798823271,2,1,0.5,0.5,0.47259376691256444,0.17559624965555118,0.004610110418575929,6,0.7905555555555556,0,1,1
28,25672.0,1104006.0,679.9033243840161,120,6,5,0,25385.0,139,877910.0680040241,55924.09003027609,5,0,1.0,0.0,2.849765204645866,2.1784079943236248,0.02891526242285177,4,0.7333333333333333,0,1,0
53,167398.0,1324377.0,646.208378897366,15,4,2,9,23387.0,32,332021.96231333975,32468.09937828924,2,6,1.0,0.6666666666666666,0.1652857074722815,0.193957510712728,0.07043811149435031,0,0.26694444444444443,0,1,1
54,28025.0,1072633.0,659.3754913964401,15,4,4,8,15461.0,95,814621.0190243329,55602.05514121329,3,5,0.75,0.625,2.422304546608186,1.9840162405428472,0.01897937769702721,0,0.4375,0,1,0
23,51356.0,1169645.0,631.6819975126734,5,6,4,1,29794.0,76,963202.3108966516,27709.54423593961,4,0,1.0,0.0,1.5629499813339753,0.5395580698640784,0.030932234757892724,0,0.4786111111111111,1,1,1
29,22131.0,1254002.0,742.21906451981,90,1,6,5,21499.0,118,279605.70588932483,67536.83626746283,1,4,0.16666666666666666,0.8,1.05284331890909,3.0516847981321598,0.07689041942695497,3,0.5533333333333333,1,0,0
59,94347.0,582673.0,580.7319686493986,180,3,0,10,1252.0,177,523281.6847302118,18525.48535785374,0,0,0.0,0.0,0.4621960111169511,0.1963547898486835,0.0023925928167073023,6,0.8999999999999999,1,0,1
45,115138.0,140700.0,610.4559845635507,15,4,0,9,11773.0,116,21585.174825819264,5108.633531716658,0,3,0.0,0.3333333333333333,0.015622683812627212,0.044369656687771694,0.5454206461148343,0,0.5791666666666667,1,0,0
26,69949.0,539478.0,656.9858980729814,60,1,4,9,25212.0,126,421766.20104246866,14540.237941669673,2,0,0.5,0.0,0.5024687046305983,0.20786913239173788,0.05977719394698804,2,0.525,1,0,1
69,29593.0,1144680.0,792.96255937673,15,6,0,4,23281.0,47,651000.1534467025,60172.6634395678,0,1,0.0,0.25,1.8332042302985574,2.0333411090314533,0.03576189633249605,0,0.5586111111111112,0,0,0
33,36817.0,1232795.0,753.7996384364994,180,1,1,1,4814.0,21,1070020.0721714306,32426.002134786944,0,0,0.0,0.0,2.421933871516398,0.8807345013115393,0.004498981024001517,6,0.6799999999999999,0,0,0
21,169208.0,794952.0,565.1411437726942,15,0,3,4,5105.0,15,320822.7046516072,35143.613751453995,3,4,1.0,1.0,0.1580021357597391,0.2076947529162569,0.01591221545726853,0,0.0625,0,1,0
66,148558.0,1178955.0,774.5942962126741,0,2,1,8,27720.0,54,495910.8787517778,18650.635863029605,0,6,0.0,0.75,0.27818028354345203,0.1255444732900928,0.055897140368793785,0,0.3616666666666667,0,0,1
21,169778.0,158305.0,774.4594151888579,120,5,1,10,1368.0,99,123522.76228294912,5912.493818019304,1,2,1.0,0.2,0.0606295487258602,0.03482485256051611,0.011074881865630336,4,0.6800000000000002,1,0,0
48,103990.0,983983.0,597.8194171784149,180,2,2,7,28488.0,10,672074.6558609218,43947.65550613492,0,5,0.0,0.7142857142857143,0.5385731447422203,0.42261424662116476,0.042388148030232026,6,0.6174603174603174,1,0,1
69,106460.0,1034564.0,503.49792105824883,30,1,4,0,16221.0,47,621140.6524292328,35004.40102393158,3,0,0.75,0.0,0.4862081630262014,0.3288033160241554,0.026114858102687256,1,0.33361111111111114,1,0,1
49,145331.0,786368.0,674.9444864356931,180,6,2,7,24222.0,113,497997.775196604,32030.87973423718,0,6,0.0,0.8571428571428571,0.28555376760441337,0.22039949999819158,0.048638771509445844,6,0.9142857142857144,1,0,0
49,117895.0,1088983.0,758.5697086509875,15,1,5,2,6460.0,157,720883.4295424869,49790.78060360379,4,0,0.8,0.0,0.5095518820012772,0.42233157134402466,0.00896122692693863,0,0.39249999999999996,1,1,0
40,88703.0,762627.0,791.3883378860141,15,1,1,7,10321.0,178,141758.04823963088,26699.205217361265,1,4,1.0,0.5714285714285714,0.13317667594823068,0.30099551556724424,0.0728071536548892,0,0.3053571428571429,1,1,0
27,65286.0,809259.0,619.0420914947125,45,6,0,4,21861.0,42,192876.78440652427,19198.60108383745,0,2,0.0,0.5,0.24619467216877058,0.29406918916517244,0.11334179003069551,1,0.5808333333333333,0,0,1
49,96652.0,925751.0,802.6385373264076,60,2,1,6,4868.0,18,264711.6613995817,28578.748486916804,1,6,1.0,1.0,0.22823433676107902,0.29568708859534004,0.018389820736502287,2,0.22333333333333333,1,0,1
64,28363.0,1201008.0,524.044732292831,30,0,6,7,3039.0,103,339393.09164990974,53121.97738588744,3,2,0.5,0.2857142857142857,0.9971708788736198,1.8729322492644445,0.008954218794573417,1,0.4047619047619048,1,0,0
25,49176.0,410622.0,654.2364570319498,120,3,1,7,18272.0,168,321180.3206930505,10611.982549766486,0,5,0.0,0.7142857142857143,0.5442701058325378,0.21579596855715158,0.05689016051971131,4,0.7119047619047619,0,0,0
64,137468.0,485359.0,650.7952531548978,120,5,0,0,254.0,75,216413.01660318958,19550.932746102637,0,0,0.0,0.0,0.1311899354778261,0.1422217006583542,0.0011736817128044064,4,0.8166666666666667,0,0,0
41,158624.0,657322.0,760.6635917447012,5,5,2,11,28168.0,162,339880.20553499286,13758.853403812724,1,6,0.5,0.5454545454545454,0.17855652651080167,0.08673878734499649,0.08287625916802596,0,0.49684343434343436,0,0,1
47,34489.0,342765.0,770.8811726157846,180,0,4,6,20271.0,133,74396.29550360767,17896.35340296924,2,2,0.5,0.3333333333333333,0.17975851117652894,0.5189003277267894,0.2724732443030985,6,0.6916666666666667,0,1,1
29,33698.0,534624.0,746.7956558803377,5,1,2,6,21411.0,161,429273.563273195,20914.13001287177,1,2,0.5,0.3333333333333333,1.0615703287860678,0.6206341626467972,0.04987728532999312,0,0.3847222222222223,1,1,1
51,31860.0,558564.0,585.4614965877873,45,4,2,4,15023.0,171,88084.23087557744,18840.823766873396,1,4,0.5,1.0,0.23039399161848045,0.5913629556457438,0.17055266136365088,1,0.49583333333333335,1,0,1
29,146235.0,505643.0,740.3833322259245,30,4,0,1,18713.0,19,107435.01859799333,23998.282707307946,0,1,0.0,1.0,0.061222814076653635,0.16410765348451428,0.17417970643279174,1,0.38388888888888884,0,1,0
34,68418.0,644573.0,715.6329378015445,45,4,4,7,28560.0,74,489283.78087960515,30221.992465095896,0,2,0.0,0.2857142857142857,0.5959491421356041,0.4417257514849294,0.05837103357208477,1,0.6067063492063491,0,1,1
56,70935.0,781934.0,563.0135930304286,5,2,1,4,144.0,8,193878.80775444696,14773.017750585024,0,2,0.0,0.5,0.22776580408642533,0.20826133432839958,0.0007427320276405873,0,0.29416666666666663,1,1,1
23,20019.0,1059103.0,535.3090319838819,30,6,0,10,7424.0,7,789051.120986852,28895.01873425588,0,1,0.0,0.1,3.2845926411028357,1.4433797259731194,0.009408769346547455,1,0.5138888888888888,1,0,0
42,175561.0,489262.0,752.6592503014543,0,0,5,7,20911.0,85,201973.798739518,16313.507327391557,2,3,0.4,0.42857142857142855,0.09587066543799497,0.09292215997511724,0.1035332311938567,0,0.336031746031746,1,1,1
50,88313.0,1276003.0,667.3930489314529,180,5,6,5,3697.0,119,934127.8868654091,36521.2453532733,6,5,1.0,1.0,0.8814556245639648,0.41354325357844596,0.003957702207570076,6,0.7166666666666666,0,1,0
27,147186.0,745169.0,590.0372535281588,5,6,4,0,7358.0,159,139917.78013862937,20635.241424802465,1,0,0.25,0.0,0.07921823414966402,0.1401983981139678,0.052588027002070464,0,0.6222222222222221,0,0,0
35,132644.0,1095331.0,665.4279649903862,45,4,6,6,693.0,23,444645.8010431945,31860.563028782704,6,4,1.0,0.6666666666666666,0.2793478540574737,0.24019603622314395,0.0015585438980288031,1,0.30527777777777776,0,0,1
37,40967.0,216469.0,705.4828756779242,5,3,2,10,1654.0,5,110606.00775329268,4477.006051704751,2,5,1.0,0.5,0.22499004839930653,0.10928322922607835,0.014953979748453233,0,0.17083333333333334,0,1,1
53,147818.0,302281.0,674.2004211332717,5,2,3,5,13327.0,18,187196.08894587614,5978.118675841007,3,4,1.0,0.8,0.1055329802786062,0.04044242701051974,0.07119272670196237,0,0.1363888888888889,1,1,0
68,107149.0,707668.0,571.360969281174,30,3,2,7,19800.0,166,549974.8352106384,17983.56489402853,2,4,1.0,0.5714285714285714,0.42773368176607524,0.16783698302390623,0.03600164722521654,1,0.4011904761904762,1,0,1
61,115897.0,581014.0,811.9889832494877,180,1,3,1,3024.0,119,193681.88984949558,10343.94864875549,1,0,0.3333333333333333,0.0,0.13926294457542443,0.08925122003809839,0.015613230552169127,6,0.7833333333333332,0,0,0
30,50451.0,769376.0,750.2952578291524,45,1,6,4,29479.0,86,495606.11489420943,27242.680698572593,1,0,0.16666666666666666,0.0,0.8186261833168312,0.5399829676036668,0.05948070274777077,1,0.5369444444444444,1,0,0
21,155193.0,279699.0,656.5235783828573,180,4,4,9,23269.0,18,73792.3794782557,5908.767435971491,3,1,0.75,0.1111111111111111,0.03962398404903126,0.03807367236905976,0.31533066374227225,6,0.6497222222222222,1,0,1
23,168930.0,736732.0,659.3433740868398,120,3,0,5,19882.0,66,549879.0671793846,13042.135703330498,0,3,0.0,0.6,0.27125587875618334,0.07720437875647013,0.03615704104174233,4,0.67,1,0,0
50,83853.0,1045750.0,705.1641176299223,30,3,4,10,2159.0,23,888799.5565691459,50704.05839819245,3,0,0.75,0.0,0.883291351699945,0.604677929211745,0.002429119123702034,1,0.34694444444444444,0,1,0
28,32981.0,1106259.0,600.9265022981767,180,3,2,4,15565.0,5,205166.34955442828,42591.39215440752,2,0,1.0,0.0,0.5183953123374778,1.2913917757013893,0.0758652675441339,6,0.5611111111111111,0,1,0
32,155501.0,409849.0,702.5873505575878,30,0,3,9,27622.0,79,86024.66456580629,20875.413353553307,2,3,0.6666666666666666,0.3333333333333333,0.04610080994431241,0.1342461678931538,0.3210939576389745,1,0.3505555555555556,0,0,1
62,161757.0,549423.0,586.8487294197464,45,6,3,7,7138.0,90,406933.229574414,29853.289218593036,3,4,1.0,0.5714285714285714,0.209642256375517,0.18455639767424617,0.017540961222226033,1,0.5303571428571429,0,0,0
63,100048.0,811811.0,675.0626048208384,90,6,4,11,16225.0,81,657706.967303668,31450.576603368245,0,8,0.0,0.7272727272727273,0.5478261828519544,0.31435487569334963,0.02466904078349044,3,0.7322727272727273,0,0,1
62,111822.0,801067.0,598.1999950100198,60,1,6,6,16924.0,156,509609.4420704299,37521.25161546018,0,6,0.0,1.0,0.37977726660110855,0.33554445114074316,0.033209745744194906,2,0.5,1,0,1
33,54131.0,1198153.0,601.73412123713,120,2,6,5,20891.0,164,594152.5219956659,25618.523070318795,0,3,0.0,0.6,0.9146830867027302,0.4732689784101309,0.035161005342248454,4,0.6900000000000001,1,0,0
51,28930.0,615920.0,795.2005829532746,5,4,6,4,27554.0,21,447650.7912534883,26444.370006495035,2,4,0.3333333333333333,1.0,1.2894653510009455,0.9140812307810244,0.06155244341877456,0,0.2897222222222222,1,0,1
50,170951.0,1022861.0,684.1458125999188,45,0,4,7,3927.0,49,383349.8753799038,37827.61742002975,0,2,0.0,0.2857142857142857,0.18687122595553884,0.2212775439747632,0.0102439057691314,1,0.4178174603174603,1,1,1
30,96239.0,1331443.0,694.5184539780818,60,0,1,11,1886.0,90,1190064.6200459513,55994.78708627075,0,7,0.0,0.6363636363636364,1.0304767471658678,0.5818305165917221,0.0015847878915408618,2,0.503030303030303,1,0,0
48,62545.0,482642.0,539.2034097243074,15,6,1,2,2685.0,72,379354.20741197595,9261.401843244646,1,0,1.0,0.0,0.5054416918644922,0.14807581490518262,0.0070778179008941615,0,0.48916666666666675,1,0,1
46,130303.0,1243309.0,638.2098769035266,120,1,5,11,8015.0,78,1013731.6966269632,65189.92929296657,0,1,0.0,0.09090909090909091,0.6483169334979261,0.5002949225494928,0.007906431284203388,4,0.6809090909090909,0,0,0
40,22244.0,532656.0,712.2848483093043,15,4,6,11,10610.0,127,421417.20698066894,16884.92565859212,5,7,0.8333333333333334,0.6363636363636364,1.5787673341900024,0.7590777584333808,0.025176950120327425,0,0.42386363636363644,0,1,1
57,30950.0,534869.0,693.5895386163254,15,6,0,9,26351.0,32,454459.22148045653,24621.0745567322,0,3,0.0,0.3333333333333333,1.2236381838461403,0.7955112942401358,0.057983200151948494,0,0.5169444444444444,0,0,0
54,57313.0,997378.0,529.2179125052406,15,5,1,6,15613.0,148,197850.88925610797,54481.25511189684,1,3,1.0,0.5,0.2876759915669336,0.9505915780345967,0.0789129634883256,0,0.44583333333333336,0,1,0
47,91005.0,951589.0,694.4996541659957,90,1,4,10,22348.0,47,791218.4886939243,47515.19855432347,3,10,0.75,1.0,0.7245192468306909,0.5221163513468872,0.028245042702288423,3,0.35027777777777774,1,1,0
56,77403.0,846728.0,705.6591162484782,5,1,1,3,17265.0,62,284883.3913444234,23258.110440331107,0,3,0.0,1.0,0.3067101095827718,0.3004807364098434,0.06060374358267398,0,0.3308333333333333,1,0,1
58,48350.0,385278.0,769.863339873909,5,5,0,7,28575.0,39,161577.77698770797,11974.073598526329,0,2,0.0,0.2857142857142857,0.27848634434282654,0.2476540558123336,0.17684981519564935,0,0.4844841269841271,1,0,0
48,74918.0,189770.0,634.133821674316,120,2,6,9,9893.0,113,81207.84584028431,7770.35363726097,0,6,0.0,0.6666666666666666,0.0903297002948605,0.10371811363438653,0.12182320436694107,4,0.6833333333333333,1,0,0
34,72093.0,1367970.0,523.055189590503,5,6,0,9,20070.0,125,443667.41012866376,49959.53165406897,0,9,0.0,1.0,0.5128415266029801,0.6929872755200778,0.04523658835833737,0,0.5597222222222222,1,0,0
58,102996.0,1317287.0,610.2260473736392,0,4,1,7,8179.0,112,630742.5522443719,41378.643454842015,0,1,0.0,0.14285714285714285,0.5103293269029637,0.4017500044161134,0.01296725577003907,0,0.5690476190476191,0,0,1
56,109164.0,1335672.0,603.205447279201,15,0,6,4,7000.0,88,706757.4483866094,54942.58475606529,2,2,0.3333333333333333,0.5,0.5395226817652107,0.5033031471553377,0.009904388013143188,0,0.37472222222222223,1,1,0
69,161066.0,793289.0,731.5696214445982,30,1,0,11,29442.0,54,207443.57345885114,40760.08902344264,0,8,0.0,0.7272727272727273,0.10732845203149183,0.25306451407151503,0.1419277517692789,1,0.388939393939394,1,0,1
28,148698.0,1332580.0,489.82843881232776,0,5,5,8,720.0,123,559202.7070032266,36485.82263864762,5,5,1.0,0.625,0.3133883817105961,0.24536861718817754,0.0012875474152449795,0,0.4041666666666667,1,1,0
41,65358.0,736373.0,648.6150477949164,120,4,3,9,8179.0,21,302730.1896361607,14825.790471293569,1,4,0.3333333333333333,0.4444444444444444,0.3859897151536673,0.2268397207884814,0.027017457392769492,4,0.5688888888888889,0,0,1
66,164232.0,159477.0,779.8056831504078,5,5,3,7,11582.0,56,104617.35715038204,6702.815529755359,0,3,0.0,0.42857142857142855,0.05308413156915321,0.04081309080907106,0.11070820670179495,0,0.5079761904761905,0,0,1
46,102364.0,337737.0,680.5048723983545,30,1,5,10,4137.0,122,197774.68746673636,13031.176854300198,1,6,0.2,0.6,0.161006056382726,0.1273023411971025,0.020917742573582882,1,0.45166666666666666,1,0,1
67,48403.0,445273.0,742.7421771323496,5,1,0,5,23156.0,124,305939.0144229575,22808.450962684485,0,2,0.0,0.4,0.5267218533681753,0.47121977899478307,0.07568828723487706,0,0.4530555555555556,1,0,0
21,73102.0,596641.0,565.0741166514239,15,1,0,6,10783.0,48,440295.785514485,26673.65297378505,0,2,0.0,0.3333333333333333,0.5019194476148452,0.3648826704301531,0.02449035479047359,0,0.38583333333333336,1,0,0
22,138165.0,1411627.0,567.8607340755574,0,4,1,9,13767.0,61,917916.9167926682,43596.84406373058,0,8,0.0,0.8888888888888888,0.5536356993405639,0.3155418815454752,0.014998089421974975,0,0.43,0,0,0
60,151127.0,532596.0,780.6069720491664,180,0,3,6,9116.0,57,176253.72257272722,21481.287150485372,2,5,0.6666666666666666,0.8333333333333334,0.09718852497828935,0.14214063106185773,0.05172089341964669,6,0.5433333333333334,1,1,1
38,78608.0,938294.0,687.0850756030077,180,5,6,2,26756.0,159,494095.93988206954,46440.56275048249,5,1,0.8333333333333334,0.5,0.5237973445048739,0.5907867233676278,0.054151426555713256,6,0.7916666666666666,1,0,0
46,43531.0,442566.0,687.22920535464,5,1,0,9,12652.0,103,221252.53685031438,12789.682246395334,0,1,0.0,0.1111111111111111,0.4235535917895951,0.2938063046195891,0.05718352512522625,0,0.4819444444444445,1,0,1
41,49085.0,982746.0,601.7293020325103,5,3,2,4,23619.0,21,201991.29906162544,15284.709411863496,0,2,0.0,0.5,0.34292774279587357,0.3113926741746663,0.1169307792450708,0,0.35638888888888887,1,0,1
40,34768.0,872739.0,687.0547210265162,120,1,3,1,18711.0,28,716397.5859953258,34956.35592913697,3,0,1.0,0.0,1.7170903944127882,1.0054175083161807,0.02611817846092251,4,0.4288888888888889,1,1,0
67,131195.0,268122.0,599.7843702161932,30,2,1,4,28672.0,12,58605.1730182888,4299.876657062651,0,0,0.0,0.0,0.037225232807582095,0.032774699165842074,0.4892400879194126,1,0.4016666666666666,0,0,1
25,99485.0,720299.0,763.0809314233956,0,5,2,0,18094.0,43,635542.8151841017,37815.11842667616,0,0,0.0,0.0,0.532360670104456,0.38010874429990615,0.028470151133340397,0,0.5122222222222222,0,0,0
58,91091.0,202823.0,850.0,5,1,1,10,29574.0,40,35252.542398610356,4406.928811220463,1,2,1.0,0.2,0.032250297686389026,0.04837940972456624,0.838918216609699,0,0.21194444444444446,1,1,1
64,126845.0,1339336.0,713.875873756573,30,3,0,11,20948.0,80,933864.2639316458,40140.62717832867,0,1,0.0,0.09090909090909091,0.6135206117253641,0.31645415411193717,0.02243152544654315,1,0.5770202020202021,0,0,0
53,152243.0,1070990.0,635.553753017692,60,0,3,3,1767.0,134,391640.56236748636,56603.28314993944,0,3,0.0,1.0,0.21437250665464988,0.37179563690901674,0.004511790069236952,2,0.4666666666666667,1,1,0
40,146875.0,1414948.0,502.6439168653739,60,1,6,10,4700.0,158,1172337.6592207646,25748.12540907962,1,5,0.16666666666666666,0.5,0.6651561187068168,0.17530638576394636,0.004009083870191477,2,0.525,0,0,0
28,40217.0,1319650.0,562.0875119820362,5,4,2,8,23689.0,100,1013522.7907249655,20023.97499272257,1,6,0.5,0.75,2.1001127025987465,0.49789827666714503,0.023372932722169403,0,0.4430555555555556,1,0,1
54,113519.0,368236.0,788.8403281718995,30,3,4,11,1378.0,139,62142.83615306373,7050.048447115076,3,11,0.75,1.0,0.04561852799462625,0.06210456793237322,0.022174720133562212,1,0.3958333333333333,1,0,0
43,160967.0,1075478.0,607.9565709710249,15,4,4,1,5700.0,117,179027.2989963073,58550.67716562508,0,0,0.0,0.0,0.09268323061885733,0.36374335836305005,0.031838719748084734,0,0.6125,1,0,0
28,143363.0,195152.0,654.0415582819442,45,1,5,0,23724.0,57,117558.25227204406,10512.67247772971,4,0,0.8,0.0,0.0683336776062885,0.0733290491809582,0.20180633465951658,1,0.37749999999999995,1,0,1
38,71364.0,1442869.0,725.8728182205425,15,1,5,11,10644.0,110,378311.14675533056,43840.08012523214,2,2,0.4,0.18181818181818182,0.44176235771926387,0.6143164638365582,0.028135570657356057,0,0.4343181818181818,1,1,1
68,81619.0,1188739.0,783.7602859553255,5,2,6,3,6514.0,54,190934.04105145793,53154.96970861008,4,0,0.6666666666666666,0.0,0.19494443803062392,0.6512573017141852,0.03411649365470894,0,0.34638888888888886,1,0,0
34,162211.0,1036697.0,666.0289155185313,120,0,5,7,5935.0,55,907961.5671989671,46068.05488166723,1,0,0.2,0.0,0.466450881464557,0.2840008068606151,0.006536620287034052,4,0.5755555555555555,1,0,1
29,23324.0,1492549.0,651.6733191233776,60,6,6,10,9469.0,177,932316.0997929318,28347.458153201886,6,0,1.0,0.0,3.331032769511132,1.21537721459449,0.010156426561874318,2,0.6166666666666666,0,1,0
54,103118.0,1278016.0,685.0134719957479,45,1,6,4,25136.0,163,202085.6470872918,31189.72100393987,5,2,0.8333333333333334,0.5,0.16331261846241832,0.3024663104786737,0.12438290577431454,1,0.3958333333333333,1,1,0
30,36808.0,1302220.0,636.0653528352548,5,5,5,1,13670.0,117,674406.4996850454,65839.32336578864,3,1,0.6,1.0,1.5268567061622598,1.7887231951148839,0.020269674159997014,0,0.4363888888888889,0,0,0
66,162923.0,195184.0,639.8326557694932,0,1,3,9,28616.0,106,52339.10136601466,4221.414643917827,0,2,0.0,0.2222222222222222,0.026770878147966963,0.025910489273569887,0.5467422873748693,0,0.4611111111111111,0,0,0
63,24273.0,84361.0,708.8316082273711,120,4,2,5,21489.0,123,63598.62695937851,3023.010150361225,2,3,1.0,0.6,0.2183448926769748,0.12454208999139887,0.33788465297726283,4,0.6066666666666667,1,1,0
69,21789.0,1443608.0,692.9704062484141,180,1,3,0,8048.0,135,247595.48376608544,35752.53660194173,1,0,0.3333333333333333,0.0,0.9469437321817027,1.6408525678985602,0.03250463165799626,6,0.7833333333333332,0,1,0
65,71288.0,414332.0,829.2123714591008,60,1,5,4,4907.0,9,177411.58172044595,15456.48217992791,3,1,0.6,0.25,0.20738831888542011,0.21681744725518895,0.02765884815644191,2,0.305,0,0,0
32,50426.0,668280.0,710.7194171644801,0,2,5,6,28314.0,64,219544.17553209543,15277.701424622604,3,4,0.6,0.6666666666666666,0.3628157688693918,0.30297270107925683,0.12896721095595973,0,0.3022222222222222,1,1,0
31,98269.0,112846.0,760.580188366568,45,0,3,10,27072.0,18,99942.59906130363,2666.543076787813,3,7,1.0,0.7,0.08475256613759478,0.027135140042005238,0.2708754850711292,1,0.1575,0,0,0
37,66530.0,953442.0,605.0100376293808,15,0,0,2,3681.0,95,198872.46938620968,16086.43747190265,0,2,0.0,1.0,0.24910124428354335,0.24179223616267323,0.018509349289828097,0,0.37916666666666665,1,0,1
44,75723.0,1240130.0,716.761010302119,0,5,1,6,9645.0,53,855586.5817708906,67719.59972650962,1,3,1.0,0.5,0.9415749747664631,0.8943068780490686,0.011272967815877626,0,0.3344444444444445,1,0,1
64,109517.0,1270531.0,629.3913057379259,5,2,4,2,22292.0,59,646091.5980728492,24805.60481585234,1,2,0.25,1.0,0.491621999379738,0.2265000394080585,0.034502847686755544,0,0.32,1,0,0
56,108817.0,893040.0,707.681728430759,45,3,2,3,29479.0,151,680824.5917598659,28242.16913623719,0,0,0.0,0.0,0.5213834478680306,0.2595382075984193,0.0432989647506704,1,0.6375,0,0,0
52,169458.0,1008923.0,728.1960218680389,30,4,3,3,27110.0,36,313455.6461881809,31985.1990573391,1,1,0.3333333333333333,0.3333333333333333,0.15414618282415155,0.1887500091901185,0.08648751531412742,1,0.43833333333333335,1,0,1
64,95858.0,794891.0,683.4908190801032,60,4,2,6,8562.0,163,629133.4437005459,21577.355651302794,1,0,0.5,0.0,0.5469317842542667,0.22509707746148255,0.01360919545087056,2,0.625,0,0,1
52,109405.0,696910.0,848.5128005032354,90,4,0,7,26904.0,75,601276.8291593121,32587.240926994713,0,6,0.0,0.8571428571428571,0.4579900592289445,0.29785879006439114,0.044744780931632436,3,0.6392857142857142,0,0,0
39,127826.0,853952.0,779.9585838375917,15,6,3,1,21769.0,34,264580.4979424716,24344.187331565365,1,0,0.3333333333333333,0.0,0.17248740341197644,0.1904478535788131,0.08227741715390259,0,0.5047222222222222,1,0,0
41,46225.0,1407047.0,762.4071732980368,15,4,3,0,13880.0,25,467222.0903614745,56307.22292872657,1,0,0.3333333333333333,0.0,0.8422968998764638,1.2181119075981952,0.029707499466177845,0,0.4180555555555555,1,0,0
46,126047.0,416054.0,733.500033465901,90,2,5,8,11300.0,128,363111.4122722691,15277.509227050305,3,3,0.6,0.375,0.2400635029474912,0.12120486189318512,0.031119925229799734,3,0.5641666666666667,1,0,1
25,157629.0,731778.0,803.435257241103,5,1,0,3,24395.0,162,348030.3440816597,36267.76311634757,0,0,0.0,0.0,0.1839923407080654,0.23008306286500305,0.07009446278131458,0,0.4930555555555556,1,0,0
57,69526.0,922375.0,579.4121491771549,0,5,3,7,25097.0,157,716161.7720580141,44070.43666688564,2,5,0.6666666666666666,0.7142857142857143,0.8583860379066992,0.6338698712263849,0.035043758238979233,0,0.44523809523809527,0,0,0
52,46891.0,876710.0,775.9198182593403,120,2,5,0,27424.0,30,685431.2921589655,20793.713724509624,2,0,0.4,0.0,1.2181287314533804,0.443447862585776,0.040009845353894076,4,0.5566666666666666,1,0,0
56,74086.0,94467.0,610.6128981600334,5,3,1,7,13872.0,158,36194.03143969323,4251.437436339274,1,3,1.0,0.42857142857142855,0.04071173078099914,0.05738516637879322,0.3832676120402236,0,0.3668650793650794,1,1,0
47,62556.0,466636.0,640.4962616653289,5,5,2,10,8000.0,40,132566.06166983224,21793.17900045817,2,6,1.0,0.6,0.17659651841261195,0.34837871667718795,0.06034727063043272,0,0.30527777777777776,0,0,1
59,112793.0,986716.0,719.2974710843167,90,1,0,5,26115.0,82,419253.3573809825,51079.748053554045,0,5,0.0,1.0,0.30975131241964077,0.45286274904962226,0.06228930440327724,3,0.5405555555555556,1,1,1
67,157925.0,1056439.0,766.3254115857507,45,1,4,6,9085.0,0,627447.7761904665,56549.8106526169,3,6,0.75,1.0,0.3310895341620318,0.35808016876755994,0.014479292691352499,1,0.15833333333333333,0,1,0
48,114622.0,1114929.0,599.2496357822627,5,0,5,3,22618.0,46,582900.8366517005,49590.659460524344,3,1,0.6,0.3333333333333333,0.42378487306952456,0.4326452117440312,0.038802483334768115,0,0.2386111111111111,1,1,0
42,38332.0,1487485.0,644.1218585625588,120,0,3,3,15278.0,57,1045103.517634008,49082.90976921068,1,1,0.3333333333333333,0.3333333333333333,2.272043196359021,1.280468271136666,0.014618647571474646,4,0.5266666666666666,1,0,0
26,68981.0,1025888.0,686.8272450750917,15,4,2,0,17580.0,172,576145.6250073893,27410.52374836777,1,0,0.5,0.0,0.6960197071263456,0.3973633862711148,0.030513118970181417,0,0.5375000000000001,1,0,0
59,129669.0,890517.0,666.9543796713,90,3,5,5,6289.0,50,671571.0194428497,44157.636513351936,0,1,0.0,0.2,0.43159314578069913,0.34054119730507626,0.009364608980919837,3,0.616111111111111,0,0,0
65,71511.0,531570.0,739.7822442864631,60,2,3,11,7499.0,49,121173.1871351393,27440.80198353566,2,8,0.6666666666666666,0.7272727272727273,0.14120576686936195,0.3837284051899101,0.06188662836471144,2,0.3694949494949495,0,1,0
55,112995.0,587108.0,850.0,120,1,2,1,19581.0,49,281413.1083594725,11097.778028040339,0,1,0.0,1.0,0.20754097405451014,0.09821477081322481,0.06958098048150463,4,0.5255555555555556,0,0,0
63,130435.0,1248081.0,709.3524495968115,90,4,5,4,7796.0,45,202247.86572337602,46394.80115506931,4,2,0.8,0.5,0.12921369885599213,0.3556928827007269,0.0385467602939403,3,0.4883333333333333,0,1,1
63,71325.0,729620.0,628.5362493286378,90,0,1,10,20071.0,97,175550.4627695592,14714.809166336116,1,6,1.0,0.6,0.20510627733328568,0.20630647271414113,0.11433179772557313,3,0.41500000000000004,0,1,1
60,122880.0,1087538.0,589.2444168552703,0,4,5,5,29742.0,37,433525.7787793999,27257.17002385398,4,5,0.8,1.0,0.29400348495781786,0.22181941751183254,0.06860491683733126,0,0.24555555555555555,0,1,0
45,82494.0,229980.0,657.2322260490076,180,6,1,9,2472.0,52,189994.4728531581,6974.7978558180885,0,1,0.0,0.1111111111111111,0.19192756731111565,0.08454915334228051,0.013010904806217947,6,0.9044444444444445,0,0,0
25,39878.0,236031.0,614.1825079779846,5,3,3,4,27761.0,95,102700.97148733122,6478.2410363832505,2,0,0.6666666666666666,0.0,0.2146149328103449,0.16245150299371208,0.2703090301674944,0,0.45972222222222225,0,1,0
21,78293.0,362438.0,712.7284854382797,15,3,1,7,5147.0,136,128701.764978477,15816.778910088737,0,0,0.0,0.0,0.1369873051427299,0.20202034549817655,0.03999168155044914,0,0.5791666666666667,1,0,1
31,89448.0,332959.0,711.6415145048959,45,3,4,11,4152.0,19,217452.67341444685,6046.085787705542,0,7,0.0,0.6363636363636364,0.2025876052887775,0.06759330323434333,0.019093809861268667,1,0.41608585858585856,0,0,1
42,18386.0,930136.0,647.5782256832531,15,0,3,7,25023.0,62,630263.1815350519,36787.75467549592,2,7,0.6666666666666666,1.0,2.8566263349607124,2.0008568843411245,0.03970246197636781,0,0.21694444444444444,0,1,1
57,162618.0,973807.0,818.9468509648648,60,4,1,9,6121.0,102,497611.9348551579,37254.52652893202,1,2,1.0,0.2222222222222222,0.25500043806915484,0.2290922685614878,0.012300749984587219,2,0.5277777777777778,0,0,0
43,103518.0,858956.0,628.5186876532074,0,2,5,8,19425.0,165,314712.08293544623,39930.97416296842,2,6,0.4,0.75,0.25334731072168304,0.3857394285338629,0.06172308294875497,0,0.3816666666666667,0,0,0
22,23881.0,469653.0,671.6398252471278,45,3,6,1,3204.0,169,176757.5914024182,8861.008792620227,6,1,1.0,1.0,0.6167999364990935,0.3710484817478425,0.018126519911133877,1,0.3875,0,1,1
31,158614.0,886173.0,724.7413866122872,30,0,0,1,2599.0,156,256245.39805335272,25082.404541212883,0,1,0.0,1.0,0.13462735427586925,0.15813487170875765,0.010142621173859534,1,0.4083333333333333,1,0,0
68,156536.0,223177.0,742.443842563888,60,6,3,7,6040.0,90,94167.75247558964,9570.753033086576,0,6,0.0,0.8571428571428571,0.050131041462022394,0.06114090709540665,0.064140853330504,2,0.680952380952381,0,0,0
69,19951.0,735611.0,769.4303565080239,45,2,5,4,15620.0,17,203168.4924471754,31975.15958063019,5,1,1.0,0.25,0.8486144906987761,1.6026845561941852,0.07688199982121371,1,0.26694444444444443,0,1,1
39,44434.0,274705.0,709.9947535295267,90,0,5,5,8707.0,173,173666.3240219762,9061.153148692381,4,3,0.8,0.6,0.32570089725205964,0.2039238679545479,0.05013637531072629,3,0.44499999999999995,0,1,1
60,76934.0,161285.0,753.5638890551597,5,5,1,5,6700.0,111,132417.7786956976,5398.334322061271,1,3,1.0,0.6,0.1434322262108838,0.07016838227651326,0.05059743537457248,0,0.4163888888888889,1,1,0
56,100174.0,290144.0,633.4424279580443,180,6,0,9,25128.0,163,98849.10005211983,15551.246157128398,0,4,0.0,0.4444444444444444,0.08223116781144128,0.15524233989985822,0.25420565272471723,6,0.9555555555555556,0,0,0
66,135573.0,211146.0,744.2657372245268,30,3,3,11,5220.0,165,70028.97102288573,5922.459382089707,2,8,0.6666666666666666,0.7272727272727273,0.04304505753535348,0.04368465241670323,0.07454057833141779,1,0.4356060606060606,1,0,1
64,86742.0,742796.0,743.331040510948,30,0,4,11,2855.0,142,611777.5615058736,15602.123856278975,0,8,0.0,0.7272727272727273,0.5877367764038505,0.17986815909569728,0.004666728856436801,1,0.4356060606060606,0,0,1
51,117098.0,841442.0,785.9020672327475,45,6,2,0,3308.0,75,484691.50653961644,44692.08331401785,1,0,0.5,0.0,0.34493295255513645,0.38166393374795343,0.006824959701928714,1,0.6291666666666667,1,0,0
40,19640.0,930708.0,563.209480544002,5,1,2,8,26463.0,109,649011.9371789536,44100.97103193244,2,7,1.0,0.875,2.7537845263872773,2.2454669568193704,0.04077428855165001,0,0.2555555555555556,1,1,1
51,124683.0,687587.0,616.4971819079253,120,1,3,8,14271.0,124,561655.9975895975,16833.860512018866,1,4,0.3333333333333333,0.5,0.37538931903948247,0.13501327776857203,0.025408791255226357,4,0.6166666666666667,0,0,0
36,166294.0,305783.0,737.6198678557112,15,4,3,10,29157.0,158,198370.48422884563,15072.128868471233,0,7,0.0,0.7,0.09940751732315739,0.09063543404134385,0.14698255193229093,0,0.5425000000000001,1,0,0
38,103245.0,80290.0,494.4044864083022,180,2,3,5,24217.0,40,56752.516196704906,2014.6412269057603,1,1,0.3333333333333333,0.2,0.04580731609012939,0.019513208648416488,0.4267123578461893,6,0.6855555555555555,0,0,0
50,91697.0,1083120.0,714.4404321651845,5,0,4,6,8452.0,99,476800.50275251543,52095.79636684414,0,3,0.0,0.5,0.43331161574943877,0.5681297792386244,0.01772649137575896,0,0.4097222222222222,1,0,0
48,66133.0,1474986.0,754.1863097451957,120,4,6,5,23718.0,107,1259086.683399079,59209.638836639104,2,4,0.3333333333333333,0.8,1.5865587570994295,0.8953115515195001,0.018837463943284647,4,0.6866666666666666,0,0,0
49,172591.0,457468.0,639.6537326714692,30,1,5,4,13687.0,37,310128.98083532584,15692.620331485326,3,3,0.6,0.75,0.14974176947973622,0.09092374649596634,0.0441332505047879,1,0.2588888888888889,1,1,0
39,23378.0,346820.0,649.8866999921662,60,6,0,2,16802.0,72,70671.84194857832,18077.269824501374,0,1,0.0,0.5,0.25191719404489377,0.7732598949654108,0.23774673953206618,2,0.6766666666666667,0,0,0
41,64452.0,501759.0,604.8103856932067,120,1,2,7,15879.0,166,299255.30692768045,23770.690730558563,0,4,0.0,0.5714285714285714,0.38692270595130285,0.3688123057555788,0.05306171564014201,4,0.6595238095238095,0,0,1
21,40470.0,360863.0,643.4917016188018,5,6,0,0,22749.0,2,79748.02954970933,7288.351092471312,0,0,0.0,0.0,0.1642122344734975,0.18009268822513744,0.285260966677802,0,0.4641666666666666,0,1,0
50,158336.0,374073.0,645.520204862677,30,5,6,8,6170.0,90,202593.92845270512,16168.466859673501,3,2,0.5,0.25,0.10662658757994872,0.10211491296782475,0.030455009422655853,1,0.575,1,1,0
49,96182.0,767076.0,632.2011107874135,180,1,4,10,1783.0,109,165968.8463022935,35730.45997963829,2,4,0.5,0.4,0.14379756286891301,0.37148801209829585,0.010742980021397914,6,0.7183333333333333,0,1,1
66,167427.0,1188548.0,628.3625275550852,5,4,1,2,21947.0,163,737411.8018147689,43554.466219876784,1,1,1.0,0.5,0.36703150318983246,0.2601400384637889,0.029762203352303934,0,0.39305555555555555,0,0,1
45,125755.0,1082827.0,661.0296650578125,0,6,5,2,28616.0,51,533047.9797918272,28199.776752790756,0,0,0.0,0.0,0.3532317997904836,0.22424378158157335,0.05368372282580546,0,0.5633333333333334,1,0,0
43,108206.0,1441730.0,660.1826979040715,45,0,3,6,17399.0,70,814302.5970618721,35147.81887275438,2,0,0.6666666666666666,0.0,0.627123724702475,0.32482319716794245,0.021366749980631577,1,0.3930555555555556,0,0,1
24,101830.0,568167.0,811.1892329902739,0,5,0,10,3524.0,14,361759.2686909051,30661.608748783605,0,6,0.0,0.6,0.29604837203419515,0.3011058504250575,0.009741284619333363,0,0.3877777777777778,1,0,1
30,50833.0,764124.0,652.4070399818092,180,3,1,1,3365.0,60,258091.32501885088,24812.43478229478,1,1,1.0,1.0,0.42310330726570483,0.488116671892172,0.013038020552431284,6,0.5833333333333333,0,0,0
37,109051.0,601448.0,704.0905151334301,180,6,5,5,16340.0,179,234348.69238022328,21503.570529648976,0,5,0.0,1.0,0.1790818763546592,0.1971882012053899,0.06972515969275762,6,0.9,0,0,0
39,129010.0,110944.0,639.6181923466589,5,1,2,2,26879.0,137,56753.51599582513,4318.675959752433,0,1,0.0,0.5,0.03665963620121511,0.03347551321411079,0.47360942363425124,0,0.4430555555555556,0,0,0
38,174385.0,613317.0,638.728295691098,5,5,3,10,18414.0,77,352493.8855655389,11668.513014068058,2,1,0.6666666666666666,0.1,0.168446199293488,0.0669123663965826,0.05223920400904741,0,0.48750000000000004,0,1,0
40,106934.0,427825.0,560.6940623587165,120,6,6,10,9065.0,114,360542.9591496097,7808.58310465858,6,6,1.0,0.6,0.28097000575869985,0.0730224540806346,0.025142634934214363,4,0.6733333333333333,0,1,0
58,170091.0,744148.0,570.0043626532234,45,2,2,1,18624.0,173,308023.17736681126,17059.94735160697,2,0,1.0,0.0,0.15091097185565924,0.10029894204635736,0.060462982556086994,1,0.4541666666666667,0,0,0
27,171013.0,279172.0,595.51012042429,120,0,0,1,4687.0,79,165771.69975558767,4917.10185016717,0,0,0.0,0.0,0.08077928761536046,0.028752795694872144,0.028273824826013556,4,0.6588888888888889,0,0,0
37,102653.0,1125397.0,692.858778433205,180,2,0,1,14375.0,53,947481.7420125122,57326.47568059175,0,1,0.0,1.0,0.7691622440101703,0.5584491021265015,0.015171796312894194,6,0.6844444444444444,1,0,0
28,89162.0,1272005.0,755.3321558699209,30,4,6,9,29455.0,158,875610.1072977632,26611.579501406937,5,7,0.8333333333333334,0.7777777777777778,0.8183700336632228,0.29846324108260175,0.03363940154928274,1,0.43888888888888883,1,0,0
36,41117.0,1443176.0,554.9334831173137,15,4,4,10,18882.0,153,571867.7040394788,34726.80764996701,4,0,1.0,0.0,1.159025269433322,0.8445851509100132,0.03301812616208955,0,0.4625,0,1,0
54,61499.0,173038.0,641.5646239055828,60,3,2,4,3087.0,92,79775.64177664809,6314.574399285041,1,3,0.5,0.75,0.10809883328272016,0.1026776760481478,0.03869602213471163,2,0.5166666666666667,1,1,1
23,160413.0,220568.0,584.3176503454756,60,6,0,1,6042.0,2,178458.9429801852,11215.478947975012,0,1,0.0,1.0,0.09270806344674123,0.06991627204762091,0.0338565268800839,2,0.47111111111111104,0,0,1
37,40402.0,1451390.0,661.5006034106515,30,4,4,7,1790.0,2,694148.9400376527,24617.38670619994,0,5,0.0,0.7142857142857143,1.4317544924295265,0.6093110911885535,0.0025786973036404912,1,0.3746825396825397,1,0,1
22,82323.0,1279916.0,755.3038645595005,15,4,0,10,12059.0,21,433933.5105544197,30255.906556776703,0,6,0.0,0.6,0.43925908773410804,0.3675267732805741,0.027789971750724417,0,0.39916666666666667,1,0,1
67,131178.0,903344.0,648.7182318874417,15,6,0,10,7126.0,124,489886.1126257866,39470.72774772659,0,5,0.0,0.5,0.3112095223194099,0.30089441634821834,0.014546238026231612,0,0.6291666666666668,0,0,1
56,56980.0,516225.0,676.6738119460213,45,6,4,5,29388.0,31,149446.43942934778,18463.918936157148,2,2,0.5,0.4,0.21856563623105738,0.32404210137165934,0.19664570204694273,1,0.4913888888888889,1,1,0
32,175805.0,800722.0,781.865987747462,30,2,4,9,9577.0,11,469650.6082749213,31052.587101816396,1,6,0.25,0.6666666666666666,0.22261909894244633,0.17663085294397995,0.020391754702878767,1,0.29527777777777775,1,0,1
30,123216.0,826695.0,712.0530651355537,45,2,3,11,1046.0,122,738756.3622048091,12961.050032059891,1,2,0.3333333333333333,0.18181818181818182,0.4996350326559383,0.10518966718656579,0.0014158930515037814,1,0.5359848484848485,1,1,0
25,22591.0,1278658.0,626.7935700928239,0,5,6,9,13014.0,86,1121331.7718650312,63513.76782219311,0,5,0.0,0.5555555555555556,4.136351393124959,2.8114633182326196,0.011605842558402444,0,0.5522222222222222,0,0,0
44,58041.0,817626.0,691.1240700085008,120,3,1,5,22119.0,95,499037.6983877566,31192.12868581705,0,4,0.0,0.8,0.7165016947613994,0.5374154250584423,0.04432330477529044,4,0.7033333333333334,0,0,0
57,137952.0,89944.0,622.0715692018397,90,3,3,3,20555.0,34,73278.24110936854,4351.015233649821,3,0,1.0,0.0,0.044265542307812704,0.031540066353875414,0.2805061869501132,3,0.4505555555555556,1,1,1
49,157837.0,1064405.0,709.43374089152,180,4,2,4,29307.0,38,810400.2850908763,56998.669634629994,0,0,0.0,0.0,0.42786771853815236,0.36112362522494723,0.03616361018026244,6,0.8177777777777777,0,1,0
64,168162.0,1176871.0,716.0738107850932,120,4,2,4,10971.0,43,1015641.7271615578,52119.45019713822,1,0,0.5,0.0,0.5033052092434467,0.3099359557875038,0.010802037476995908,4,0.6372222222222221,1,1,0
37,155889.0,482205.0,584.2988209651083,60,6,1,11,15686.0,115,388089.2559292057,7831.211490044277,0,6,0.0,0.5454545454545454,0.2074602526633297,0.05023581837104784,0.04041853712863776,2,0.712121212121212,0,0,1
34,30114.0,219075.0,692.2604592170042,15,2,5,8,16780.0,176,180709.3340779363,9521.257708821693,2,3,0.4,0.375,0.5000701060357761,0.3161737965338943,0.09285629923666877,0,0.44833333333333336,1,0,1
44,136209.0,256202.0,671.7698719402856,60,5,4,10,723.0,164,82538.18666163077,9617.52254845446,1,7,0.25,0.7,0.050497266860505284,0.0706085688056917,0.0087595818280328,2,0.6258333333333334,0,1,1
30,35847.0,1269128.0,718.1274178020478,60,1,4,9,174.0,20,340778.6948883672,24293.1198991398,1,8,0.25,0.8888888888888888,0.7922064489087121,0.6776890646118169,0.0005105953001463287,2,0.3180555555555556,1,0,0
68,30401.0,698937.0,738.1942935713394,180,6,0,5,23879.0,122,127890.69707825812,18044.51420433331,0,5,0.0,1.0,0.3505660369676933,0.5935500215234141,0.1867141281229244,6,0.9,1,0,0
30,130097.0,817305.0,713.4214722887224,15,0,0,9,11546.0,136,526736.2593024113,17779.357374816103,0,3,0.0,0.3333333333333333,0.3373996961897734,0.13666231638559,0.021919888361760145,0,0.4458333333333333,1,0,1
44,95462.0,1442898.0,658.7764652634173,0,5,5,7,20648.0,7,1226649.9154535024,75021.54158417774,2,0,0.4,0.0,1.0708012223480743,0.7858785860779969,0.016832838562880648,0,0.37222222222222223,1,1,0
46,122970.0,138637.0,745.3331014604801,5,0,4,8,28349.0,114,124133.83520751349,6489.782777597612,3,6,0.75,0.75,0.0841220319369992,0.05277533363907955,0.22837447946894748,0,0.27222222222222225,0,0,0
23,155940.0,348612.0,618.8856056582824,5,6,0,3,7337.0,80,275144.43147226895,15002.223199456186,0,0,0.0,0.0,0.14703541504866666,0.09620509939371673,0.026665994876728865,0,0.6375,0,0,0
43,29150.0,1258205.0,587.563460464135,60,6,4,2,23245.0,35,972916.9019054234,57289.62879612634,2,1,0.5,0.5,2.781351920827397,1.965338895235895,0.023892071310998388,2,0.5194444444444445,1,1,0
43,103459.0,833205.0,456.329932080744,5,5,6,2,6411.0,142,449232.55432284443,32536.523965957254,5,0,0.8333333333333334,0.0,0.36184426868199354,0.3144871298384602,0.014271004935658973,0,0.5013888888888889,0,0,1
33,153176.0,89605.0,675.0901333783992,5,5,5,3,22224.0,168,43814.03167034785,4409.52150388341,5,1,1.0,0.3333333333333333,0.023836431985835387,0.028787287198277865,0.5072347636759619,0,0.44305555555555554,0,1,0
27,89327.0,1069185.0,622.4917492354596,30,3,1,11,4797.0,107,673840.3412579262,25814.751129091772,0,1,0.0,0.09090909090909091,0.6286269747276171,0.28899158293787736,0.007118897023952221,1,0.5992424242424242,0,0,0
23,102794.0,250637.0,707.8428133252745,120,1,2,11,9135.0,36,41864.05087647298,6270.983539601939,2,0,1.0,0.0,0.03393846826052832,0.06100534602799715,0.21820630848539657,4,0.44666666666666666,1,1,0
21,98652.0,1184109.0,542.0140824168943,30,6,5,1,14109.0,77,883040.6283327895,45789.478712189346,0,0,0.0,0.0,0.7459222218275601,0.46415155001611064,0.015977747282860888,1,0.6794444444444444,0,0,0
44,164965.0,1206845.0,634.697501437035,15,3,2,6,14645.0,92,776137.412589184,57210.98922922181,1,3,0.5,0.5,0.3920717589535073,0.3468068331417077,0.01886908137973207,0,0.4541666666666667,1,0,1
25,26082.0,1245390.0,712.918893410514,15,5,5,11,911.0,162,345641.5220824696,60316.15338922184,2,3,0.4,0.2727272727272727,1.104342465054027,2.3125585993873874,0.0026356787069773307,0,0.5585606060606061,1,0,1
68,160234.0,724063.0,607.9114697555714,120,4,6,9,25335.0,142,453822.8801226623,39135.69582019362,0,3,0.0,0.3333333333333333,0.2360209028268357,0.24424089656498385,0.055825744160700505,4,0.7833333333333333,1,0,0
32,150254.0,438344.0,708.6479724029003,30,4,2,7,181.0,120,262831.97794039175,19940.880042691882,2,0,1.0,0.0,0.14577092675313788,0.1327144704479873,0.0006886528854607235,1,0.4916666666666667,1,1,1
52,149626.0,1328013.0,641.0084183452371,30,2,4,7,26404.0,137,984057.5814684808,32283.621599163198,3,1,0.75,0.14285714285714285,0.5480651655174016,0.21576211085749267,0.026831763198854757,1,0.44821428571428573,0,0,0
54,84790.0,860211.0,677.7034183154002,90,2,3,3,6185.0,124,669337.1686735292,20839.490614662016,2,2,0.6666666666666666,0.6666666666666666,0.6578381576773294,0.2457776932971107,0.009240484899796068,3,0.525,0,0,1
45,101575.0,971372.0,721.6610604491799,30,3,3,11,21316.0,57,330329.22617359454,31883.87721454774,2,9,0.6666666666666666,0.8181818181818182,0.27100601047960826,0.31389492704452615,0.06452956114999651,1,0.3531818181818182,1,1,1
64,77775.0,247953.0,746.6957916180719,30,4,0,0,21345.0,24,188657.07246796635,10167.568361058547,0,0,0.0,0.0,0.2021397969227112,0.13073054787603405,0.11314179596221786,1,0.495,1,0,1
26,58777.0,954116.0,686.4744687924425,90,5,6,10,13696.0,151,273422.8069942124,33889.895664587486,5,8,0.8333333333333334,0.8,0.38765561216435623,0.5765843044828332,0.05009092017803002,3,0.5866666666666668,1,1,0
32,159820.0,891134.0,623.0192793584879,15,1,3,10,16120.0,99,397142.4068056266,15772.10810107002,3,10,1.0,1.0,0.20707796625663588,0.09868669816712564,0.04058997408425742,0,0.2625,0,1,0
33,99968.0,473740.0,647.9372796334245,45,1,1,3,2194.0,173,246100.8314912786,16237.927672643224,0,2,0.0,0.6666666666666666,0.20514967413845647,0.16243125472794517,0.00891504505167733,1,0.5041666666666667,1,0,1
27,135182.0,1161937.0,724.5868754160871,60,0,4,6,27026.0,122,875750.1177309619,55405.742682083706,2,0,0.5,0.0,0.5398586829428486,0.409860356275863,0.03086040121812764,2,0.4916666666666667,1,0,0
35,34331.0,243836.0,608.5122491562175,5,3,2,10,3580.0,85,201362.35436457052,6001.436104535198,1,8,0.5,0.8,0.4887767963953145,0.17481099019938826,0.017778894229247732,0,0.39361111111111113,1,0,1
36,145806.0,1093101.0,667.5353382351856,5,4,5,5,19748.0,116,178079.7892105087,44162.706810118434,5,1,1.0,0.2,0.10177895583315541,0.302886759187677,0.1108941114965934,0,0.4230555555555556,1,0,1
58,124733.0,1443699.0,652.9881131146967,120,1,5,3,8.0,117,1014824.2106034209,37231.23710183871,0,3,0.0,1.0,0.6779976767732014,0.2984874660421758,7.883138691816536e-06,4,0.6166666666666667,0,0,1
35,179612.0,872522.0,672.7646751676725,15,4,2,0,22375.0,176,705120.6646505053,32481.167604338785,2,0,1.0,0.0,0.3271499420280499,0.18084074340433148,0.0317321575181607,0,0.4625,1,0,1
63,39704.0,201956.0,609.3502229525436,30,0,4,5,10775.0,65,174839.16478986508,8692.01572561022,1,3,0.25,0.6,0.3669637920399815,0.2189204041308236,0.06162806836185822,1,0.3552777777777778,0,0,1
58,105486.0,852297.0,550.3638953451522,60,6,0,3,14448.0,68,299085.4156067552,19849.051147424747,0,3,0.0,1.0,0.2362757582418166,0.18816763501720368,0.04830727025150763,2,0.6177777777777778,1,0,0
65,100810.0,817065.0,716.451983117175,0,4,6,10,701.0,63,228549.65893729418,36426.298044365394,5,10,0.8333333333333334,1.0,0.18892773446524336,0.3613361575673583,0.0030671671235892295,0,0.29833333333333334,0,1,1
26,105220.0,850670.0,747.4891996442054,0,4,3,10,6567.0,19,445928.567369888,35779.80933101354,0,7,0.0,0.7,0.3531715828501299,0.34004760816397583,0.01472657389665017,0,0.35555555555555557,1,0,0
69,26809.0,445224.0,554.547752975129,30,4,4,3,13050.0,84,367644.82286752947,12248.289611917991,4,3,1.0,1.0,1.1427904275539604,0.45687230452154093,0.035496215880897096,1,0.3783333333333333,1,1,1
51,94645.0,957825.0,705.8248312648351,180,2,4,2,21530.0,80,370400.67191600637,48656.540454309004,2,1,0.5,0.5,0.32613157229295997,0.5140952026447145,0.058126244449368154,6,0.7194444444444444,0,0,0
69,66521.0,433003.0,755.8228040391624,60,6,2,3,17926.0,35,228970.05007540248,20013.643725951133,2,3,1.0,1.0,0.28683930647890954,0.3008620394454553,0.07828971515749227,2,0.39444444444444443,1,1,0
38,118011.0,858905.0,721.7137732733627,60,5,4,4,7816.0,146,770151.106560509,30787.71712740877,1,0,0.25,0.0,0.543841327334252,0.2608885368940927,0.0101486577548479,2,0.6958333333333333,1,0,0
67,55597.0,912150.0,650.8330874926753,60,1,2,8,17876.0,124,448799.8847917003,16699.080038903303,2,3,1.0,0.375,0.6726979944836656,0.30035937260829365,0.03983066976119372,2,0.4125,0,0,1
49,88478.0,986516.0,613.955254117447,120,6,4,1,6691.0,43,612811.8507994022,32184.947112612463,4,1,1.0,1.0,0.5771791206094568,0.363762145534624,0.010918522530645758,4,0.528888888888889,1,1,1
24,118445.0,1207004.0,685.6684655544992,120,5,0,11,16658.0,29,1082316.598715167,34030.29622021096,0,11,0.0,1.0,0.7614762116841621,0.2873088456263326,0.015391060268109111,4,0.6144444444444445,1,0,0
41,28375.0,1329676.0,697.3449541192816,0,2,1,8,16212.0,111,565702.5662968355,33903.83451940294,0,7,0.0,0.875,1.6613878599026006,1.1948487936353458,0.028658169444282202,0,0.42916666666666664,1,0,0
27,145459.0,1176910.0,686.7065257809129,45,6,6,1,6785.0,0,417447.0282750565,47950.776401614574,2,0,0.3333333333333333,0.0,0.23915503582627895,0.3296514921841521,0.016253559231302884,1,0.48749999999999993,0,0,1
67,133949.0,1204010.0,667.3905758917704,45,1,5,3,6010.0,27,435917.4326417915,62451.042961604544,2,2,0.4,0.6666666666666666,0.2711961471914631,0.466230005163193,0.013787014581127398,1,0.30416666666666664,1,0,1
35,27283.0,1309762.0,604.214379311407,15,4,0,8,15575.0,79,802569.7163372822,27324.478088713724,0,0,0.0,0.0,2.451373004976488,1.00152029061004,0.019406413776837005,0,0.5880555555555556,1,0,0
31,28487.0,401590.0,709.5881803916196,180,4,1,6,17608.0,178,109243.66826475419,17937.214031356958,0,0,0.0,0.0,0.3195717001461315,0.6296631456930164,0.16118096618036173,6,0.9333333333333333,1,0,1
48,155745.0,474708.0,712.9598146089467,15,6,3,6,29395.0,13,129780.44967262616,18925.94109395452,3,4,1.0,0.6666666666666666,0.06944067207755528,0.12151877167135074,0.22649790530198877,0,0.2913888888888889,1,0,0
41,63899.0,822929.0,694.057548782317,120,3,0,0,14864.0,95,283992.7998608507,34300.74255735854,0,0,0.0,0.0,0.3703667765547331,0.536796234015533,0.05233935510788649,4,0.7833333333333333,0,0,0
25,157444.0,725339.0,687.769555154988,0,6,2,4,13338.0,101,403072.0007844627,35401.92711223624,0,1,0.0,0.25,0.21334146362328973,0.2248540885155118,0.033090862114067594,0,0.625,0,0,1
61,98878.0,1068081.0,797.5474641422273,60,1,2,7,14273.0,45,836448.2605219627,32061.820398558415,0,4,0.0,0.5714285714285714,0.7049497533340435,0.32425636034869654,0.01706381694319422,2,0.4428571428571429,0,0,1
62,73447.0,63535.0,636.2934850798623,90,5,0,8,26234.0,93,34750.66253842775,2425.9044393413983,0,1,0.0,0.125,0.03942827542131032,0.0330293196364916,0.7549208585876626,3,0.7791666666666668,1,0,0
57,62316.0,251525.0,769.7004568219659,45,1,2,5,9209.0,114,185369.16856795287,6557.997322379786,0,4,0.0,0.8,0.24788867568515427,0.10523777717407706,0.0496792431618646,1,0.49083333333333334,0,0,1
51,124758.0,1132943.0,628.6182871544713,0,6,2,6,11442.0,24,983584.6587038024,29873.967733919235,1,0,0.5,0.0,0.6569950482158808,0.23945532738517158,0.01163295899214066,0,0.42833333333333334,0,0,1
40,35775.0,1241851.0,757.62654010695,5,5,0,2,11066.0,171,875506.3666770887,44124.57860218072,0,1,0.0,0.5,2.0393812408038405,1.2333914354208448,0.012639542579227697,0,0.576388888888889,1,0,0
47,83223.0,488397.0,766.335728505638,60,4,4,9,18691.0,44,308711.5446443241,7468.569851436083,3,6,0.75,0.6666666666666666,0.3091208206108128,0.08974165617000207,0.060545192832145184,2,0.4186111111111111,1,1,0
46,74028.0,500861.0,659.4864157618682,120,0,1,8,20981.0,66,78207.34408745369,12483.765940204978,0,7,0.0,0.875,0.0880380217479126,0.1686357316178335,0.26827403800515776,4,0.5425,0,0,0
29,42978.0,864165.0,796.2674137842583,60,3,0,8,14455.0,4,420250.80511193007,18203.766258933323,0,2,0.0,0.25,0.8148564480895847,0.42356010654133097,0.03439612684656259,2,0.45055555555555554,1,0,0
25,75157.0,741820.0,712.8325120722262,0,1,0,8,7917.0,106,260406.3527023568,14684.117049910017,0,3,0.0,0.375,0.2887359712583401,0.19537923347006955,0.030402484109322375,0,0.4458333333333333,1,0,0
33,103643.0,295485.0,618.5909291201602,120,6,6,11,20658.0,106,157882.68797852503,8978.355249344451,4,6,0.6666666666666666,0.5454545454545454,0.12694432489292173,0.08662770519325426,0.13084398463503402,4,0.7287878787878788,0,1,0
43,127765.0,775667.0,653.8090383927554,45,2,0,10,8262.0,20,669643.6763368201,14873.005457159194,0,3,0.0,0.3,0.4367678135227567,0.11640907492004221,0.012337904906675091,1,0.4186111111111111,1,0,1
28,31990.0,1238129.0,759.2933614274656,0,5,6,9,26921.0,52,483285.8049941917,26213.136354556733,2,7,0.3333333333333333,0.7777777777777778,1.2589502057783466,0.8194165787607607,0.05570409832402081,0,0.40444444444444444,1,0,1
26,159328.0,1107838.0,744.6145291313654,30,6,1,4,18724.0,138,299766.0701412778,46250.71489403341,1,3,1.0,0.75,0.15678666552712947,0.290286170001716,0.062462039119956105,1,0.4833333333333334,1,1,1
62,160312.0,1235044.0,605.9371719034497,5,0,0,0,13227.0,128,950270.2047948996,50703.10727595501,0,0,0.0,0.0,0.4939691584716571,0.3162776790006675,0.013919198911276855,0,0.45972222222222225,1,0,1
39,130100.0,983538.0,670.2519881466652,180,5,3,0,6997.0,55,878237.7065618765,51931.52359531018,0,0,0.0,0.0,0.5625401656173946,0.39916620749661935,0.007967091309927746,6,0.8888888888888888,0,0,1
49,167734.0,1322306.0,694.2466087943558,180,2,6,9,22721.0,113,971965.3444698463,68509.90300020014,6,7,1.0,0.7777777777777778,0.48289024311799555,0.40844374426294094,0.02337634785980261,6,0.638888888888889,1,1,0
46,87327.0,412240.0,644.4676787647073,0,0,0,10,18291.0,134,104624.03641985175,20594.526755055922,0,5,0.0,0.5,0.0998393360776657,0.23583229419373072,0.1748259828802533,0,0.39999999999999997,1,0,0
57,151101.0,116608.0,845.0459806362303,60,1,2,7,26476.0,67,65652.7689988536,4971.952246924138,1,5,0.5,0.7142857142857143,0.03620799387984064,0.03290482688350268,0.4032731658349751,2,0.40246031746031746,1,0,0
57,135817.0,215357.0,696.3564620383728,0,3,5,8,21200.0,31,97748.96776782282,5526.830408389252,1,1,0.2,0.125,0.0599759037085581,0.04069321519684024,0.2168820856538871,0,0.3763888888888889,0,0,0
35,109129.0,1489065.0,675.6731466367866,45,5,0,1,23686.0,3,930776.6443562028,32947.513258723244,0,0,0.0,0.0,0.7107617623456359,0.3019134534241425,0.025447565904904147,1,0.5108333333333333,0,0,0
62,47079.0,978751.0,763.3595730980663,5,4,1,6,2764.0,171,637616.1828209457,51851.01068048529,1,2,1.0,0.3333333333333333,1.1286280911180246,1.1013617681022385,0.004334896250235514,0,0.4097222222222222,1,1,1
39,108330.0,409280.0,654.4350525612815,90,1,2,7,736.0,57,309136.41053719044,21849.478120919382,1,1,0.5,0.14285714285714285,0.23780455593802152,0.2016936963068345,0.0023808259878577327,3,0.4957142857142857,0,0,1
61,164018.0,1288441.0,750.5199327432126,0,2,5,1,19752.0,145,425269.1339862434,45323.98029883442,2,1,0.4,1.0,0.2160683248110184,0.2763354040339135,0.04644588196386465,0,0.3566666666666667,1,1,1
40,177506.0,498678.0,563.258732309191,180,2,5,9,5.0,58,435599.6705689223,18419.443447671285,1,2,0.2,0.2222222222222222,0.2044999749158349,0.10376800473038256,1.147842925011781e-05,6,0.7433333333333334,1,0,1
26,90586.0,916054.0,648.2442167628103,15,5,4,4,26727.0,128,284908.21979134635,13937.683920930478,2,4,0.5,1.0,0.26209736216720975,0.15386134635518156,0.0938091572772931,0,0.4708333333333334,1,0,1
58,58160.0,411536.0,753.4349292864073,15,3,4,2,26488.0,59,100033.49948937814,8618.972878744144,1,1,0.25,0.5,0.14333089679243774,0.14819416916685255,0.26479129626783254,0,0.4227777777777778,1,1,1
22,139096.0,187589.0,789.913840441277,120,0,0,8,17551.0,109,144753.69581877592,6910.735978481198,0,6,0.0,0.75,0.08672289630829062,0.04968321144016505,0.12124733604019988,4,0.6083333333333334,0,0,0
58,30303.0,437922.0,625.8693000895805,180,0,1,5,21879.0,171,217838.55439094274,9753.278189808341,1,0,1.0,0.0,0.5990566236317162,0.32185850212217737,0.10043676639872928,6,0.65,1,0,1
23,42477.0,380850.0,617.7124854646946,0,0,6,6,12657.0,135,197155.64894708266,13005.712794333189,2,5,0.3333333333333333,0.8333333333333334,0.3867890249371869,0.3061824703800454,0.06419800836341842,0,0.3166666666666667,1,0,0
31,109034.0,851358.0,719.7212501259321,0,6,5,6,28743.0,29,331222.1901552641,39840.687142845934,0,3,0.0,0.5,0.25314901021337693,0.3653969141996619,0.08677860618736444,0,0.4644444444444445,0,0,0
50,178412.0,80004.0,636.3876273557601,120,3,1,7,1079.0,94,14785.533157406659,3762.677601843393,1,6,1.0,0.8571428571428571,0.006906081222772132,0.021089823564801654,0.07297673939201078,4,0.5476190476190477,1,1,1
67,71263.0,397725.0,661.1995457571225,180,3,4,4,8774.0,48,117408.74343884888,19673.99708712255,4,0,1.0,0.0,0.13729511742752068,0.2760759031632481,0.0747303798934689,6,0.6566666666666666,0,0,0
41,89818.0,873267.0,741.348351731601,45,5,5,9,20931.0,39,629822.6335545832,21332.588045850887,5,2,1.0,0.2222222222222222,0.5843507923008966,0.23750905214824297,0.03323316579124816,1,0.4186111111111111,1,1,1
26,70218.0,620968.0,641.9128472870192,5,1,5,10,23639.0,149,197657.05347129508,20042.2955787606,2,9,0.4,0.9,0.23457548096795583,0.28542959894557807,0.1195960355820694,0,0.34305555555555556,0,0,0
32,89361.0,972110.0,542.420197392502,5,0,6,5,7267.0,176,869551.8484819256,38956.158019711875,2,3,0.3333333333333333,0.6,0.8108979760763696,0.4359413840457456,0.008357178485316108,0,0.34972222222222227,0,0,0
64,19147.0,1000629.0,588.9240895075883,15,1,3,2,24045.0,166,740135.3300208406,38267.49800698531,0,1,0.0,0.5,3.221285014279176,1.9986158670802376,0.03248730201721751,0,0.46249999999999997,1,1,1
56,114345.0,1449794.0,680.6968910004197,90,1,0,3,13823.0,151,1140179.7784006444,79684.92213435429,0,2,0.0,0.6666666666666666,0.8309500330874724,0.6968815613656416,0.012123526712068013,3,0.5916666666666667,0,0,0
25,114590.0,1262237.0,549.5603796068981,0,5,5,9,25719.0,84,1016050.9488122623,32882.86003801193,2,3,0.4,0.3333333333333333,0.7389031538617843,0.28696099169222383,0.025312707035080137,0,0.51,1,0,1
39,69121.0,380923.0,659.1987707891875,60,5,0,3,8010.0,94,262523.8859130736,6800.8384987128,0,3,0.0,1.0,0.31650280656755736,0.09839033721608195,0.030511509351390048,2,0.6333333333333333,0,0,0
33,60773.0,1054475.0,582.5532438629206,120,4,4,9,20760.0,97,526854.8340184203,32176.756773878675,0,5,0.0,0.5555555555555556,0.722435448332895,0.5294580944478415,0.039403643393873033,4,0.7611111111111111,0,0,0
29,141379.0,959494.0,794.7957304805918,5,6,5,7,6227.0,132,803824.9708385627,34273.64678047878,5,0,1.0,0.0,0.47380031147869833,0.24242388742655405,0.007746711318888112,0,0.5097222222222222,1,0,1
62,48433.0,911768.0,831.5599816335971,180,3,0,5,4149.0,9,428435.29854018684,27799.413093998908,0,1,0.0,0.2,0.73716147141444,0.5739766913880806,0.009684076018332153,6,0.7,1,0,0
51,25624.0,1208522.0,605.9262028360552,180,1,5,1,21160.0,148,268127.89873672876,33566.174815453356,1,1,0.2,1.0,0.8719946753588067,1.3099506250176927,0.07891756172966068,6,0.7033333333333333,1,1,0
29,24549.0,264206.0,697.9731076026543,15,2,5,6,20428.0,145,157818.74406586098,6681.869246917685,4,3,0.8,0.5,0.5357269952131825,0.27218498704296246,0.12943963102047612,0,0.3758333333333333,1,0,1
52,160844.0,594005.0,612.7717387602204,5,0,4,8,8800.0,179,136130.2581530236,19067.188903546947,1,6,0.25,0.75,0.07052913493458651,0.11854460784080816,0.0646439676189253,0,0.3472222222222222,1,0,1
41,77026.0,1233367.0,658.3479078561842,15,6,2,1,18134.0,107,791255.8677485315,52502.0705223915,2,0,1.0,0.0,0.8560484638829005,0.6816149160334367,0.022917997501363432,0,0.5291666666666667,0,0,0
24,34496.0,1343638.0,806.2428529569064,15,4,1,9,28246.0,82,1206781.8431962295,28155.432861525966,1,0,1.0,0.0,2.915269990714454,0.8161941344366294,0.02340605318123521,0,0.44472222222222224,1,0,1
43,160392.0,104048.0,647.331801659146,15,5,4,2,10010.0,86,68297.73014917028,5163.002944301412,2,0,0.5,0.0,0.03548479670077596,0.0321899031391928,0.14656416806439954,0,0.5619444444444445,0,1,0
30,42076.0,733628.0,659.9773776434021,180,1,1,4,15052.0,111,225894.38739183368,29818.229028390786,1,2,1.0,0.5,0.4473935802512788,0.7086754688751494,0.06663290829750003,6,0.6333333333333333,0,1,0
33,72540.0,433077.0,614.0229512940612,5,5,4,6,6258.0,54,109739.38798633235,8356.142816993379,1,4,0.25,0.6666666666666666,0.12606767299229432,0.1151935872207524,0.057026015133047864,0,0.44222222222222224,1,0,1
64,21351.0,293533.0,760.2332564365404,15,2,1,8,15541.0,139,122488.28064856776,4679.146023893043,0,0,0.0,0.0,0.47807394130082803,0.21915348339155277,0.12687744425598416,0,0.5458333333333333,1,0,0
55,128010.0,132735.0,451.57133082331814,120,3,2,2,26552.0,79,34421.35449092217,2263.7002664370034,2,2,1.0,1.0,0.022407985372836867,0.017683776786477645,0.7713816144859283,4,0.508888888888889,0,0,0
27,131286.0,830171.0,649.0041874927865,0,4,3,4,19075.0,50,479232.79441649624,15453.414013386084,0,3,0.0,0.75,0.30419135476269127,0.11770801161880234,0.03980320258179601,0,0.4194444444444445,1,1,0
62,140560.0,1017772.0,676.7879734105179,0,6,1,9,4258.0,132,750427.5518894643,41465.62216598603,0,3,0.0,0.3333333333333333,0.4449034527897127,0.2950030034574988,0.005674098704503844,0,0.6166666666666667,0,0,0
49,60613.0,820326.0,633.724586910436,15,3,5,3,22216.0,60,527964.8980108558,43177.25229004049,2,1,0.4,0.3333333333333333,0.7258686228076152,0.7123430995007752,0.042078555001857726,0,0.4191666666666667,1,0,1
63,71152.0,584138.0,740.4481855411817,180,4,4,7,12665.0,14,358017.5408452839,11876.774289919416,2,4,0.5,0.5714285714285714,0.419310702024403,0.16692115878569003,0.03537536169344602,6,0.6323015873015871,1,1,0
57,169975.0,1168396.0,764.1419098779331,120,4,0,4,545.0,93,556980.0541787802,30814.45122158986,0,3,0.0,0.75,0.2730695956164045,0.18128813779432187,0.0009784910535145755,4,0.7416666666666667,1,0,1
37,151105.0,995470.0,581.157234098434,180,2,5,0,18683.0,91,278280.5648147215,49409.18828370853,2,0,0.4,0.0,0.15346975327019927,0.3269857932147085,0.06713727928660448,6,0.8066666666666666,0,0,0
47,24019.0,1367219.0,826.5440657639563,120,6,5,6,8974.0,52,859071.1944133864,48162.93727372437,0,0,0.0,0.0,2.980526508227467,2.005201601803754,0.010446165647688679,4,0.7988888888888889,0,1,0
47,130084.0,553194.0,580.371882295254,5,6,5,4,29153.0,6,256964.6011470124,17749.39956050043,3,2,0.6,0.5,0.16461453185826877,0.13644567787353118,0.11345142432019745,0,0.33305555555555555,1,1,0
56,149663.0,396503.0,770.204147717309,30,2,4,3,29858.0,85,150312.74402640454,13453.04747363794,3,2,0.75,0.6666666666666666,0.08369511503979192,0.08988893362847157,0.19863917855664337,1,0.3847222222222222,1,1,0
33,108597.0,710824.0,690.4879388974986,45,6,4,10,20129.0,139,458100.9787903158,13537.512819595206,1,8,0.25,0.8,0.3515297988513463,0.1246582577750325,0.04394009384820272,1,0.62,0,0,0
37,121664.0,784961.0,644.740923202033,5,3,2,9,18939.0,144,340596.1757767675,18669.18601614313,1,3,0.5,0.3333333333333333,0.23329016511099387,0.15344872777603177,0.055605439364689,0,0.45138888888888895,1,0,0
32,18160.0,714043.0,651.3443149226915,180,5,1,3,9146.0,37,197252.78383278864,38187.49718658013,0,1,0.0,0.3333333333333333,0.9051614529771872,2.1028357481596984,0.04636689947936589,6,0.8155555555555555,0,0,1
35,22868.0,1256989.0,677.6541046537781,60,3,1,6,2125.0,77,644376.7816524851,51205.95135703789,0,5,0.0,0.8333333333333334,2.3481749666655194,2.239196753412537,0.0032977600380797406,2,0.5544444444444445,0,1,0
28,23684.0,116091.0,694.5892503304648,120,5,2,8,1819.0,162,42592.28523790034,3070.770547280026,2,7,1.0,0.875,0.14986307647181057,0.12965590893768056,0.042707264703922956,4,0.6125,1,0,0
22,43754.0,815263.0,615.5891954039932,15,6,2,0,13912.0,62,570779.1155480371,43110.37875520181,1,0,0.5,0.0,1.087098923428024,0.9852900021758425,0.02437370187702524,0,0.5419444444444445,1,0,1
67,178520.0,673828.0,663.6242029625126,90,2,5,1,9531.0,85,124860.56863332012,20821.157637590535,5,1,1.0,1.0,0.05828505145703568,0.11663207280747555,0.07633314587882288,3,0.4305555555555555,0,1,0
24,120765.0,355753.0,626.0529023950684,0,4,3,6,28814.0,122,280914.29506255756,7340.806103826926,0,6,0.0,1.0,0.19384361850326223,0.06078587425021261,0.10257220976804805,0,0.4833333333333334,0,0,1
64,144729.0,979543.0,594.9465331048289,0,3,2,11,8783.0,82,485862.8282643239,52515.9040845654,0,1,0.0,0.09090909090909091,0.2797543617521505,0.36285681573537715,0.018077118662022412,0,0.5231313131313132,1,0,1
21,65884.0,1211932.0,622.7881808279471,60,5,5,11,6439.0,151,196281.9286036187,50461.530837254526,4,7,0.8,0.6363636363636364,0.24826706611066254,0.7659148023382691,0.032804853945587784,2,0.5496969696969697,0,1,1
59,169885.0,841775.0,599.5017757113193,0,1,5,5,24572.0,64,210462.1424531901,37974.674716239475,5,4,1.0,0.8,0.1032375540577401,0.22353165209547327,0.11675258891496448,0,0.19555555555555554,0,1,1
37,50224.0,173179.0,650.5891561074637,15,5,6,8,25070.0,88,148774.67860175337,2753.628046416445,6,2,1.0,0.25,0.24685190115242608,0.05482693625391138,0.1685098582340647,0,0.4663888888888889,1,1,1
46,164173.0,159161.0,710.2732433827891,120,4,2,5,11297.0,92,87977.03864069,4190.043421839914,2,2,1.0,0.4,0.044656672453595704,0.02552212252830803,0.12840850492977446,4,0.6266666666666667,0,1,0
34,22988.0,661364.0,688.4497247924573,45,3,1,10,2453.0,133,480420.76296531357,34931.333098551266,0,10,0.0,1.0,1.741563580148025,1.5195464198082158,0.005105940852471247,1,0.5375,0,1,0
45,21311.0,1018681.0,818.2041343662456,30,2,0,6,2953.0,60,827253.4312985364,21617.45007421471,0,0,0.0,0.0,3.2348451945729764,1.0143799011878707,0.003569643700799993,1,0.5083333333333333,0,0,0
43,30781.0,504588.0,525.2682890396059,15,4,1,10,15628.0,49,196904.88456890307,25198.67462531781,1,8,1.0,0.8,0.5330801592132134,0.8186437940715965,0.0793682697827198,0,0.2913888888888889,1,1,1
46,146279.0,497850.0,712.8538676349932,90,2,4,4,26099.0,64,278889.47899680084,22810.848868120855,0,1,0.0,0.25,0.15887987965736758,0.15594069461864557,0.09358187370094152,3,0.6088888888888888,0,1,0
40,59714.0,1297159.0,680.4494166967047,180,0,5,11,11601.0,41,827254.0350516995,39097.281322321585,2,10,0.4,0.9090909090909091,1.1544668964448588,0.6547422936383693,0.01402350367414647,6,0.5402020202020201,1,0,1
47,91085.0,70930.0,737.0969239660377,90,6,4,8,541.0,35,55409.72328266751,3579.76058903933,4,4,1.0,0.5,0.05069415315608819,0.039301318428273925,0.009763629340650904,3,0.5027777777777778,1,1,0
61,94352.0,165614.0,730.1525643017286,30,3,6,9,11249.0,147,77021.61272515025,8596.73734439262,4,0,0.6666666666666666,0.0,0.06802683278675443,0.09111346176437829,0.14604991510813703,1,0.5083333333333333,1,0,0
42,145908.0,275613.0,668.4505774905376,30,1,4,0,90.0,62,238078.52911338734,13690.985442177043,4,0,1.0,0.0,0.13597525444880068,0.09383300053579682,0.000378026529041334,1,0.32944444444444443,1,1,1
38,74494.0,1476206.0,692.0855899399729,0,1,6,9,12704.0,48,893607.2963603796,46204.072571356075,6,1,1.0,0.1111111111111111,0.999641242203376,0.6202388456970505,0.014216535665882312,0,0.22888888888888892,1,1,0
27,19087.0,771461.0,627.915155095706,5,5,1,1,14242.0,146,621337.954420491,29689.986798698552,1,1,1.0,1.0,2.7127449504046863,1.5555082935347908,0.02292150334399452,0,0.3763888888888889,1,1,1
38,80609.0,279517.0,722.9575985548117,15,2,2,11,21927.0,141,59402.54062331972,7615.485392002704,2,9,1.0,0.8181818181818182,0.061410161627237364,0.09447438117335166,0.3691256261081886,0,0.3140151515151515,1,1,1
27,64688.0,500082.0,548.478676351411,30,1,5,2,2076.0,44,248794.17187052607,10100.71975937592,2,0,0.4,0.0,0.32050531251356007,0.15614518549616496,0.008344246910576196,1,0.3794444444444445,1,0,1
29,136402.0,1455657.0,734.3778507054523,180,3,4,9,14421.0,54,413955.51386293035,74361.47580268553,2,6,0.5,0.6666666666666666,0.25290166435910666,0.5451641163816185,0.034837076731813035,6,0.6783333333333332,0,0,1
67,139714.0,1056855.0,678.3778589034723,120,0,3,7,5313.0,147,881324.4330191478,57330.42851888292,0,4,0.0,0.5714285714285714,0.5256717490845273,0.41034132956527564,0.0060284269911810885,4,0.6261904761904762,1,0,0
25,32897.0,374355.0,645.9056573518238,5,3,6,4,13992.0,50,122129.75845240882,6492.6048073323855,4,0,0.6666666666666666,0.0,0.30937410314113956,0.19736160766429722,0.1145666721796749,0,0.37083333333333335,0,0,1
44,146469.0,398947.0,663.7226760387292,15,0,5,10,29558.0,155,273173.01405373134,16959.038036622227,5,7,1.0,0.7,0.1554214054701742,0.11578585254642434,0.10820248882338772,0,0.2591666666666667,0,1,0
61,29419.0,158685.0,668.8562635788134,0,5,2,4,22233.0,111,31285.07120428576,8405.535906858862,0,0,0.0,0.0,0.08861923474706188,0.28571793422138286,0.7106584432818643,0,0.6166666666666667,1,0,1
67,118393.0,1170554.0,770.8112632336351,0,3,4,0,25330.0,119,351907.7233288194,46022.33053678645,2,0,0.5,0.0,0.24769744504096483,0.3887250980783193,0.07197909656655042,0,0.4750000000000001,0,1,0
28,81063.0,249235.0,850.0,30,1,2,0,1158.0,96,97174.07473512705,4208.040735005386,2,0,1.0,0.0,0.09989563131466375,0.05191074516123738,0.011916758694707688,1,0.3916666666666667,0,0,0
29,66803.0,465391.0,765.3909576905268,180,3,2,10,22921.0,5,342716.25569113623,7258.49535418201,1,4,0.5,0.4,0.4275210390889833,0.10865523036663038,0.06688039922056377,6,0.596111111111111,1,0,1
39,96276.0,555140.0,640.427194987717,5,1,5,4,25979.0,148,187845.54263996403,19520.99624807211,3,0,0.6,0.0,0.16259291225224357,0.20276077369305032,0.13829979479360285,0,0.4030555555555556,1,1,0
48,68278.0,950252.0,724.0847276999696,90,2,4,9,20123.0,100,724722.3211329975,49981.164957681234,3,2,0.75,0.2222222222222222,0.8845239573666939,0.7320244435642701,0.027766496785335146,3,0.5569444444444445,1,1,0
68,146605.0,929162.0,727.1330416240239,30,0,0,0,23461.0,31,688934.6660733816,24301.882634528905,0,0,0.0,0.0,0.39160480319758395,0.16576435070106002,0.03405402740686163,1,0.37722222222222224,0,0,0
31,174615.0,1208863.0,615.2387494286945,45,4,4,0,1434.0,149,1080907.8847753515,35072.802155132296,3,0,0.75,0.0,0.5158529167861445,0.20085789969436932,0.0013266625400720736,1,0.5583333333333333,1,0,0
29,150159.0,481042.0,591.7440491945523,120,6,4,11,22162.0,52,316456.0615568271,22531.893651843566,3,11,0.75,1.0,0.17562276295839027,0.15005356756400592,0.07003183914687093,4,0.5863888888888888,0,1,0
33,89152.0,609056.0,675.5703349758248,120,3,3,1,25077.0,65,382534.80785583565,28666.114807707632,0,1,0.0,1.0,0.35756798114066957,0.3215420271862396,0.065554818764233,4,0.6277777777777778,0,0,0
63,99532.0,613511.0,736.5395321891004,120,0,2,8,6923.0,115,368813.32738124544,32359.98195167043,0,6,0.0,0.75,0.30878957469393886,0.32512138761072246,0.018771013643017396,4,0.6083333333333334,0,0,1
22,90434.0,117867.0,567.1734212679,30,0,4,4,14135.0,50,27370.409221424088,5722.074578437545,3,1,0.75,0.25,0.025221348553847823,0.06327348760905793,0.516433637716161,1,0.28194444444444444,1,0,1
39,146553.0,1119480.0,629.5371492641916,0,5,6,6,12679.0,1,598828.4414694068,43387.509931830806,6,0,1.0,0.0,0.3405073258305908,0.29605337271724774,0.021173009032250098,0,0.2688888888888889,0,1,1
26,107477.0,826396.0,720.0856196293284,180,2,0,1,2949.0,57,651705.9383769592,43427.26186452156,0,1,0.0,1.0,0.5053065139339573,0.4040609792283145,0.004525046997951769,6,0.6933333333333334,1,0,1
28,93836.0,739736.0,682.9206529289406,180,2,4,3,3847.0,122,122531.79461690129,29276.326754504484,1,0,0.25,0.0,0.1088173290074361,0.3119946156539546,0.03139593288442189,6,0.8291666666666667,1,0,1
65,84339.0,1493343.0,779.1391534419297,120,0,6,9,9022.0,76,365856.10156722664,58334.706530668394,3,1,0.5,0.1111111111111111,0.3614935968405548,0.6916694119051494,0.02465996866350524,4,0.5661111111111111,1,0,0
21,78757.0,309326.0,581.2042782146559,45,4,2,6,3276.0,128,185723.0258988698,4831.70355649673,0,3,0.0,0.5,0.19651483455319294,0.06134951250678327,0.01763916985599757,1,0.6208333333333333,1,0,0
36,107532.0,1455038.0,844.6515453414619,15,0,2,6,15059.0,12,1142585.89040524,48333.87197479298,0,2,0.0,0.3333333333333333,0.8854619170768081,0.4494836139455509,0.013179753160315184,0,0.27249999999999996,0,0,0
65,129617.0,1036539.0,572.3405289501294,5,6,1,11,1675.0,46,394401.8678480146,17328.90783343383,0,1,0.0,0.09090909090909091,0.2535687627446082,0.13369317167835879,0.004246937290483301,0,0.5528535353535354,1,0,1
50,88038.0,370482.0,537.9585396820218,30,1,1,4,410.0,42,297722.5514115472,18876.34783207057,0,2,0.0,0.5,0.281812542511517,0.21441136591097673,0.0013771210748266419,1,0.38499999999999995,0,0,1
24,148679.0,1033853.0,675.8761054351885,30,0,2,9,18877.0,11,416792.6332729089,15940.797981978316,1,4,0.5,0.4444444444444444,0.23360877756380577,0.1072162039156728,0.045291107598918745,1,0.21333333333333332,1,1,1
43,151927.0,1145759.0,600.5878750227794,15,4,5,8,7572.0,116,571841.193924944,31256.392699938002,3,8,0.6,1.0,0.3136600658676777,0.20573296846471004,0.01324143849803491,0,0.42250000000000004,1,0,1
68,87510.0,575589.0,677.2871035168585,180,2,1,5,11341.0,37,497753.82649908005,31543.811125922875,0,0,0.0,0.0,0.4739970922362016,0.3604595032101803,0.022784355229905923,6,0.7488888888888888,0,0,0
40,165266.0,550180.0,674.8391184731734,60,4,1,3,10077.0,85,254840.11095501,25749.855151229065,1,1,1.0,0.3333333333333333,0.12849996921881995,0.15580854592734783,0.03954244079645301,2,0.5055555555555555,0,0,1
46,46032.0,1261020.0,666.2958051524798,15,0,6,4,14073.0,178,756121.390118002,57132.733090012334,3,3,0.5,0.75,1.3688328954459252,1.2411525262863299,0.018612090841397488,0,0.3291666666666667,1,0,1
47,169001.0,282395.0,621.0312277462255,60,6,6,10,13913.0,44,240487.37818830315,12288.483110662019,0,4,0.0,0.4,0.11858281814323739,0.07271248756316245,0.05785334808343261,2,0.6244444444444444,1,0,0
53,65644.0,69343.0,710.2859306805784,90,2,1,3,3996.0,35,24151.239824359323,1182.2718603174344,0,0,0.0,0.0,0.0306593644308179,0.018010356777731922,0.16545734418030048,3,0.5694444444444444,1,1,1
30,109415.0,1015576.0,657.7864019662982,45,5,2,7,59.0,167,222362.3430850672,26941.186244819004,1,7,0.5,1.0,0.16935699179352862,0.24622936749823154,0.000265332696091572,1,0.5291666666666667,0,1,1
62,63940.0,1364486.0,757.2565409528335,180,6,2,1,13295.0,64,1185086.6607776175,64046.42969205742,2,0,1.0,0.0,1.544529586041103,1.0016645244300504,0.011218588850942115,6,0.7922222222222223,1,1,0
69,89628.0,776259.0,667.3739423230186,180,3,2,4,16963.0,53,442368.42580148176,39451.09527094487,1,4,0.5,1.0,0.4113004360630251,0.44016485106155295,0.038345865144571493,6,0.6427777777777777,0,0,0
27,73089.0,245716.0,612.4746803993387,30,2,1,11,23054.0,129,214849.2551606527,7126.313998073956,1,10,1.0,0.9090909090909091,0.24496305321896672,0.09750186755974163,0.1073031413711975,1,0.3340909090909091,1,1,0
61,132248.0,831884.0,561.860261370963,45,2,0,6,5929.0,23,665555.8379973075,21110.42875235779,0,4,0.0,0.6666666666666666,0.41938620243614744,0.15962758417789147,0.00890834346497609,1,0.38861111111111113,0,0,1
61,31152.0,415230.0,667.952339798614,5,4,4,9,2513.0,68,247464.5730043933,10146.482792432807,2,7,0.5,0.7777777777777778,0.6619815020019938,0.32570887238163865,0.010154988932316329,0,0.3913888888888889,0,0,0
57,153808.0,1249719.0,591.1556800046164,120,0,0,3,17917.0,35,629240.3966680309,46142.81911687502,0,2,0.0,0.6666666666666666,0.34092309712326996,0.30000272493547164,0.028474014215988892,4,0.49444444444444446,1,0,1
39,164422.0,937553.0,585.5026702196656,180,1,4,9,27070.0,160,478327.98124482227,24994.669442064587,4,6,1.0,0.6666666666666666,0.2424290247274403,0.15201535951432646,0.056592967715482195,6,0.6166666666666666,0,1,0
43,109203.0,537988.0,716.922011640289,60,4,0,11,7174.0,53,147684.36179445835,8528.977526612785,0,3,0.0,0.2727272727272727,0.11269864517951152,0.078102044143593,0.0485765717698974,2,0.5905050505050505,0,0,0
62,106658.0,955606.0,555.5630957185626,5,0,1,11,2572.0,102,468410.839173683,29270.207435005246,1,0,1.0,0.0,0.3659757036303598,0.27443049218066384,0.005490906240635313,0,0.30972222222222223,1,1,1
28,131396.0,1017287.0,778.8535364833039,45,2,0,5,12081.0,94,779545.9719326092,37791.5406204497,0,3,0.0,0.6,0.4943998624594161,0.2876156094588092,0.015497482425634786,1,0.5441666666666667,1,0,0
61,50250.0,1034173.0,691.1801469076878,120,4,2,8,16822.0,88,922059.5063200035,41749.276960408286,1,7,0.5,0.875,1.5291202426534056,0.8308313822966823,0.018243941833144414,4,0.6497222222222221,1,0,0
66,139456.0,580977.0,676.9310158282527,0,1,2,10,18708.0,11,505599.03844001435,16684.607010155498,0,9,0.0,0.9,0.3021257830665911,0.11964065375570429,0.03700165264894895,0,0.2177777777777778,0,1,1
54,53425.0,877413.0,607.5663841614589,60,6,2,9,3384.0,47,764782.9527186294,24177.713414643764,1,7,0.5,0.7777777777777778,1.19292302716991,0.45255429882346776,0.004424784820282212,2,0.5183333333333333,1,1,0
37,127575.0,111949.0,733.5060607440057,60,6,2,11,19697.0,153,18388.537425889,2950.423734206519,2,11,1.0,1.0,0.012011586273361421,0.02312697420502856,1.071156424451073,2,0.5166666666666666,0,1,1
48,67503.0,635145.0,679.7966546481823,45,0,6,0,10296.0,98,340964.28255928657,25363.25499375356,4,0,0.6666666666666666,0.0,0.42092485094401555,0.3757352264899865,0.030196711288109013,1,0.4375,0,0,1
23,138873.0,598121.0,631.9732350081439,60,1,3,6,917.0,157,179495.11724522433,15757.506062393188,1,4,0.3333333333333333,0.6666666666666666,0.1077093923016139,0.11346702427680821,0.0051087740662449565,2,0.4833333333333333,1,1,0
66,146151.0,825277.0,693.9877287656112,180,6,5,9,27667.0,100,504626.4904238161,42645.45666989038,4,1,0.8,0.1111111111111111,0.28773123369198983,0.291790385764657,0.05482668969035606,6,0.8688888888888889,0,1,0
37,51800.0,1427549.0,562.2050181192434,5,0,1,8,16052.0,57,1226803.7496159666,37498.13652847762,0,1,0.0,0.125,1.9736225058171921,0.72390224958451,0.01308440735123678,0,0.37388888888888894,0,0,0
23,118024.0,1432628.0,565.5271007915603,60,3,3,1,9156.0,62,1156830.341594584,66814.1012205136,1,0,0.3333333333333333,0.0,0.8168044505034174,0.5661060565691182,0.00791473016464912,2,0.5544444444444444,1,1,0
59,98736.0,750730.0,601.5869740289245,120,6,0,6,24499.0,139,600536.597093189,20862.21751964537,0,6,0.0,1.0,0.5068537962286543,0.2112929176758768,0.040795182372871004,4,0.7833333333333333,0,0,0
53,65634.0,986906.0,704.4669087326799,120,4,1,1,23911.0,42,418733.1681951044,39860.763798526415,0,1,0.0,1.0,0.5316517457861073,0.6073188255862269,0.057103190805412665,4,0.61,0,0,1
51,113299.0,206934.0,679.7719174735707,45,2,0,1,6192.0,107,108822.136973534,8890.01480594143,0,1,0.0,1.0,0.08004052475715731,0.0784650774141116,0.05690018751888617,1,0.5041666666666667,1,0,0
23,178811.0,749280.0,753.4285485889027,180,0,0,1,28818.0,168,270833.4240659122,16465.378543304458,0,1,0.0,1.0,0.1262195950220774,0.09208258185069407,0.10640488742994521,6,0.7000000000000001,1,0,1
57,18401.0,1047348.0,615.6007103481996,15,2,1,11,15959.0,152,592160.8693115615,31628.486971131526,1,4,1.0,0.36363636363636365,2.681742248209162,1.7188460937520529,0.026950446790842034,0,0.359469696969697,1,0,1
52,173013.0,1040053.0,720.2267488336939,30,3,1,3,7869.0,69,392662.5394316189,20908.476998618597,1,2,1.0,0.6666666666666666,0.18912959307085733,0.12084916739562111,0.02004010876970953,1,0.345,0,1,1
59,156665.0,1446900.0,672.0290613323303,120,0,2,5,13428.0,49,1094649.97164794,51258.20598652963,2,1,1.0,0.2,0.5822668175448357,0.3271835188876241,0.012266934954362468,4,0.4222222222222222,1,0,0
61,103758.0,726050.0,613.986836368135,30,3,5,3,5631.0,111,361801.2376678429,37302.14359928124,0,0,0.0,0.0,0.29058099750368077,0.3595110121559903,0.015563794187928193,1,0.6083333333333333,0,0,0
31,116823.0,1366520.0,706.9715369499044,30,2,1,10,25498.0,109,922809.7152011528,53088.527771546804,1,7,1.0,0.7,0.6582677178303593,0.45443558007880985,0.027630831773852726,1,0.35500000000000004,1,1,1
31,77808.0,1469138.0,675.3791699228337,60,2,4,10,8061.0,130,1181922.116018437,63270.49231694864,1,7,0.25,0.7,1.265853249899793,0.8131617869235637,0.006820246351896046,2,0.5258333333333333,0,1,0
66,38920.0,879343.0,635.9616564098221,60,6,2,7,13162.0,13,329588.14871672593,23146.201397784313,2,4,1.0,0.5714285714285714,0.7056957620690432,0.5947122661301211,0.039934688341334935,2,0.38841269841269843,1,1,1
47,110579.0,182643.0,682.9399361000865,180,6,2,9,2052.0,97,112611.94509956066,6160.369815347691,1,4,0.5,0.4444444444444444,0.08486537912530157,0.05571012412255212,0.018221868010412385,6,0.8805555555555555,0,0,0
42,150249.0,595607.0,670.9328729843826,60,4,6,1,28315.0,1,467170.243399915,26582.62584330205,2,1,0.3333333333333333,1.0,0.2591089033315335,0.17692381209393773,0.0606095966085779,2,0.3522222222222222,1,1,0
35,55439.0,1158839.0,669.2418352037748,5,4,3,11,9087.0,178,1000135.3601069822,23468.876214893884,2,4,0.6666666666666666,0.36363636363636365,1.5033570833212813,0.423327913831308,0.009085770149180591,0,0.4566919191919192,0,0,1
52,134163.0,891982.0,651.1184795062441,0,3,1,5,19572.0,157,242886.67143331215,17722.19797704327,1,1,1.0,0.2,0.15086540963437023,0.13209452663583304,0.08058079055759863,0,0.38000000000000006,0,1,0
57,139184.0,1407661.0,588.6536022774453,180,0,1,4,10591.0,133,930555.6552638254,33752.028562590385,0,1,0.0,0.25,0.5571495617694475,0.24249934304654547,0.011381371914823628,6,0.7750000000000001,0,0,0
21,140844.0,1233100.0,685.2335791126411,30,2,1,2,16841.0,53,587466.2362105353,30176.401732156326,1,1,1.0,0.5,0.3475868314178188,0.2142540806293227,0.0286671794257203,1,0.2927777777777778,1,1,0
48,73080.0,141680.0,623.809993839501,5,0,5,10,16809.0,134,51591.6842450528,7579.301571083385,0,3,0.0,0.3,0.05883014532595877,0.10371239150360406,0.3258083205843748,0,0.4297222222222222,0,1,0
69,81510.0,1298794.0,608.5769792649153,15,2,4,2,8757.0,80,348462.7041083877,27721.897092390518,4,0,1.0,0.0,0.35625762085264356,0.340104246011416,0.025130379511938174,0,0.3736111111111111,1,1,1
34,85426.0,568189.0,663.1510109128175,0,3,1,10,12964.0,116,334683.4780315765,10912.747150730087,1,5,1.0,0.5,0.3264847919364679,0.127745032551332,0.03873510600597046,0,0.35000000000000003,1,1,0
34,156380.0,1237323.0,731.3818580920524,5,4,3,8,17895.0,41,495629.36180280126,25374.15453381378,2,3,0.6666666666666666,0.375,0.26411591518672534,0.1622595890383283,0.036105609108606405,0,0.3466666666666667,1,1,1
64,163872.0,786285.0,692.9929455383686,120,2,3,9,6519.0,85,511838.3267665193,18176.111404229137,3,1,1.0,0.1111111111111111,0.26028359876739127,0.11091651657530961,0.012736443636769143,4,0.5777777777777777,1,0,0
24,85072.0,710440.0,642.8200454149687,60,1,0,0,3937.0,157,256289.53695501672,21134.72643635785,0,0,0.0,0.0,0.2510515964467517,0.2484334027219044,0.015361532299662362,2,0.6,1,0,0
40,175136.0,155048.0,640.0057759492499,60,4,6,8,5346.0,34,23325.98528207964,3548.4496480943826,0,8,0.0,1.0,0.011098986540973702,0.020261109355554443,0.229186460308157,2,0.4755555555555555,1,0,0
43,110422.0,222344.0,724.5069283532138,0,1,5,11,12487.0,69,161292.97069763453,4116.033716090788,5,6,1.0,0.5454545454545454,0.12172466439178374,0.03727548600904519,0.07741812892397257,0,0.23212121212121214,1,1,0
60,80379.0,913180.0,512.2284961386931,90,0,3,4,6419.0,52,247467.5656455468,18687.982041508058,0,0,0.0,0.0,0.25656324583695866,0.23249831475270977,0.025938752754347105,3,0.5405555555555556,0,0,0
27,18104.0,875301.0,735.8155492439637,180,4,5,5,8532.0,32,297057.4827003344,40777.40343069709,5,0,1.0,0.0,1.3673657879489542,2.2523974497733703,0.02872171379909965,6,0.6544444444444444,0,0,0
42,116994.0,854622.0,548.8188957548763,180,4,0,1,20574.0,71,279047.46218659286,30598.05016127921,0,0,0.0,0.0,0.19876194661449367,0.2615352083122144,0.07372939298133671,6,0.8911111111111111,0,0,0
28,122469.0,276821.0,580.9214464173914,30,6,6,5,20108.0,109,112577.77521032839,12411.337041874162,5,2,0.8333333333333334,0.4,0.07660290577637904,0.10134268297997176,0.1786142954276041,1,0.5433333333333334,1,0,0
59,174877.0,789412.0,644.0013918115742,60,5,4,8,28306.0,9,405762.85249741457,17420.725469772566,1,2,0.25,0.25,0.1933563078132128,0.09961701921792211,0.06975995911350795,2,0.49083333333333334,0,0,1
51,134344.0,138389.0,831.9086900051591,15,6,6,3,22919.0,36,105084.18594042593,3765.1366978103183,0,3,0.0,1.0,0.06518352509256457,0.028026087490400153,0.21810132319046735,0,0.4591666666666667,1,0,1
45,22807.0,258993.0,797.4193552009987,120,4,6,8,12732.0,147,165150.76599865445,14061.304409620567,0,4,0.0,0.5,0.6034359553304338,0.6165345906792022,0.07709319374336861,4,0.7666666666666667,0,0,0
40,109871.0,773068.0,729.4541429057995,180,5,4,1,27858.0,46,200610.1584588885,14245.11313343729,0,1,0.0,1.0,0.15215583006350517,0.12965307618422778,0.1388663476167335,6,0.7688888888888888,1,0,0
28,138330.0,944587.0,704.9579664806815,15,1,2,8,27626.0,60,271811.55679623433,30743.298673825306,0,2,0.0,0.25,0.1637458473675476,0.22224606863171623,0.10163659090003317,0,0.42083333333333334,1,0,1
66,98442.0,1000291.0,549.6406122391268,45,3,4,7,6663.0,121,785525.5083604609,26838.632518418537,3,0,0.75,0.0,0.6649647409646127,0.2726339623170856,0.008482219774004452,1,0.525,1,0,1
52,87554.0,1473826.0,690.9730714016489,15,6,3,2,5144.0,134,497256.5028479282,22539.779359803895,3,1,1.0,0.5,0.4732855369714007,0.2574386020033796,0.010344761648241625,0,0.4791666666666667,0,1,0
36,149209.0,1288513.0,641.554493700802,60,5,2,4,26542.0,172,404608.97469928913,47801.351694138175,2,3,1.0,0.75,0.22597440206873642,0.32036506976213347,0.06559913808072688,2,0.5083333333333333,1,0,1
41,117042.0,600677.0,622.8331466464094,15,2,4,2,26709.0,28,91709.91716704053,22225.17638628166,3,2,0.75,1.0,0.06529701386898189,0.18989060667351598,0.29123349824155004,0,0.19555555555555557,1,0,1
56,128382.0,1185111.0,690.8362162982262,90,6,6,7,25378.0,135,865790.896002415,32967.921725187734,6,1,1.0,0.14285714285714285,0.5619887627045426,0.2567955143648466,0.02931192753028118,3,0.6607142857142857,1,1,0
56,93184.0,188685.0,647.022299338731,180,2,1,7,13809.0,130,132803.83698825352,6394.599249974324,1,2,1.0,0.2857142857142857,0.1187648782590122,0.06862336076981375,0.1039804294300729,6,0.6880952380952381,1,1,1
43,63047.0,1292998.0,740.8509682178195,120,0,3,6,25872.0,22,531047.9997830056,39666.4651946394,0,3,0.0,0.5,0.7019207889656467,0.6291570605205545,0.04871875990601923,4,0.48222222222222216,1,1,1
35,102092.0,610633.0,544.4831662671133,5,5,5,2,23069.0,157,94944.96627803975,20497.86785503815,2,1,0.4,0.5,0.07749951537015612,0.20077839453667426,0.2429723333877863,0,0.5163888888888889,1,0,0
53,173369.0,1152099.0,685.2507995642187,5,2,2,2,22214.0,56,851610.2709256588,56362.92120193109,2,0,1.0,0.0,0.40934378451244585,0.3251038028824708,0.026084701838852257,0,0.30083333333333334,1,0,0
53,115632.0,1457416.0,618.463194354017,120,0,2,9,18065.0,76,327224.73768474336,63483.48485977457,1,9,0.5,1.0,0.23582337190738964,0.5490131179930692,0.055206706338333994,4,0.4772222222222222,1,1,1
50,132577.0,1069697.0,651.3254919759014,0,1,0,5,8031.0,143,529875.4270114193,28036.528336279946,0,5,0.0,1.0,0.33306143286003564,0.2114735462129928,0.015156392598343543,0,0.3833333333333333,1,0,1
24,38109.0,1384353.0,701.3238493635469,30,0,2,5,22416.0,94,1079948.6055143306,34029.66682651636,0,2,0.0,0.4,2.3615344702352257,0.8929561737782771,0.020756543307284773,1,0.4683333333333333,0,0,1
44,178046.0,64699.0,601.7884496172953,180,6,4,3,26336.0,49,21558.456454275798,2847.319276597779,2,0,0.5,0.0,0.01009030271871492,0.015992042936082692,1.2216087944819745,6,0.8338888888888889,0,0,0
51,57641.0,297303.0,691.4962497518725,45,5,6,11,26531.0,57,129252.93200221968,7129.501889084206,5,4,0.8333333333333334,0.36363636363636365,0.18686486471177877,0.1236880326344825,0.20526420243638557,1,0.46946969696969704,0,1,0
67,175344.0,957848.0,665.1363256353515,0,6,3,2,17986.0,133,618427.0825090932,49140.89218138739,1,2,0.3333333333333333,1.0,0.2939113411869873,0.2802541984977381,0.029083461104301715,0,0.5,0,0,0
46,90213.0,833852.0,633.7589194376178,180,1,2,9,1181.0,32,546066.3815623665,40285.60796185284,1,8,0.5,0.8888888888888888,0.5044232183483963,0.446561005197176,0.002162740721413771,6,0.5405555555555555,0,0,0
37,166863.0,224698.0,647.0599259792356,90,5,5,9,22218.0,84,111681.59810728577,5640.09099795449,2,7,0.4,0.7777777777777778,0.055775095990565994,0.033800728729283844,0.19894056296236476,3,0.6405555555555555,0,0,1
48,162473.0,1091634.0,669.1813676169152,15,3,1,2,7604.0,134,518869.4221573613,51372.307084311375,0,2,0.0,1.0,0.266131101863777,0.31618981051812534,0.014654939519048936,0,0.47916666666666674,0,1,0
29,140370.0,135067.0,626.2514441205751,60,2,1,0,6157.0,159,62756.43743461871,3059.794395730475,0,0,0.0,0.0,0.03725655852070641,0.021798065083212047,0.09810945700055908,2,0.6333333333333333,0,0,1
25,166458.0,1486613.0,680.4966132727928,60,4,3,2,2357.0,148,764898.8534748355,23777.543192619378,1,1,0.3333333333333333,0.5,0.38292885366220286,0.1428440999688773,0.0030814531742235684,2,0.6000000000000001,0,0,0
54,116727.0,276797.0,660.5276364833747,45,6,5,3,4722.0,64,113482.27568605955,14793.367010249267,0,1,0.0,0.3333333333333333,0.0810168710510133,0.126734748689243,0.041610022106562866,1,0.6463888888888889,0,1,0
69,155501.0,695931.0,637.2102224053127,180,3,1,8,14702.0,35,238224.72407784255,31632.86616884695,1,7,1.0,0.875,0.12766516189490879,0.20342548388014836,0.06171483693353323,6,0.5402777777777776,1,1,0
62,45891.0,1243773.0,791.2889563732089,120,0,0,6,8305.0,168,481388.08270302514,42985.959897813555,0,1,0.0,0.16666666666666666,0.8741512182908506,0.9366969536033983,0.01725219277005548,4,0.6666666666666667,0,0,0
49,29386.0,795358.0,709.0667945793134,15,5,5,5,11453.0,107,404300.7228427978,38756.5042719507,1,2,0.2,0.4,1.1465230689296428,1.318876481043718,0.028327923629395072,0,0.5758333333333334,1,0,0
22,106022.0,1128581.0,653.2101437163932,180,1,4,5,15341.0,73,492744.84806966764,20351.535936100572,4,5,1.0,1.0,0.38729764268238953,0.19195578215936854,0.031133760322606122,6,0.5455555555555556,0,1,0
69,149195.0,1070288.0,690.2102301577296,180,1,4,11,15812.0,162,630563.9308737591,47721.24948705846,4,8,1.0,0.7272727272727273,0.3522034534634534,0.31985823577907074,0.025075966489376655,6,0.6106060606060605,1,1,1
43,141990.0,1425719.0,608.1225904258545,0,4,2,11,12498.0,130,888730.3499733334,75923.8557740462,2,1,1.0,0.09090909090909091,0.5215921015407972,0.5347126964859934,0.014062758181235743,0,0.4242424242424243,0,1,0
35,103519.0,722727.0,649.4259875254992,15,5,0,0,13587.0,85,648364.0181990126,34505.60862972974,0,0,0.0,0.0,0.5219364063593902,0.3333263326512982,0.020955820524620056,0,0.6347222222222222,1,0,0
64,102378.0,1469515.0,657.5945784693226,60,5,2,10,26628.0,35,898427.8195308452,47416.88227791969,2,8,1.0,0.8,0.7312995463957468,0.4631549969516858,0.02963844108690336,2,0.3811111111111111,1,1,0
57,116794.0,799306.0,592.7244263063083,120,6,3,4,8492.0,14,560293.4309811564,23061.926060646907,3,0,1.0,0.0,0.39977326958944553,0.1974581404922077,0.015156344034105942,4,0.5644444444444444,0,1,0
57,158654.0,1345261.0,707.1147833596093,90,6,3,9,390.0,95,300697.9075425061,68200.20795408971,3,2,1.0,0.2222222222222222,0.15794218211879632,0.4298675605663249,0.001296982753180184,3,0.6527777777777777,0,1,1
34,154374.0,1112328.0,644.6071108171022,60,0,6,11,24006.0,20,801250.5786265582,29654.978158087073,2,11,0.3333333333333333,1.0,0.432526730875751,0.192098268867083,0.029960664791218287,2,0.26111111111111107,1,1,0
69,35764.0,242742.0,655.1173332786817,15,2,1,6,2401.0,55,129060.48729600573,12743.45186014134,1,0,1.0,0.0,0.30072253126049875,0.3563206537339598,0.01860367995119377,0,0.31805555555555554,0,1,1
43,114510.0,983265.0,640.1896098613652,0,5,2,7,23234.0,122,786531.9289639661,27328.84757987057,1,1,0.5,0.14285714285714285,0.5723895503769438,0.23865904794228077,0.02953980524427564,0,0.5273809523809524,0,0,0
47,79712.0,1323654.0,850.0,180,2,1,5,9762.0,2,1162408.5474357991,26473.864247633912,0,5,0.0,1.0,1.2152170181777306,0.3321189312479164,0.00839808002232465,6,0.571111111111111,1,0,0
57,147504.0,236144.0,633.6169394878191,45,5,3,0,25242.0,178,76221.19239511127,5770.319117950518,2,0,0.6666666666666666,0.0,0.043061652788574815,0.039119746704838636,0.3311677396642117,1,0.6041666666666666,1,0,1
53,99966.0,1266023.0,535.1926132279921,45,3,5,0,5031.0,78,1071696.4884102829,45297.45649580338,0,0,0.0,0.0,0.8933841576221606,0.453128628691789,0.0046944261312853695,1,0.6108333333333333,0,0,0
29,178597.0,202887.0,568.0047620328816,180,3,6,4,4934.0,156,132633.4519472807,4107.293427106945,0,3,0.0,0.75,0.06188674872631338,0.022997549942647105,0.037200268315124393,6,0.825,0,0,0
35,88036.0,1313074.0,733.1511835886804,5,0,1,9,12202.0,31,924844.2895461026,39652.58449565052,0,2,0.0,0.2222222222222222,0.8754413815050118,0.45041329110421324,0.013193572299601403,0,0.3063888888888889,1,0,1
38,128015.0,1193917.0,773.5516884178192,15,4,3,4,12568.0,82,602057.4805868745,61169.41337680522,3,1,1.0,0.25,0.39191857763209687,0.4778300462977403,0.020875083202602094,0,0.4197222222222223,0,1,1
67,35591.0,269944.0,632.2741966039002,120,6,5,5,21527.0,172,112322.39903302774,5062.9362322611,0,5,0.0,1.0,0.2629934511370565,0.1422532728010199,0.19165367001883668,4,0.7833333333333333,0,0,0
56,169042.0,1103371.0,769.5264768744825,15,5,0,6,19423.0,113,827556.4082885744,43673.37602721119,0,4,0.0,0.6666666666666666,0.4079639026043697,0.25835813600886876,0.023470303420364633,0,0.5791666666666667,0,1,0
38,42871.0,219348.0,731.911299988978,180,2,4,3,29802.0,145,36516.80167992982,6832.818582865902,1,1,0.25,0.3333333333333333,0.07098194132772313,0.15938090044239467,0.8161174754901831,6,0.7958333333333334,1,1,0
57,79296.0,873647.0,666.7363908309737,120,4,0,5,20317.0,123,485264.4271187528,35730.584577737296,0,0,0.0,0.0,0.5099715276923938,0.45059756580076293,0.0418678948313433,4,0.8166666666666667,0,0,0
57,153694.0,1389522.0,661.7687601360625,0,1,0,7,6062.0,133,285369.3718162115,48055.67849947111,0,3,0.0,0.42857142857142855,0.15472810249381427,0.31267114200600615,0.021242644091126056,0,0.44047619047619047,1,1,1
40,174721.0,348647.0,692.6609158490958,45,4,0,10,2657.0,65,118880.30290075461,17456.128243141506,0,3,0.0,0.3,0.056700064150252215,0.09990858707963843,0.02235021223169456,1,0.5852777777777778,0,0,0
40,96470.0,302048.0,741.4219075507549,90,2,6,9,7979.0,81,209590.90739657942,9393.671802142793,5,4,0.8333333333333334,0.4444444444444444,0.1810501601504608,0.09737402096136409,0.03806939957038527,3,0.5022222222222222,1,0,0
64,96524.0,663176.0,707.8106195916515,45,6,4,9,29505.0,8,474869.8002958203,23434.74337277624,4,0,1.0,0.0,0.40997558491136943,0.24278669939886702,0.062132820368066895,1,0.40527777777777774,1,0,1
48,25893.0,584501.0,632.6234188740913,5,4,5,6,23062.0,46,477410.1882364651,11810.124518466819,0,3,0.0,0.5,1.5364840826879371,0.45611263733313323,0.048306468039968194,0,0.4452777777777777,1,0,0
28,176577.0,120283.0,667.8055067081583,0,0,4,8,22230.0,11,82583.65265400981,4163.266907823603,4,2,1.0,0.25,0.038974334451830184,0.023577628501014306,0.26918160296365423,0,0.09944444444444446,1,1,1
56,20671.0,711178.0,818.6884418305347,0,6,5,1,8161.0,58,466575.07034057763,13931.43215961591,5,1,1.0,1.0,1.880956695937052,0.673960241866185,0.017491290295563493,0,0.3288888888888889,1,1,0
49,22225.0,426346.0,697.5849658107335,5,5,3,1,14063.0,130,366162.1344557098,16339.793536492181,3,0,1.0,0.0,1.3729363871605167,0.7351988092909868,0.03840648356746192,0,0.47638888888888886,1,0,0
45,94703.0,230441.0,740.852779881783,15,1,5,11,21112.0,36,127447.05469721596,7396.1767959175995,3,2,0.6,0.18181818181818182,0.11214626665928919,0.07809865364262589,0.16565310238166833,0,0.2843181818181818,0,0,0
56,18588.0,450251.0,717.7919491074463,15,1,0,7,28409.0,86,288345.79974045476,20862.308106214936,0,2,0.0,0.2857142857142857,1.2927058664212339,1.1223535671516536,0.09852406390372757,0,0.4750396825396826,0,0,1
65,44629.0,79919.0,699.1350420798392,120,1,4,1,17504.0,99,64018.88643211678,2536.5554624736383,2,1,0.5,1.0,0.11953902625370047,0.05683648440416855,0.2734193138232822,4,0.5416666666666666,1,1,1
37,119690.0,1376808.0,687.6089230010548,45,2,5,4,639.0,29,995117.3901193656,55380.47270886663,1,3,0.2,0.75,0.692843589076897,0.46269924562508674,0.0006421352961416452,1,0.36361111111111116,0,0,0
41,132230.0,1491431.0,742.8173437727486,5,6,6,11,25646.0,146,1084932.773570318,25890.786977693228,0,3,0.0,0.2727272727272727,0.6837409397579458,0.19580115690609717,0.023638330986724312,0,0.632449494949495,0,0,1
30,66304.0,583053.0,730.3049564717478,0,6,2,0,28013.0,138,322175.75822517887,25304.93076587405,2,0,1.0,0.0,0.4049224760511921,0.3816501382401371,0.08694943453945664,0,0.5,0,1,0
52,146842.0,1321153.0,698.4725434608084,5,3,1,5,1000.0,33,721195.762614512,70413.95554418417,1,4,1.0,0.8,0.4092810427843714,0.47952190479688483,0.0013865860725176117,0,0.20305555555555554,1,1,1
40,116449.0,718951.0,631.4366232116479,15,2,5,10,11767.0,6,457633.89293860964,23661.50367975353,4,1,0.8,0.1,0.32749235927216325,0.2031919868762594,0.02571269344680839,0,0.22916666666666669,0,0,1
37,54984.0,1372889.0,706.9891163883931,90,2,0,11,29392.0,0,927262.6750246414,21134.201487324925,0,2,0.0,0.18181818181818182,1.4053522767602717,0.38437002559517175,0.031697598524839714,3,0.4734848484848484,1,0,0
55,133415.0,301040.0,675.3094444472341,0,6,5,4,28607.0,52,168454.87366700085,11784.471570573489,3,1,0.6,0.25,0.10521984888443382,0.08832943500036344,0.16981996054652537,0,0.4505555555555556,0,0,0
40,113932.0,462616.0,658.4220862058447,30,1,4,10,28927.0,22,133742.38120481354,9625.69320612388,2,7,0.5,0.7,0.09782324925161028,0.08448630065410842,0.21628895597201228,1,0.24555555555555555,1,1,0
43,149562.0,1122747.0,850.0,45,5,4,8,29266.0,3,377589.6155243355,37857.61283006422,0,4,0.0,0.5,0.2103863367278762,0.2531232052932177,0.07750742816208042,1,0.46083333333333326,1,0,0
42,43020.0,369147.0,572.2664084604521,5,6,2,4,671.0,82,191884.94875013037,6016.441265072836,0,2,0.0,0.5,0.3716971733111157,0.1398521911918372,0.00349688708974129,0,0.5919444444444445,0,0,0
33,55398.0,1244131.0,747.0959001340239,0,5,0,9,4531.0,94,377032.2169567465,40698.59253163879,0,6,0.0,0.6666666666666666,0.5671567820690676,0.7346581561001984,0.012017540666875694,0,0.55,0,0,1
27,67180.0,667506.0,619.6130339022319,15,5,4,9,14985.0,3,312136.1758877165,33361.572217641406,1,1,0.25,0.1111111111111111,0.3871888655945675,0.4965997650735547,0.0480078925724729,0,0.4038888888888889,1,0,0
61,73309.0,635649.0,689.1836842540378,5,6,2,3,18098.0,107,165494.88223518716,12977.073307103943,1,1,0.5,0.3333333333333333,0.18812478940192331,0.17701882861727677,0.10935685596779163,0,0.5513888888888889,0,0,1
25,161984.0,707313.0,850.0,120,1,2,1,12042.0,72,183671.02573213683,24708.585485106465,0,1,0.0,1.0,0.09449031269144732,0.15253719802638818,0.06556287227121974,4,0.5766666666666667,1,0,1
36,136671.0,1206904.0,612.6341703623156,180,6,1,9,8042.0,36,944295.4238767901,30359.528892177328,1,9,1.0,1.0,0.5757716364339607,0.22213585100114383,0.00851640259674636,6,0.6300000000000001,0,0,0
53,106143.0,58119.0,629.3289141620916,60,0,2,0,7624.0,20,32354.120605951914,1478.6185996922088,2,0,1.0,0.0,0.025401361532674405,0.013930439121677443,0.23564231872825117,2,0.26111111111111107,0,1,1
27,105553.0,1138499.0,678.774038399388,90,0,5,9,18099.0,136,837168.1040436843,46373.48180856942,4,0,0.8,0.0,0.6609381890643281,0.4393383590098758,0.02161931386609012,3,0.505,1,1,0
53,161513.0,1179917.0,620.6948129658047,90,1,6,4,29334.0,19,187199.17827450568,53014.95528969813,5,1,0.8333333333333334,0.25,0.09658622849476806,0.328239555266128,0.15669940579004638,3,0.35055555555555556,1,0,0
56,90380.0,1240666.0,741.883944565821,120,4,2,8,24787.0,36,451879.37182033976,61948.20804259232,0,7,0.0,0.875,0.4166476468063913,0.6854194295484877,0.054853134587995594,4,0.6091666666666666,1,0,0
53,54490.0,1495167.0,642.5829394755693,0,1,0,7,5238.0,128,244101.6800795774,39068.486703795694,0,6,0.0,0.8571428571428571,0.37331265687829174,0.7169845238354872,0.021458270988927265,0,0.3976190476190476,0,0,0
35,40177.0,1184274.0,725.7806748104535,180,4,0,0,4442.0,113,180645.14019615794,21116.84828501828,0,0,0.0,0.0,0.3746860562763064,0.5255954472712816,0.02458964572850698,6,0.9333333333333333,0,0,0
21,71463.0,816601.0,586.9567607739951,45,0,1,0,7906.0,179,142098.6209041149,26695.73821713746,1,0,1.0,0.0,0.165701856093497,0.37356027898545346,0.05563741540697146,1,0.38749999999999996,1,0,1
64,123833.0,725868.0,553.5217948492042,45,4,0,7,21995.0,7,392798.5274634589,27861.4638627342,0,2,0.0,0.2857142857142857,0.26433350255549737,0.22499223843994895,0.05599562743280941,1,0.45781746031746035,0,0,1
37,94294.0,612975.0,663.9710514732865,120,1,4,6,246.0,35,133699.9870191696,27328.401419748232,4,0,1.0,0.0,0.11815879679439625,0.2898212125877387,0.0018399403431858903,4,0.4444444444444444,1,1,0
60,86328.0,1249371.0,570.2044513373684,45,3,4,0,21131.0,119,935504.6319067362,56525.126603929675,1,0,0.25,0.0,0.9030525359739754,0.6547716453981289,0.022587809059727484,1,0.6,0,0,1
30,95772.0,619490.0,786.2788238935815,15,0,5,11,17406.0,41,332753.304757815,30692.439376926584,1,6,0.2,0.5454545454545454,0.28953600283121633,0.3204740360118467,0.05230902218287046,0,0.2857323232323232,1,0,0
28,175929.0,880330.0,572.9137556653501,0,6,2,2,19797.0,68,294043.2453733737,14302.343442049514,2,2,1.0,1.0,0.13928120878942343,0.08129611060171725,0.06732683138108456,0,0.35111111111111115,1,1,1
59,179618.0,189311.0,607.3619318630512,5,2,5,10,25823.0,53,147471.9169397074,10268.213952039387,5,2,1.0,0.2,0.06841923644424436,0.05716695404714108,0.17510452522670814,0,0.27416666666666667,0,1,0
67,44129.0,510118.0,708.9533919832227,0,4,1,1,17731.0,145,271499.2095294175,27379.37303410468,0,0,0.0,0.0,0.5126999054465649,0.6204394623513944,0.06530774078765342,0,0.5833333333333334,0,0,0
63,36540.0,435934.0,638.9545234956596,30,3,1,2,18657.0,141,180084.0209613156,7158.856872422152,0,2,0.0,1.0,0.41070064988440885,0.1959183599458717,0.1036016405031725,1,0.5083333333333333,0,0,0
57,57577.0,680781.0,573.7128421092677,120,4,6,6,14405.0,145,392104.6569825583,18743.140839430114,4,3,0.6666666666666666,0.5,0.5675076520464745,0.32553173731577045,0.03673764068719226,4,0.6666666666666667,1,1,0
33,156018.0,778092.0,822.7974912050372,30,3,6,6,19548.0,91,509227.40578431054,35497.88363312581,5,1,0.8333333333333334,0.16666666666666666,0.2719918031809954,0.22752428330786073,0.038387564726396116,1,0.4666666666666667,1,0,0
65,92441.0,1088919.0,609.8856337788299,60,0,4,7,11409.0,87,619706.8234218287,37176.14678400931,2,6,0.5,0.8571428571428571,0.5586507641106477,0.40216080293386386,0.018410318506746536,2,0.3992857142857143,0,0,0
53,157916.0,676179.0,666.2619534752415,5,5,4,2,1989.0,102,574474.2161063353,10268.230547820294,0,2,0.0,1.0,0.303153900441973,0.06502337032232512,0.0034622963820396,0,0.5263888888888889,1,1,0
29,122773.0,267983.0,665.3565235925779,60,4,4,3,757.0,12,111341.65646044335,7822.057042931496,3,2,0.75,0.6666666666666666,0.07557420093753198,0.06371154116077228,0.006798892921706634,2,0.3475,0,1,0
27,107618.0,840300.0,729.7216406376605,180,1,5,3,21444.0,98,384405.3672292845,32063.795785863356,4,3,0.8,1.0,0.2976619208909325,0.2979408257527863,0.05578486105582755,6,0.6133333333333333,0,1,1
63,63605.0,129298.0,712.3646722469741,15,0,1,5,19122.0,49,102680.82220843926,6488.588035646417,1,2,1.0,0.4,0.13452928518255805,0.10201380450666483,0.1862275699466339,0,0.19805555555555554,1,1,1
34,73734.0,1281145.0,622.1239273588296,45,6,0,11,12270.0,168,804707.2386240886,61712.83233479944,0,1,0.0,0.09090909090909091,0.909471024927542,0.836965746260876,0.01524778131855704,1,0.7284090909090909,0,0,1
58,41930.0,1167320.0,657.1920947789686,180,2,1,5,22388.0,33,1021054.8763610935,61696.102888042,1,4,1.0,0.8,2.029284673585129,1.4714071759609348,0.021926343547555363,6,0.51,1,1,0
27,102114.0,376601.0,664.1154296520729,60,6,2,11,14211.0,6,280237.6517813034,12697.903903381808,1,6,0.5,0.5454545454545454,0.22869672766165217,0.12435027423645933,0.050710530543162775,2,0.45045454545454544,0,1,0
34,63420.0,431694.0,732.4271648738993,30,5,1,3,7645.0,173,230825.14528456493,20259.810490793185,0,1,0.0,0.3333333333333333,0.3033022512411502,0.3194545961966759,0.03312030840736663,1,0.6416666666666667,0,0,0
34,65379.0,90113.0,598.2174659598979,5,6,3,2,17550.0,28,56414.22875459943,1714.798459518417,0,0,0.0,0.0,0.07190666314183382,0.026228581953202358,0.31109172964753423,0,0.5219444444444444,1,0,1
34,24406.0,578393.0,821.2677389729047,180,4,0,1,11339.0,93,262916.23477493017,20670.79113885368,0,0,0.0,0.0,0.8977172101632459,0.8469553035668967,0.04312780460174613,6,0.9333333333333333,1,0,0
54,147455.0,105426.0,626.857162877839,60,1,4,2,29260.0,68,25906.775290487756,5446.647745768966,0,0,0.0,0.0,0.014641062974290324,0.0369376945221862,1.12943427624292,2,0.5511111111111111,1,0,1
65,170160.0,1407705.0,679.3875422270385,0,0,4,3,21636.0,48,640974.4085128566,68349.5738985084,4,2,1.0,0.6666666666666666,0.3139076988877412,0.40167826691648095,0.0337548577800451,0,0.14,1,0,1
65,98721.0,244544.0,598.8007392214731,45,1,0,4,22445.0,87,88308.34400720852,10081.178200262162,0,1,0.0,0.25,0.07454370060339115,0.1021178695542201,0.2541662427524157,1,0.5391666666666668,0,0,0
57,104837.0,1006091.0,589.1288691851569,180,3,2,8,20637.0,131,662571.1841846195,21095.849764192488,2,8,1.0,1.0,0.526667735138532,0.20122523311609916,0.031146842018788562,6,0.6499999999999999,1,1,0
30,167986.0,877200.0,618.7900113645663,180,4,3,5,20517.0,20,571844.8515273852,19546.86724607436,2,2,0.6666666666666666,0.4,0.2836768398990517,0.11636009694899788,0.03587861278316931,6,0.6377777777777778,0,1,0
68,100860.0,393446.0,612.0633747635021,5,6,0,8,23193.0,119,335619.63618138706,16582.211013257715,0,0,0.0,0.0,0.27729826507154065,0.16440819961588057,0.06910501502202107,0,0.6597222222222222,0,0,1
47,118875.0,1221867.0,651.0020083091619,30,0,4,1,12956.0,160,256094.86832285076,34240.02801204907,4,1,1.0,1.0,0.17952672157227534,0.288033884433641,0.05059062715644414,1,0.25833333333333336,1,1,1
47,87351.0,207868.0,611.4724479865381,180,4,5,11,24652.0,52,104074.58977357138,5857.287436974501,1,8,0.2,0.7272727272727273,0.0992877297470086,0.06705461227661391,0.23686857717752072,6,0.746161616161616,0,0,1
55,101319.0,1335868.0,728.6886694905946,120,0,2,1,1033.0,122,599777.1973599256,65330.50626042414,2,0,1.0,0.0,0.4933076038386397,0.6448001486436319,0.00172230622395619,4,0.5333333333333333,0,1,0
58,102542.0,1123499.0,625.1911273277137,60,3,0,0,19990.0,165,612957.2218854136,17772.277124180753,0,0,0.0,0.0,0.4981350908939862,0.1733170517854221,0.032612390043324974,2,0.6666666666666666,1,0,0
67,133193.0,970914.0,617.432915458366,15,0,3,5,16160.0,167,232701.2009547815,29807.753926458226,1,5,0.3333333333333333,1.0,0.14559148563536967,0.2237936973148606,0.06944527975659315,0,0.3291666666666667,1,1,0
49,115878.0,1325506.0,652.4921795117912,90,2,6,7,249.0,116,687367.5205573285,32513.097531558833,2,5,0.3333333333333333,0.7142857142857143,0.4943183927329666,0.2805804167448423,0.0003622516231172908,3,0.5702380952380952,0,0,0
50,99637.0,634557.0,749.4987215087406,60,4,2,2,19826.0,169,407866.74860446545,10206.221818250338,1,1,0.5,0.5,0.3411272490845648,0.10243405379778936,0.04860901279115191,2,0.5750000000000001,0,0,1
57,30286.0,458374.0,695.0413321527279,45,5,5,1,70.0,139,176629.71241221073,10846.469689224614,0,0,0.0,0.0,0.4860048438558265,0.3581347714859874,0.00039630931310490416,1,0.7041666666666666,0,0,0
33,164530.0,274046.0,673.0217329078771,180,5,6,10,21125.0,92,174795.2044072076,6130.381554877973,2,5,0.3333333333333333,0.5,0.08853259000749995,0.03725996204265467,0.12085571839137321,6,0.8666666666666666,1,0,0
36,161901.0,1390336.0,579.6868661021924,30,3,1,9,15727.0,22,485580.08238325425,48910.588139863175,0,9,0.0,1.0,0.24993673210956813,0.30210182852399414,0.03238806650143269,1,0.3572222222222222,0,1,1
51,47880.0,632056.0,600.0104078095403,60,1,4,9,18236.0,153,269874.67399736954,20483.46177549308,2,2,0.5,0.2222222222222222,0.4697066868514507,0.42780830775883627,0.06757210571073352,2,0.5027777777777778,0,0,0
24,65516.0,1252617.0,590.5113041972263,0,6,0,2,18297.0,51,1040256.1116595018,42423.60878274364,0,2,0.0,1.0,1.3231578439611467,0.6475305083146657,0.01758893775765578,0,0.4633333333333334,1,1,0
36,175682.0,532001.0,771.4795856570643,90,6,3,6,9011.0,132,89798.46666507896,26662.00240854574,2,1,0.6666666666666666,0.16666666666666666,0.04259517511995108,0.1517628579396053,0.10034692500494799,3,0.7083333333333334,0,0,0
56,70012.0,1434748.0,717.1394186192153,45,6,6,8,18672.0,116,508786.85712253663,49896.42469689664,1,5,0.16666666666666666,0.625,0.6055948231761896,0.7126838927169148,0.03669906118566074,1,0.65,1,0,0
68,149574.0,1311537.0,619.6865643753064,120,5,6,5,6630.0,64,1117159.6275468678,53196.18752561786,1,2,0.16666666666666666,0.4,0.6224118872859297,0.35565129986239497,0.005934693517844525,4,0.7272222222222222,0,1,0
46,145291.0,496657.0,640.4939849322042,15,5,1,2,22762.0,139,129270.93382187084,20312.93919420059,1,0,1.0,0.0,0.07414483910558284,0.1398086543158254,0.1760797986604239,0,0.49583333333333335,1,0,1
40,157438.0,755743.0,622.2296876633866,180,0,4,9,2702.0,118,338615.08022207115,26961.11325729106,0,6,0.0,0.6666666666666666,0.17923197291530166,0.1712490838126187,0.00797956192095157,6,0.7333333333333334,0,0,0
42,20592.0,1201284.0,617.9897148533504,60,4,0,11,4252.0,134,589315.9948792477,32664.078731913683,0,5,0.0,0.45454545454545453,2.384890551667507,1.586250909669468,0.007215144399519048,2,0.6545454545454545,1,0,0
54,96231.0,377984.0,712.2210721851327,5,2,1,1,21084.0,171,241715.28836137167,19324.940012055908,1,0,1.0,0.0,0.20931862598103493,0.2008182395699505,0.08722658853286426,0,0.3763888888888889,1,0,1
47,109612.0,84344.0,659.8724645450981,5,1,5,8,1729.0,49,51351.1548098789,2743.459041494913,5,2,1.0,0.25,0.03904009507009489,0.02502882021580587,0.033670128868599,0,0.22694444444444445,1,1,0
22,153626.0,468761.0,825.6817421008225,5,0,4,10,29123.0,137,290665.4572657511,17740.315974115085,1,5,0.25,0.5,0.15766941428412243,0.11547730185069639,0.10019422422587104,0,0.3722222222222222,1,0,1
47,54363.0,906353.0,767.5251877161899,15,1,2,6,927.0,7,775211.0293040227,33866.58044513525,2,0,1.0,0.0,1.188325131222864,0.622971146646345,0.0011958034199181249,0,0.17805555555555558,1,1,0
40,67697.0,247881.0,771.6636238326705,45,6,6,0,15750.0,127,110205.09256048832,11924.44481706854,3,0,0.5,0.0,0.13565974435165556,0.17614436115438703,0.14291535567065822,1,0.6625,0,1,0
55,47143.0,533419.0,726.9949882463688,120,6,5,8,29524.0,27,275969.4539130965,19408.361446897616,4,5,0.8,0.625,0.4878233140181584,0.4116912679909555,0.10698285473760144,4,0.5608333333333333,0,0,0
63,141435.0,1381948.0,650.4138650644968,180,5,0,11,20195.0,39,1206413.8258981507,45985.86099721732,0,1,0.0,0.09090909090909091,0.7108175875243933,0.32513777351587175,0.016739695423305705,6,0.8442424242424242,1,0,0
68,179817.0,158862.0,721.8453619170709,90,0,0,3,18972.0,35,39098.221818159254,5306.37858178565,0,0,0.0,0.0,0.018119450060412927,0.029509882724023034,0.48523945892568476,3,0.5027777777777778,0,0,0
50,40752.0,123001.0,655.581711382994,45,4,4,1,20778.0,149,105923.39269004345,5682.393281228856,1,1,0.25,1.0,0.2166016242353002,0.13943839029320906,0.19616063526969227,1,0.5333333333333333,1,1,0
38,55764.0,664586.0,794.1193235509854,60,0,6,3,21187.0,67,572348.3143687716,18740.663487093392,6,2,1.0,0.6666666666666666,0.8553133359167976,0.33607100435932485,0.03701766820675728,2,0.29888888888888887,0,0,0
42,67742.0,68627.0,708.2995568134944,15,4,1,9,4843.0,70,59369.64438276921,3595.6461684704523,1,3,1.0,0.3333333333333333,0.07303401678767629,0.05307853574548216,0.0815736737241697,0,0.3847222222222222,1,1,0
29,162022.0,90337.0,698.3652251022111,15,0,3,6,9262.0,65,18091.954002791983,4414.241468591956,2,4,0.6666666666666666,0.6666666666666666,0.0093052970187135,0.027244704229005663,0.5119402801140591,0,0.2569444444444445,1,1,1
66,90208.0,315333.0,688.8950863700657,45,1,5,0,5754.0,112,183894.24300639157,6475.017541202813,5,0,1.0,0.0,0.16987983605148801,0.07177875067846325,0.03128972340803518,1,0.4208333333333333,1,0,0
62,63673.0,198271.0,801.81864991526,120,0,6,7,6355.0,164,154379.5280001435,5490.036917255984,2,7,0.3333333333333333,1.0,0.2020473460757091,0.08622236925001153,0.04116478449133549,4,0.5333333333333333,0,1,0
62,70215.0,1225767.0,579.637476631425,0,6,4,9,6245.0,121,472258.7754175081,62789.66284583029,3,5,0.75,0.5555555555555556,0.560491318827302,0.8942485629257322,0.013223682279866596,0,0.48194444444444445,1,0,0
37,114895.0,227921.0,808.6801479368108,0,3,6,2,19135.0,18,135139.1806725724,5956.682052166062,6,2,1.0,1.0,0.0980164357838116,0.0518445715841948,0.14159476108088914,0,0.14,1,1,0
36,80696.0,809026.0,666.9692334782104,5,6,6,7,27985.0,92,276957.0241518476,22415.1415048635,4,3,0.6666666666666666,0.42857142857142855,0.28600862511963376,0.2777726467837749,0.10104455767352782,0,0.5168650793650793,1,1,0
62,40746.0,1072665.0,581.5695716929044,5,0,5,2,16770.0,19,265173.60680122604,25420.27198139871,5,0,1.0,0.0,0.5423305494224915,0.6238715943012494,0.06324158803847617,0,0.15194444444444444,1,0,1
47,150856.0,957472.0,627.345318784986,5,5,4,0,467.0,29,755629.5118190367,16445.311322494767,1,0,0.25,0.0,0.41741214127989423,0.10901330621582679,0.000618027740705607,0,0.45333333333333337,1,0,0
55,86401.0,998109.0,564.4434916093492,5,3,6,4,20768.0,35,884240.0166538411,34073.68968209566,0,1,0.0,0.25,0.852845083442168,0.3943668439265247,0.02348683571072782,0,0.41250000000000003,0,1,0
45,59581.0,568710.0,725.7559721909948,0,3,0,9,16235.0,125,115055.61091596169,25702.348344751757,0,3,0.0,0.3333333333333333,0.16092324023313037,0.4313849775054423,0.14110567812167182,0,0.5166666666666667,1,0,0
42,136006.0,1338827.0,607.3194934757437,30,6,0,8,23316.0,157,322644.8155179329,55427.29903277361,0,4,0.0,0.5,0.19769030748516786,0.4075356898429011,0.0722652244158068,1,0.6583333333333334,1,0,0
51,138735.0,149583.0,691.806736634329,90,0,3,1,11315.0,44,88471.63987617177,2409.0340486082328,2,0,0.6666666666666666,0.0,0.05314186511224743,0.01736428477751276,0.12789409143808003,3,0.4227777777777778,0,0,1
60,43115.0,205608.0,759.3951921116093,5,6,4,2,12859.0,169,44150.916319796816,7388.588504476512,1,2,0.25,1.0,0.0853355682859732,0.17136932632440013,0.2912510333162476,0,0.5222222222222221,1,0,0
37,29941.0,1291429.0,632.9588150003705,15,0,6,6,19780.0,47,805043.2888703671,36433.233754664594,4,1,0.6666666666666666,0.16666666666666666,2.240637945933578,1.2168342324793626,0.024570107314049162,0,0.26694444444444443,0,1,1
60,25357.0,149106.0,661.2327414882925,180,2,4,3,21228.0,55,102825.6309812564,6064.371751512046,1,2,0.25,0.6666666666666666,0.33792651266992807,0.23915966997326363,0.20644658143522165,6,0.6847222222222221,0,0,1
32,142049.0,328246.0,588.7643373058789,5,0,1,3,6614.0,22,151312.2403303608,10243.373666761725,1,1,1.0,0.3333333333333333,0.08876763202038311,0.07211155070969683,0.043710938292629994,0,0.1252777777777778,1,1,1
40,119370.0,301100.0,652.8150023734162,180,3,6,5,17597.0,8,215943.61313413284,16326.004347348673,0,4,0.0,0.8,0.15075229198719167,0.13676806858799256,0.08148886528572469,6,0.6377777777777778,0,0,0
65,146307.0,97935.0,850.0,45,4,0,9,28835.0,111,23036.443638185345,4714.395681603608,0,1,0.0,0.1111111111111111,0.01312106486029681,0.03222262558595015,1.2517123065038969,1,0.6597222222222222,1,0,0
67,119477.0,219657.0,734.4553214877309,90,4,0,6,1937.0,73,82575.06503896014,9448.509942442246,0,1,0.0,0.16666666666666666,0.05759481255734028,0.07908224965844678,0.023457444436599532,3,0.703888888888889,0,0,0
66,83075.0,880420.0,661.4688706774476,15,5,5,10,9936.0,21,665359.0786702186,31366.443765091146,5,2,1.0,0.2,0.667428105798193,0.377567785315572,0.014933289885903431,0,0.3225,1,1,1
36,113508.0,1008737.0,637.1818374672799,15,5,6,1,16011.0,101,218150.42484381076,38982.152251477375,1,1,0.16666666666666666,1.0,0.16015789257424642,0.34343087933429695,0.07339431042347684,0,0.5208333333333334,0,1,0
62,135041.0,170769.0,677.0156623040497,30,6,3,5,27777.0,62,62128.17473484254,5581.656749773661,1,1,0.3333333333333333,0.2,0.038339081423939485,0.041333052552733326,0.4470918406753415,1,0.5761111111111112,0,1,0
66,82612.0,1416458.0,689.1035526535547,5,3,0,6,29045.0,70,872356.9695764597,66270.81027628835,0,2,0.0,0.3333333333333333,0.8799740247345621,0.8021935103409716,0.033294856363790745,0,0.4819444444444444,0,0,0
68,166252.0,188854.0,650.6651204997969,15,1,0,9,17676.0,160,63368.822805332944,9693.755989771762,0,1,0.0,0.1111111111111111,0.03176343883849665,0.058307605260518744,0.2789384308794898,0,0.5013888888888889,1,0,0
22,163736.0,1046161.0,717.104143703979,180,1,6,6,16405.0,72,534229.4969000992,57500.98871819353,0,1,0.0,0.16666666666666666,0.2718957635564258,0.3511811007853711,0.030707776517753253,6,0.7766666666666667,0,0,0
57,147715.0,1210546.0,613.2586756957713,0,1,1,10,12433.0,81,941676.0448817974,47154.65489811918,1,9,1.0,0.9,0.5312460057553382,0.3192272612674351,0.013203054349291253,0,0.22333333333333336,0,1,1
69,178747.0,805133.0,612.9128627511012,60,4,4,10,13362.0,123,283607.92720672424,34037.33346798316,3,1,0.75,0.1,0.13222036696500467,0.190421844663033,0.04711433891006976,2,0.5775,1,1,0
58,81252.0,762833.0,705.9136819935143,90,0,2,8,22016.0,161,363786.0065105978,23643.627789235506,2,8,1.0,1.0,0.37310466871646014,0.2909913330039323,0.06051909530873786,3,0.375,1,1,1
32,36485.0,208132.0,598.1950772504922,5,6,1,4,16330.0,132,34068.975334855306,3192.5217395747886,0,4,0.0,1.0,0.0778150274881351,0.08750230888241164,0.4793217242225978,0,0.5597222222222222,0,1,1
58,96442.0,400187.0,731.0312077003778,0,6,4,3,16591.0,88,272638.2419705233,17259.853518875076,2,3,0.5,1.0,0.23558048876572044,0.17896615083547704,0.0608535320653724,0,0.47055555555555556,1,0,0
26,138834.0,1283346.0,679.0003571322146,45,1,5,6,25316.0,55,534249.7611710612,67197.81557806971,5,4,1.0,0.6666666666666666,0.32067658809024996,0.4840155551094812,0.04738607640087289,1,0.2763888888888889,1,1,0
44,144255.0,555508.0,552.0463546897951,5,5,3,5,4157.0,32,441651.19215398707,27433.752608982046,0,4,0.0,0.8,0.2551333819474698,0.1901754019547471,0.009412405250681655,0,0.4175,1,0,1
51,80940.0,99951.0,687.6649387892663,180,4,3,0,28728.0,22,21631.511679199157,5012.025995641376,2,0,0.6666666666666666,0.0,0.022271138785107444,0.06192273283470936,1.3280625240641328,6,0.6822222222222222,0,0,1
43,65400.0,1107399.0,562.0397362787704,5,3,3,2,21134.0,136,815790.6817027524,34423.539777938095,0,2,0.0,1.0,1.039488636216555,0.5263538192345274,0.02590615518663223,0,0.45972222222222225,0,0,1
55,90166.0,1041299.0,728.5353406758964,5,5,4,10,17600.0,132,791747.7395392943,45340.3048018368,1,7,0.25,0.7,0.7317500864510036,0.5028536787906395,0.02222930249253527,0,0.5188888888888888,1,0,0
32,148229.0,146213.0,662.5899969524583,15,4,5,5,17384.0,63,107035.4692222346,5927.065502718381,4,3,0.8,0.6,0.060174611143475415,0.039985869854875775,0.16241345159991882,0,0.37249999999999994,0,1,1
50,27816.0,124055.0,809.5758951554774,15,2,4,11,17300.0,168,86935.83369035367,4545.051694660486,4,5,1.0,0.45454545454545453,0.26044912307770607,0.1633970266990396,0.19899734396772217,0,0.3503787878787879,1,1,1
52,71147.0,218896.0,754.9918991060824,5,3,1,2,16969.0,173,71872.74482936057,4610.998906347143,0,2,0.0,1.0,0.08418338654401049,0.06480946359434893,0.2360978426563171,0,0.45972222222222225,1,0,1
52,55240.0,123811.0,605.7515245637723,60,0,1,11,10518.0,111,57268.699721197525,4707.007262471104,1,3,1.0,0.2727272727272727,0.08639376617366269,0.08521012423010688,0.18366053448402028,2,0.3893939393939394,0,0,0
35,148570.0,943579.0,538.5482095311008,30,1,4,9,22144.0,47,414669.2481830211,25423.449959621354,1,5,0.25,0.5555555555555556,0.23258915448555176,0.1711210201226449,0.05340159680764748,1,0.35305555555555557,1,0,0
35,94084.0,242302.0,627.1429120246038,45,6,4,4,7579.0,91,80148.30705639959,10453.772520955772,3,0,0.75,0.0,0.07099002580707983,0.11111105523740245,0.09456219698647822,1,0.625,1,0,0
33,32061.0,930109.0,594.511897801874,15,1,2,7,19604.0,147,482510.6318686228,49104.26487717103,2,5,1.0,0.7142857142857143,1.2541473853711747,1.531588686477996,0.040629156551596456,0,0.2910714285714286,0,1,0
43,60409.0,305401.0,807.8016660813965,0,4,5,11,15793.0,91,205580.61503868506,13470.111822925164,5,1,1.0,0.09090909090909091,0.2835954563043656,0.22298187063062067,0.07682144543165297,0,0.4242424242424243,0,1,0
49,25192.0,1460070.0,679.2779738503895,0,2,2,7,10987.0,88,743241.4528758505,37058.26528607544,0,0,0.0,0.0,2.458589541904343,1.47103307740852,0.014782544699959363,0,0.5122222222222222,0,1,0
38,95040.0,1102585.0,745.3393162928216,0,3,2,11,24117.0,95,971210.1145492124,37057.78661048454,2,3,1.0,0.2727272727272727,0.8515801369153447,0.3899177884099804,0.02483190778052586,0,0.3727272727272728,0,1,1
41,179623.0,593096.0,660.047836121459,120,1,3,1,9554.0,151,404235.7476171201,22297.223846881614,3,1,1.0,1.0,0.18753896940495746,0.12413345644422827,0.02363472319387562,4,0.4666666666666667,1,0,0
35,109891.0,671631.0,667.4232758203548,15,3,1,1,19786.0,73,323742.48078260216,29582.735079722792,1,1,1.0,1.0,0.24550272602139253,0.26920070869973695,0.06111647736858664,0,0.2913888888888889,1,0,1
31,158852.0,144362.0,677.7161084243764,15,3,4,0,7524.0,32,65391.388695535126,3019.172493145178,1,0,0.25,0.0,0.03430414720176387,0.019006197549575568,0.11506102179649433,0,0.4127777777777778,1,1,0
53,138299.0,129579.0,757.4577523014713,60,4,6,3,6015.0,92,76154.22209445138,4667.915147120822,5,2,0.8333333333333334,0.6666666666666666,0.04588742633379573,0.03375234200623882,0.07898445857065953,2,0.5083333333333333,0,1,0
60,161021.0,829429.0,701.8137328972219,0,2,6,9,17254.0,114,393002.5392223376,40978.32088614005,0,6,0.0,0.6666666666666666,0.2033909341133235,0.2544905377940769,0.043903024225089564,0,0.44999999999999996,0,0,0
35,68384.0,82998.0,605.9866309566335,60,4,3,11,29272.0,168,26265.026258692415,1336.5601255980819,1,2,0.3333333333333333,0.18181818181818182,0.0320067879653774,0.019544924625615377,1.1144858456142768,2,0.6318181818181818,1,0,1
63,172107.0,975602.0,793.5759896660492,45,5,1,6,8996.0,20,527590.4173721679,43027.18441419909,1,0,1.0,0.0,0.25545659452751673,0.2500025240937271,0.017051105751327785,1,0.39861111111111114,1,0,1
48,56660.0,604528.0,659.5029150709581,120,5,3,5,3433.0,169,395685.311080525,30357.86057097097,2,0,0.6666666666666666,0.0,0.5819586290747808,0.5357899853683545,0.00867608653610434,4,0.7500000000000001,0,1,0
29,89007.0,252424.0,648.1135913286346,5,3,0,11,3612.0,144,105723.6801728852,11821.154314168896,0,0,0.0,0.0,0.09898442460788215,0.132811512736851,0.03416453148522127,0,0.5597222222222222,0,0,0
38,128366.0,826747.0,481.9346288425676,0,2,4,7,14754.0,127,299689.8273754878,43217.01284581526,1,2,0.25,0.2857142857142857,0.1945542611072297,0.3366702463722112,0.04923090025846756,0,0.4505952380952381,0,0,0
21,64467.0,851649.0,724.4079713812936,90,3,3,6,23480.0,42,266603.9938987096,39438.519175271285,2,5,0.6666666666666666,0.8333333333333334,0.34462592476087195,0.61176290466861,0.08807069862922128,3,0.435,1,1,0
22,60841.0,1132135.0,687.0708847763318,30,3,0,1,21367.0,37,477892.690990479,40440.911337467296,0,0,0.0,0.0,0.6545650287778513,0.6646983339765503,0.04471087422516301,1,0.4905555555555555,0,0,1
37,39064.0,336762.0,686.9947959621331,0,6,3,2,6273.0,76,112234.58020209153,11475.963775413038,0,1,0.0,0.5,0.239424577194031,0.29377339175233047,0.05589186495556653,0,0.568888888888889,0,1,0
43,18680.0,843694.0,651.8022730222427,60,2,5,8,25047.0,32,609420.4605457938,13729.927884873701,5,5,1.0,0.625,2.718685138052256,0.735006846085316,0.04109970311395197,2,0.29194444444444445,0,1,1
60,99195.0,1274858.0,639.7347511907052,45,2,1,8,4946.0,118,801931.1683251208,20071.332076708622,1,0,1.0,0.0,0.6736992525875976,0.20234217527807472,0.006167611629723789,1,0.4541666666666667,1,1,0
27,177854.0,441486.0,654.1293701218699,180,5,2,5,16776.0,135,161230.322315607,17914.952409611822,1,3,0.5,0.6,0.07554432395654441,0.10072841999399408,0.10404990673628452,6,0.8316666666666666,0,0,0
62,53647.0,1260984.0,712.4212609789096,180,4,6,8,25470.0,86,1127160.1281101003,32805.88657190189,2,3,0.3333333333333333,0.375,1.7508902767320016,0.6115139070572797,0.022596611931887025,6,0.8369444444444444,0,0,0
32,89305.0,1098860.0,724.7382441123345,45,2,4,8,24236.0,124,696956.4613825666,29981.092412974343,1,8,0.25,1.0,0.650352221210614,0.3357157204296998,0.03477405167020413,1,0.4666666666666667,0,0,0
27,169559.0,672962.0,663.827788813778,5,0,5,0,21063.0,140,172853.45193476428,31819.41075292669,1,0,0.2,0.0,0.0849524609598843,0.18765981606949023,0.12185466801061791,0,0.4297222222222222,1,0,0
55,143114.0,1330627.0,746.4256246021731,90,4,3,10,9930.0,164,1027247.9972944089,25881.833588917285,1,5,0.3333333333333333,0.5,0.5981525201904361,0.18084767100994512,0.009666604389742183,3,0.6583333333333333,1,0,1
58,18648.0,1451777.0,674.4718073287765,5,5,3,8,22984.0,123,1038422.0745946323,38259.238403999814,1,4,0.3333333333333333,0.5,4.640453286298049,2.051653711068201,0.022133581866479717,0,0.5263888888888889,0,0,0
50,99096.0,393432.0,644.7041507313442,120,6,3,2,11599.0,42,206560.2525616464,16682.123843933678,1,2,0.3333333333333333,1.0,0.17370382639195528,0.1683430596990159,0.05615310717408405,4,0.6266666666666667,1,0,0
26,41197.0,1470672.0,693.8890902435155,60,3,3,2,10510.0,23,478112.0012285939,23858.19571583241,2,2,0.6666666666666666,1.0,0.9671254404216203,0.579124589553424,0.021982296978516926,2,0.31777777777777777,1,1,0
26,58017.0,53499.0,584.8429507054298,30,3,1,11,15981.0,169,40560.65151624637,1914.813133352435,0,6,0.0,0.5454545454545454,0.058259722030103774,0.03300434585298163,0.39400254686734726,1,0.5537878787878787,1,0,1
40,57929.0,237414.0,696.2902816355474,180,1,0,3,18523.0,139,57783.87604389099,4372.794776069038,0,2,0.0,0.6666666666666666,0.08312456634255005,0.0754854179438457,0.32055655086083973,6,0.7666666666666666,1,0,0
43,117221.0,112604.0,572.047252613154,45,3,5,0,6274.0,152,52194.93196406483,5119.684010393749,1,0,0.2,0.0,0.03710578875518951,0.04367548485675561,0.12020324127100163,1,0.6075,0,0,0
69,50230.0,583185.0,608.0591128011365,30,0,3,0,27965.0,76,444965.4579761032,23550.933543015723,2,0,0.6666666666666666,0.0,0.7382133153761086,0.4688619060922899,0.0628475750167148,1,0.37722222222222224,1,1,0
35,58802.0,1408624.0,538.6916015298364,5,3,3,2,26008.0,28,1057990.1560500232,55418.195080068646,0,1,0.0,0.5,1.4993681564828054,0.9424542546183573,0.024582459346408424,0,0.37194444444444447,1,0,1
30,54576.0,920466.0,667.741813312995,60,4,4,7,8480.0,107,572915.6907945453,21954.404802484616,4,5,1.0,0.7142857142857143,0.8747979740706314,0.4022721489754584,0.014801479757413439,2,0.4785714285714286,0,1,0
67,75815.0,944039.0,792.6743591616366,15,5,2,5,7251.0,115,147087.59123115835,41526.33843696825,2,1,1.0,0.2,0.1616738016126518,0.5477324861434841,0.04929715647191849,0,0.4758333333333334,1,1,1
28,124279.0,173014.0,671.8046337242995,5,4,6,8,2068.0,38,69178.21748175385,4682.998690368544,1,2,0.16666666666666666,0.25,0.04638636822643263,0.037681335465915754,0.029893802923520642,0,0.4275,1,0,0
22,82794.0,798377.0,725.0509765603189,5,5,3,2,12183.0,84,630636.7464320178,30204.670882038314,2,2,0.6666666666666666,1.0,0.6347448148738816,0.36481714716088504,0.01931856979303587,0,0.41305555555555556,0,1,0
41,71056.0,604850.0,844.6619728118673,60,4,3,2,5126.0,76,417966.0970800789,11299.31771313024,3,1,1.0,0.5,0.49018391254794214,0.15901989576010808,0.012264152609052165,2,0.46888888888888886,1,1,1
40,101851.0,745161.0,708.2839093684067,180,5,3,4,27912.0,46,564792.1587171555,14041.412057959762,3,2,1.0,0.5,0.46210654020509984,0.13786228959911795,0.049419949567639385,6,0.6688888888888889,0,1,1
51,117633.0,428699.0,626.4351568788385,15,3,1,9,26923.0,147,84554.84952990919,9757.021706371383,1,1,1.0,0.1111111111111111,0.05990017648810934,0.08294459638342457,0.3184087033408611,0,0.4180555555555556,0,0,1
64,20488.0,342273.0,636.0701978084913,5,4,1,6,24858.0,87,292840.9353577019,8091.403014775399,0,2,0.0,0.3333333333333333,1.191107540014081,0.3949337668281628,0.08488567341050264,0,0.5530555555555555,1,0,0
66,162221.0,1430472.0,680.0460745756104,60,4,1,9,8445.0,166,460307.8899191762,28691.401664732028,0,6,0.0,0.6666666666666666,0.23646131405057308,0.1768661373356842,0.018346415920619627,2,0.6333333333333333,0,0,0
35,166461.0,859703.0,635.6973748317353,5,4,1,1,20701.0,0,343210.42278520734,16961.886821050386,1,1,1.0,1.0,0.1718172338591859,0.10189706190068777,0.06031576731268264,0,0.14305555555555555,1,1,1
69,115614.0,646799.0,640.9339100130597,0,3,1,4,14737.0,168,504786.0443510521,32444.239945953253,0,1,0.0,0.25,0.3638443760783383,0.28062552931265466,0.029194547204540372,0,0.5250000000000001,1,0,0
52,111085.0,157022.0,748.9677736481643,60,5,1,5,8199.0,119,71392.30908321454,5838.915813150173,0,0,0.0,0.0,0.05355681766456208,0.05256259452806565,0.11484430333305629,2,0.7333333333333333,1,0,0
24,130514.0,1155872.0,751.8309396540549,45,1,6,0,16037.0,126,730866.5636025753,46104.360107660556,6,0,1.0,0.0,0.46665910911382136,0.35325221897773845,0.021942445856259568,1,0.4208333333333333,0,1,1
66,89420.0,735238.0,564.7175262565935,0,2,2,3,4959.0,51,414874.71673090203,19493.26993980904,1,2,0.5,0.6666666666666666,0.38663490338748047,0.21799675620452966,0.011953006052225953,0,0.28833333333333333,1,1,0
27,77211.0,610722.0,622.7281337469847,15,3,5,3,28800.0,14,488307.18913574447,10516.324286828043,4,1,0.8,0.3333333333333333,0.5270267936085796,0.13620241010773132,0.0589792668237655,0,0.2569444444444445,0,0,0
49,75135.0,1017074.0,647.5196929160625,5,4,2,5,4914.0,41,271652.9916866841,54648.35158350275,2,5,1.0,1.0,0.30129432763989716,0.7273354839090005,0.01808925412339155,0,0.23416666666666666,0,0,0
59,43877.0,241127.0,721.9362262315676,90,3,5,1,9044.0,79,53854.11928629483,4138.010747227304,0,0,0.0,0.0,0.10228236374086429,0.09430933626335675,0.1679351574188974,3,0.7005555555555556,0,0,1
33,154269.0,823136.0,760.015291195396,60,1,5,3,6642.0,60,513855.25131193246,39432.38080001579,1,2,0.2,0.6666666666666666,0.2775753452907651,0.2556079367858467,0.012925819057102557,2,0.43666666666666665,0,0,0
34,69934.0,1301569.0,850.0,90,5,5,11,15641.0,34,1019754.945861492,54149.770273392984,3,4,0.6,0.36363636363636365,1.2151396863012411,0.7742981993507162,0.015337998666715402,3,0.5408585858585858,0,1,1
44,64072.0,722772.0,647.4028692602137,0,3,2,1,20161.0,2,608809.8045253619,22623.37114656241,1,0,0.5,0.0,0.791830290565512,0.35309294460236,0.03311543252119247,0,0.2794444444444445,1,0,1
64,174213.0,50604.0,650.8989899960579,120,3,0,9,28743.0,125,22768.977884798598,2270.2923985566513,0,7,0.0,0.7777777777777778,0.010891350379898265,0.013031704858745623,1.262375506947542,4,0.7055555555555556,1,0,0
31,100086.0,383384.0,721.19990109464,5,6,2,6,11659.0,120,268806.7973919027,17478.206379398314,0,3,0.0,0.5,0.2238131851540198,0.17463188037685903,0.04337315913556286,0,0.6097222222222223,1,0,0
53,118733.0,131114.0,632.2448296731599,180,3,4,0,6040.0,29,58095.285897131434,6572.9638556435,0,0,0.0,0.0,0.04077445886788806,0.055359199680320555,0.10396712756857672,6,0.7644444444444444,0,0,0
43,57762.0,775276.0,670.1326696956638,120,1,4,4,649.0,140,301703.696889886,28527.840639490107,3,0,0.75,0.0,0.4352684245840489,0.493885956848622,0.0021511171612751834,4,0.6041666666666666,1,0,1
26,62956.0,578357.0,650.9473323851518,45,6,4,6,17936.0,175,97256.04396087502,13619.317483874078,1,4,0.25,0.6666666666666666,0.1287354712826882,0.21633073073057496,0.18442041511801,1,0.6333333333333333,0,0,0
55,135990.0,242016.0,496.48422546670747,120,2,6,3,29371.0,179,81700.46354152149,9173.16907721677,1,0,0.16666666666666666,0.0,0.05006523981023205,0.06745473253339782,0.35949612434050865,4,0.725,1,0,1
61,91048.0,1046002.0,688.6263261106081,90,6,1,3,1908.0,35,290400.697805915,19845.381248007467,0,3,0.0,1.0,0.2657945056507877,0.21796614146392526,0.006570232146188517,3,0.6027777777777777,0,0,1
49,41934.0,306082.0,667.2347328488047,90,3,3,8,29884.0,76,107575.4156103525,9197.506853720017,1,2,0.3333333333333333,0.25,0.2137792237213091,0.21933292444603464,0.27779581264405656,3,0.6188888888888888,1,1,0
29,153353.0,545471.0,768.9861735179829,0,1,3,0,7889.0,9,199939.85604140876,21499.55493654816,1,0,0.3333333333333333,0.0,0.10864902982085382,0.1401965069907218,0.03945686546041196,0,0.25333333333333335,1,0,1
28,83247.0,1482165.0,680.3843285275449,0,2,1,11,27252.0,2,1177108.9169949717,37166.00616554433,0,9,0.0,0.8181818181818182,1.1783296665294962,0.44645460095311934,0.02315163839687098,0,0.23929292929292928,1,0,0
41,126287.0,146153.0,592.167676518008,180,6,4,3,2076.0,151,44215.971391151674,7249.672559774004,2,1,0.5,0.3333333333333333,0.02917690880768387,0.05740632495644052,0.04695136021404792,6,0.8916666666666666,0,0,0
45,73286.0,409174.0,661.9330788914334,120,6,0,4,26752.0,174,312802.90838786145,22112.61151052243,0,1,0.0,0.25,0.35568743050953505,0.3017303647425488,0.08552350148493099,4,0.8583333333333334,1,0,0
48,108825.0,510868.0,533.6242009804361,60,0,6,1,9904.0,36,405888.0936206073,9214.221029995704,3,0,0.5,0.0,0.3108110066778523,0.08467007608541884,0.024400814302420734,2,0.3716666666666667,0,0,0
32,143652.0,787665.0,595.235751536025,15,6,0,10,8244.0,83,392124.99007578375,18301.953192724224,0,10,0.0,1.0,0.2274739126939779,0.1274047920859036,0.02102390872463071,0,0.5636111111111112,1,0,0
45,161396.0,405222.0,724.4854177707099,30,5,0,2,6193.0,4,280975.53514992504,13745.318322112866,0,1,0.0,0.5,0.14507563960172756,0.08516517337550414,0.022041064880241237,1,0.4338888888888889,1,0,0
35,51589.0,1456539.0,662.6861692032436,30,4,1,9,4009.0,146,566529.1750304374,24058.61166497181,0,1,0.0,0.1111111111111111,0.9151323845368157,0.4663515800843554,0.007076422851099613,1,0.6305555555555555,0,1,0
54,126935.0,57858.0,744.5755767648645,30,1,6,3,23952.0,98,9449.842927062855,1082.93381405311,1,0,0.16666666666666666,0.0,0.006203859539044166,0.008531404372734943,2.534645304146301,1,0.5166666666666667,1,1,1
60,166171.0,1424683.0,542.3175424385366,60,4,6,0,2080.0,52,971973.7954109026,72695.31192899848,3,0,0.5,0.0,0.48743653395744074,0.43747291602625293,0.0021399753880408665,2,0.5405555555555556,1,1,1
52,122122.0,825462.0,663.0277021873372,90,2,6,4,13901.0,174,499247.348285838,13885.25626007385,5,1,0.8333333333333334,0.25,0.34067527300966655,0.11369987602621845,0.027843913538507473,3,0.5416666666666667,1,1,1
21,41180.0,105511.0,646.7141251128551,30,0,5,6,28457.0,24,52335.85391564234,2627.157439321702,0,3,0.0,0.5,0.10590872170074944,0.06379692664695731,0.5437381426100064,1,0.31166666666666665,1,0,0
69,48742.0,219136.0,746.9094007829244,120,6,6,5,12150.0,48,180571.90362944154,7000.367073541531,5,0,0.8333333333333334,0.0,0.3087205825732796,0.14362084185182247,0.06728621538450122,4,0.665,0,0,0
22,50853.0,199426.0,727.0933937716636,0,4,3,11,24812.0,134,138689.49140102262,3154.593990991624,0,4,0.0,0.36363636363636365,0.22727189382636,0.06203358682853763,0.1789032445742825,0,0.546969696969697,1,0,1
69,35234.0,466869.0,724.9576505061808,120,0,0,6,20769.0,73,219048.35708317134,22140.67968372829,0,2,0.0,0.3333333333333333,0.5180799726664853,0.6283896146826443,0.09481468054158533,4,0.6122222222222222,0,1,1
22,140104.0,532940.0,787.8987026658871,90,2,3,9,23860.0,126,101276.78970797123,25687.873597229656,2,8,0.6666666666666666,0.8888888888888888,0.06023905438577249,0.18334860958452048,0.23559198577284723,3,0.5027777777777778,1,0,0
46,174353.0,979725.0,654.2339023499403,45,5,1,4,28415.0,42,790701.0725703848,30162.607048968497,0,2,0.0,0.5,0.377921550231611,0.1729973504841815,0.03593646320426689,1,0.5475,0,0,0
26,101734.0,501240.0,773.4556584710504,30,3,1,1,2936.0,118,445342.77036340866,11564.287549500763,1,0,1.0,0.0,0.36479345676257746,0.11367180637250833,0.006592674666311895,1,0.45833333333333337,1,0,0
25,115015.0,1101417.0,606.9055694384185,30,3,4,5,9046.0,100,689366.7444850765,55835.58744792479,3,1,0.75,0.2,0.49947597015249934,0.485463526043775,0.013122187967968955,1,0.47583333333333333,1,1,0
54,143339.0,476004.0,604.3385575164015,30,0,1,6,9643.0,8,345650.5209056028,20059.876432352896,1,5,1.0,0.8333333333333334,0.2009516605771416,0.13994709348016168,0.02789812083816736,1,0.09277777777777776,1,1,0
56,85340.0,432010.0,732.6922600048837,180,0,2,5,2002.0,58,228757.34320488203,15532.691105452284,2,0,1.0,0.0,0.2233783915366788,0.18200950439948774,0.00875163162830995,6,0.5788888888888889,0,1,0
26,94538.0,449274.0,574.6681483113839,0,6,2,9,3186.0,53,147129.2046905266,13790.875307413646,0,1,0.0,0.1111111111111111,0.12969141570102902,0.14587652909320745,0.021654436362253657,0,0.5566666666666668,0,0,0
68,113421.0,527330.0,720.093593989327,60,6,0,11,3293.0,106,439819.91251251375,19285.024390967446,0,0,0.0,0.0,0.3231470307618767,0.17003045636140968,0.007487155324979306,2,0.7666666666666666,0,0,1
36,67352.0,1264722.0,687.0919235604928,180,0,4,0,28489.0,78,842637.4372449697,31593.339322151376,4,0,1.0,0.0,1.04257908357704,0.469077968317962,0.0338093214718132,6,0.6233333333333333,0,1,1
36,28013.0,408018.0,755.0296910058411,45,3,5,0,25716.0,86,229070.40202611565,13458.066963607878,0,0,0.0,0.0,0.6814407656746143,0.48042219553806725,0.11226243011992529,1,0.6286111111111111,0,0,0
35,109979.0,446226.0,675.8389224531577,60,4,3,3,17652.0,30,295206.7293080156,18936.00588278208,2,0,0.6666666666666666,0.0,0.22368416493756052,0.17217837844299438,0.059795384886304835,2,0.4666666666666667,0,1,0
43,151184.0,1437488.0,683.9234262406869,60,6,0,7,25375.0,167,767469.1605967915,45215.25727507642,0,7,0.0,1.0,0.42303261841905204,0.29907435492562984,0.03306321778489204,2,0.6666666666666666,0,0,1
29,29862.0,997928.0,715.6485495047434,45,3,5,0,10315.0,134,193386.84110198318,42310.33386368834,3,0,0.6,0.0,0.5396681431863884,1.4168620274492112,0.053338686030660956,1,0.5475,0,1,0
41,53096.0,326253.0,633.6145314958155,60,6,3,2,14260.0,120,210541.1284172554,14534.252281478195,3,2,1.0,1.0,0.33044097549290496,0.2737353525967718,0.06773023450192209,2,0.5166666666666666,0,1,1
31,60604.0,1308859.0,630.5655584756845,180,0,1,4,26505.0,49,201449.97530545286,59092.98990691051,1,3,1.0,0.75,0.2770031341515588,0.9750674857585392,0.1315711255849559,6,0.48388888888888887,1,1,1
23,148336.0,315611.0,713.2100607890394,90,0,6,4,4429.0,122,99499.31663807924,11919.71758955752,4,0,0.6666666666666666,0.0,0.055897487594649554,0.08035620206529447,0.04451286852662648,3,0.525,1,0,1
39,99745.0,285067.0,677.9498533608554,120,3,6,10,4387.0,42,76108.45634211884,6378.522128651029,6,7,1.0,0.7,0.06358585755519812,0.06394828942454286,0.057641426601530085,4,0.45666666666666667,0,1,0
53,104569.0,695301.0,651.4880257887004,45,1,3,6,15794.0,87,281660.658233171,29913.509222268116,0,5,0.0,0.8333333333333334,0.224461566233118,0.2860647918816104,0.0560745689478757,1,0.4808333333333334,0,0,1
58,122532.0,1052346.0,674.2051130211632,90,5,3,10,7581.0,48,874748.6475543899,50271.87580703544,0,8,0.0,0.8,0.5949117016741137,0.41027548564485555,0.008666489535245186,3,0.6183333333333334,1,0,0
38,62804.0,324494.0,791.6191655486831,120,2,6,9,20052.0,54,68071.1238763118,6091.256493495897,1,7,0.16666666666666666,0.7777777777777778,0.09032217145976876,0.09698835254913536,0.29457424614342137,4,0.5672222222222222,1,1,0
36,133594.0,1142332.0,648.9887115282075,5,2,1,4,19077.0,116,477557.2510619602,58074.60408965578,0,3,0.0,0.75,0.2978909051940707,0.43470967326119275,0.039947042909678016,0,0.45138888888888895,0,0,1
59,22894.0,277227.0,646.9586270702589,120,3,2,11,9967.0,56,199512.36074133328,14596.56367564262,1,5,0.5,0.45454545454545453,0.7262177890179861,0.6375715766420293,0.04995680449554784,4,0.5873232323232324,1,0,0
54,36422.0,1183554.0,560.4789042736254,90,6,3,10,3475.0,131,943669.753434864,49389.04277933761,3,0,1.0,0.0,2.1591111449006646,1.3560222607033554,0.00368243232057756,3,0.6749999999999999,1,0,0
61,150165.0,189025.0,677.035294329002,30,0,2,5,2475.0,90,132713.8575955101,3675.136585727631,1,4,0.5,0.8,0.07364890708859705,0.024473989183415784,0.018649145197356786,1,0.3533333333333334,0,0,1
65,124629.0,723428.0,725.9818457868274,90,3,2,10,13287.0,176,632210.0399829578,29767.34898970651,2,10,1.0,1.0,0.42272801674232974,0.23884769186711366,0.02101674943403014,3,0.47500000000000003,1,1,0
61,46586.0,978248.0,738.5338680976607,5,2,0,3,9658.0,34,657322.0723260606,28606.64834467829,0,2,0.0,0.6666666666666666,1.1758219070215312,0.6140610557823872,0.014692949478819887,0,0.3352777777777778,1,0,1
66,89078.0,435090.0,687.5752321141373,90,0,1,2,1017.0,170,308305.05930493586,11810.875997610969,1,1,1.0,0.5,0.28842237449663577,0.13259026917545264,0.003298680865934522,3,0.425,1,0,1
41,26392.0,937519.0,746.9083501156618,60,5,2,9,20717.0,23,437400.24091958615,15441.463333704756,1,9,0.5,1.0,1.3811010941433837,0.5850812114922991,0.04736394281915523,2,0.40944444444444444,0,1,1
40,126839.0,1048541.0,731.1861281316169,120,6,5,9,28716.0,98,394817.5850754907,46128.84532004378,4,4,0.8,0.4444444444444444,0.2593954968342352,0.3636802980159397,0.07273232268646136,4,0.7188888888888889,1,0,1
36,140452.0,992736.0,757.9065160784584,60,1,2,2,29351.0,67,492800.59860399115,37393.58274136429,1,1,0.5,0.5,0.2923896886504471,0.266237452947372,0.05955958674389948,2,0.42388888888888887,1,0,1
32,63100.0,625498.0,748.9011858834293,45,5,1,9,3533.0,135,454072.60299769515,20661.277242694803,0,8,0.0,0.8888888888888888,0.5996732739008124,0.32743704029627263,0.007780694049092262,1,0.6152777777777777,0,1,1
57,74707.0,1171285.0,789.8984737275076,45,4,5,6,5702.0,23,746925.273956699,35779.87114030287,5,6,1.0,1.0,0.8331718959364572,0.4789359918120507,0.007633963126986862,1,0.27194444444444443,1,0,1
56,56364.0,1110911.0,668.1214783403625,45,4,2,6,12959.0,45,809769.9507868526,34964.911578031315,0,1,0.0,0.16666666666666666,1.19723279455393,0.6203412032153736,0.016003310554321946,1,0.5541666666666667,1,0,0
60,81072.0,523219.0,587.1059370346944,180,3,6,10,27436.0,41,324756.76930882514,17330.99429074891,3,3,0.5,0.3,0.33381517797844834,0.21377287214758375,0.08448168781328752,6,0.686111111111111,0,0,1
29,62114.0,1113457.0,726.4603120579794,120,2,0,1,17236.0,165,779226.1705101384,37968.376542653124,0,0,0.0,0.0,1.045424770730885,0.6112692234062067,0.02211938029329284,4,0.75,1,0,1
45,58024.0,1381714.0,734.6387232525943,0,0,0,4,13698.0,96,368574.70337836846,26124.376169181563,0,0,0.0,0.0,0.5293423172284578,0.4502339750651724,0.037164786064924314,0,0.44999999999999996,0,0,1
31,87693.0,1234225.0,789.8996775366797,45,0,6,3,27771.0,29,484734.33992205403,37289.44270281693,1,3,0.16666666666666666,1.0,0.4606357215152616,0.4252271299056587,0.05729117521252077,1,0.27694444444444444,0,0,0
64,157186.0,1113146.0,769.6903249318794,15,1,0,6,19896.0,142,635488.178030802,19548.477373554688,0,6,0.0,1.0,0.336908809749173,0.12436525755191104,0.03130821420101326,0,0.4125,1,0,1
34,141562.0,1161449.0,816.1830719105196,5,3,0,1,29545.0,51,188631.58266261444,53469.90168110305,0,1,0.0,1.0,0.11104179479816526,0.3777136638441323,0.1566280661115167,0,0.3730555555555556,1,0,0
28,66167.0,1216827.0,723.3897786228573,120,0,4,1,25910.0,40,1015104.9733659632,43671.40733793738,3,1,0.75,1.0,1.2784632991344669,0.6600179445635647,0.025524453805093307,4,0.35972222222222217,0,0,0
48,170741.0,469222.0,696.0167414357039,120,4,2,8,29948.0,88,154663.72203129207,22044.334595483106,1,3,0.5,0.375,0.0754865176062438,0.12910978965499267,0.19363299684421678,4,0.6997222222222221,1,0,0
64,52051.0,1095395.0,583.0511815071977,180,4,3,0,16723.0,142,237017.8987564687,35241.92431795812,3,0,1.0,0.0,0.3794642093915402,0.6770652690238058,0.07055585290283313,6,0.7833333333333333,0,1,0
65,165539.0,339166.0,701.5667574159856,30,2,2,5,11235.0,151,219843.2157858945,7164.520525317878,2,5,1.0,1.0,0.110670403845365,0.0432799553296678,0.05110460179467979,1,0.325,0,1,1
25,68098.0,569760.0,641.3247650190077,30,0,2,11,1843.0,2,168252.56960473023,15373.846507247621,0,11,0.0,1.0,0.20589514327969768,0.22576061715832507,0.010953770300980806,1,0.21277777777777776,1,0,1
36,105522.0,1405064.0,694.8057009402729,120,3,3,11,21896.0,161,802925.2769031888,34219.52742878212,1,8,0.3333333333333333,0.7272727272727273,0.6340899503604215,0.32428808616953925,0.027270283586600885,4,0.6606060606060605,0,0,0
28,50910.0,460397.0,683.8159230416759,5,5,1,2,7973.0,179,155030.6351298475,15007.173087743411,0,2,0.0,1.0,0.25376585335207147,0.2947784931790102,0.0514285450312587,0,0.5263888888888889,0,0,0
36,141448.0,1273252.0,713.0213512195095,0,2,1,11,329.0,57,349451.82706526574,59278.07284589368,0,1,0.0,0.09090909090909091,0.20587767652262418,0.41908031817978114,0.0009414745453271131,0,0.4342424242424243,0,0,0
47,69460.0,662649.0,673.1868503323043,30,5,1,4,24087.0,93,464680.66501636186,13031.206025130803,1,4,1.0,1.0,0.5574919198295925,0.18760734271711493,0.051835597676851634,1,0.42500000000000004,0,0,1
34,159356.0,354302.0,745.451413351281,60,2,0,2,12723.0,67,156346.2437817836,10984.781683077324,0,1,0.0,0.5,0.08175941695626124,0.06893233818040942,0.08137707496035411,2,0.5322222222222223,1,0,1
24,31435.0,190694.0,489.379198098746,45,0,3,6,16586.0,85,110760.54051990953,3560.571066086303,0,1,0.0,0.16666666666666666,0.293623192089257,0.11326772915814547,0.14974647037785643,1,0.5097222222222223,1,0,0
45,99324.0,844918.0,693.2995502610491,5,4,3,5,23519.0,117,263693.2897155852,25903.699393511775,1,5,0.3333333333333333,1.0,0.22123999043163886,0.2608000019482882,0.08919074135472757,0,0.44305555555555554,1,1,0
23,43681.0,704356.0,764.1742845406793,45,6,0,4,9872.0,117,397475.7788846271,26977.46698380254,0,4,0.0,1.0,0.7582926575334568,0.6176018631396383,0.024836733517957295,1,0.6375,0,0,0
32,162011.0,791448.0,810.903395591935,180,6,3,5,24502.0,85,368753.6889193426,14055.31796946772,1,0,0.3333333333333333,0.0,0.18967523240157694,0.08675533123965484,0.06644543698479262,6,0.9388888888888889,0,0,0
21,85562.0,112554.0,731.2372936869544,15,6,5,1,17499.0,85,21207.237141510155,1988.3422072525063,0,1,0.0,1.0,0.020654843993741533,0.023238613020412174,0.8251428454934467,0,0.5680555555555555,1,0,1
25,127264.0,438779.0,797.9418115807778,30,0,0,3,17028.0,87,304959.68134757946,19402.984849434513,0,3,0.0,1.0,0.19968967484099945,0.152462478386932,0.05583688940372496,1,0.4016666666666667,0,0,1
42,160473.0,55721.0,691.8255197031119,15,0,2,2,8057.0,73,31441.869891137787,1744.0623037871956,2,2,1.0,1.0,0.01632770512336332,0.010868260104735348,0.25625066282304504,0,0.19138888888888891,0,0,1
62,104773.0,488609.0,680.2003803148945,15,3,6,11,23664.0,22,413121.29904294794,14196.676562249333,3,5,0.5,0.45454545454545453,0.3285844150711124,0.13549938020529462,0.05728099726356616,0,0.30760101010101015,0,0,0
58,27281.0,1400673.0,717.0590950259426,60,6,2,5,7230.0,66,1058856.227076533,59462.4757226983,2,0,1.0,0.0,3.2344129219253115,2.1796296221802094,0.0068281224732103536,2,0.5633333333333334,1,0,1
25,53756.0,270852.0,679.7764001976254,30,6,0,6,18573.0,128,156644.38561006184,4981.1129221167,0,3,0.0,0.5,0.24283240570054482,0.09266152470638998,0.11856792650222497,1,0.6583333333333334,0,0,0
22,52453.0,1049538.0,625.2349772387847,60,1,3,5,24851.0,176,191325.21599028664,51835.21095714184,2,3,0.6666666666666666,0.6,0.30396293823404863,0.9882220455863695,0.12988878581097044,2,0.43999999999999995,0,1,1
37,166097.0,58381.0,643.9331829107671,0,2,2,10,3493.0,146,41680.47007635758,2686.5208373620485,1,9,0.5,0.9,0.02091171126729039,0.01617440915466293,0.0838042371787293,0,0.3516666666666667,1,1,1
52,165151.0,864678.0,602.149296574669,60,4,1,9,12002.0,155,485761.5308884983,26446.860169821986,0,2,0.0,0.2222222222222222,0.2451097939100673,0.16013745099831056,0.024707596705007377,2,0.6777777777777778,0,0,0
57,95267.0,1385357.0,716.9863966405671,0,6,0,8,20327.0,140,1075416.1228857823,46753.44029967747,0,1,0.0,0.125,0.9407036039812512,0.4907621768259468,0.018901520599723134,0,0.6375000000000001,0,0,0
61,162182.0,544597.0,680.7974268750334,30,1,6,3,8219.0,90,317668.20313369227,16832.742861217626,4,3,0.6666666666666666,1.0,0.1632261919395557,0.10378921742990976,0.025872907388659834,1,0.3416666666666667,1,1,0
37,57854.0,335883.0,654.7799718269332,120,6,5,3,837.0,122,50893.196917792455,15588.064186754056,4,3,0.8,1.0,0.07330694062898627,0.26943796775942985,0.01644620599000692,4,0.6633333333333333,1,1,0
29,128071.0,877280.0,640.3321370213897,30,5,4,11,12275.0,150,667771.5727766888,14176.632104591043,0,6,0.0,0.5454545454545454,0.4345061025893768,0.11069353799526077,0.018382034366870113,1,0.6204545454545455,0,0,0
22,81493.0,454471.0,715.3539442339738,90,0,0,11,14902.0,40,340605.7401035823,19022.131866257034,0,5,0.0,0.45454545454545453,0.34829754304416977,0.2334204393783151,0.04375146465666762,3,0.4684343434343434,1,0,0
28,56956.0,1342784.0,734.631372642705,30,5,6,3,27618.0,26,301524.8242772049,36392.0112602756,1,2,0.16666666666666666,0.6666666666666666,0.4411663159239953,0.638949562122965,0.09159444853737671,1,0.4411111111111111,0,0,1
24,58501.0,1281047.0,600.8640202446372,180,4,3,4,24217.0,47,849164.5493761728,59161.16507128877,1,0,0.3333333333333333,0.0,1.2096154330355788,1.0112846801129685,0.02851861870327805,6,0.7877777777777777,1,0,0
63,86009.0,995951.0,589.8620731157067,180,6,3,3,5423.0,95,542370.5027233906,54136.26461140728,0,0,0.0,0.0,0.5254978187586866,0.629425578851135,0.009998700100336641,6,1.0,0,0,0
34,73024.0,976607.0,746.8156968934711,180,1,6,9,8312.0,141,578578.9225400651,25547.188831924796,0,5,0.0,0.5555555555555556,0.6602611499188225,0.3498464728298203,0.014366233673893322,6,0.7777777777777777,1,0,0
61,52217.0,923598.0,583.7406733057983,30,6,3,11,5556.0,81,754593.3699855108,30325.481012600947,0,5,0.0,0.45454545454545453,1.2042587822380815,0.5807587761189066,0.007362905931848676,1,0.6428787878787879,1,0,0
48,72131.0,1116173.0,718.3240783675739,15,0,1,10,27323.0,176,376347.19163589913,41190.838086794,0,1,0.0,0.1,0.43479594029832197,0.5710559688177621,0.07260051518182686,0,0.4691666666666667,0,0,1
47,38831.0,717296.0,793.1836439127809,60,0,1,10,10612.0,58,114674.05422223193,26570.051884916807,1,5,1.0,0.5,0.24609644833215716,0.6842484583172416,0.0925405495774531,2,0.29555555555555557,1,1,1
43,175086.0,1456129.0,793.3464362375194,120,3,6,4,26735.0,83,446189.35970512225,30961.418598175023,5,3,0.8333333333333334,0.75,0.21236676057533738,0.17683548997735413,0.05991850638856255,4,0.5677777777777778,1,1,1
61,79559.0,551260.0,731.6510813442464,45,4,3,3,1813.0,165,461043.28363974014,21129.711248260755,3,3,1.0,1.0,0.4829154921083097,0.2655854302877205,0.0039323856660206345,1,0.42083333333333334,0,1,0
23,35395.0,62960.0,729.6166660725485,90,1,4,10,16765.0,30,19427.401374921854,2767.5012739453628,1,6,0.25,0.6,0.045739514467490354,0.07818904573938022,0.8629563818885909,3,0.4275,0,0,0
25,111283.0,1062893.0,837.6335215137518,120,1,4,4,2247.0,149,697133.3948146075,56079.4456983818,2,3,0.5,0.75,0.5220424464463032,0.5039354231857678,0.0032231994862296867,4,0.5666666666666667,1,0,0
41,161065.0,1010229.0,516.5923035974361,90,2,1,2,16637.0,27,749856.8847685881,44465.43609888436,0,1,0.0,0.5,0.3879680484941836,0.276071375524691,0.022186900377842517,3,0.5016666666666667,0,0,1
40,76309.0,1472422.0,647.4965026743555,30,0,2,10,329.0,163,1118904.8229428434,57619.22692034466,2,1,1.0,0.1,1.2219013298375065,0.7550777355271943,0.0002940375206665868,1,0.3483333333333334,1,0,0
47,154929.0,623222.0,739.3944294353621,15,1,6,5,4689.0,58,98361.75560001012,15163.010513899106,1,2,0.16666666666666666,0.4,0.052906899074205024,0.09787070538052338,0.04767096694642076,0,0.37638888888888894,0,1,1
57,116953.0,665898.0,656.389909451063,30,1,1,1,4385.0,114,104580.48511146287,12596.663526890632,0,0,0.0,0.0,0.07451745937218575,0.10770705776586006,0.041929428758400056,1,0.5416666666666666,1,0,1
49,137758.0,864900.0,766.7844816024924,60,6,6,10,21272.0,128,771281.1308361719,34918.940905859636,4,5,0.6666666666666666,0.5,0.46656765900841324,0.25348031261966375,0.02758008610548829,2,0.6166666666666667,1,1,0
33,65993.0,618697.0,677.2452157782865,120,6,1,3,19211.0,67,337542.58428073826,24752.402052124206,0,1,0.0,0.3333333333333333,0.4262353384459188,0.3750761755356508,0.056914300282840696,4,0.7988888888888889,1,0,0
37,23983.0,1188043.0,689.2220702236318,15,4,2,3,16751.0,99,234968.19248642834,57708.42112872565,1,2,0.5,0.6666666666666666,0.8164400911980303,2.4062219542478274,0.07129050031300527,0,0.4708333333333334,1,1,0
57,74027.0,670764.0,660.7727735027844,5,4,0,6,5892.0,136,114101.42390320807,22030.62857583911,0,3,0.0,0.5,0.12844572915198516,0.2976026122339026,0.05163826881773332,0,0.5430555555555556,0,0,0
30,167762.0,1186253.0,643.4242328834357,15,0,4,3,7974.0,157,899272.8016076816,25957.274857355187,2,1,0.5,0.3333333333333333,0.4467006839091896,0.15472678471498424,0.008867164653200256,0,0.37083333333333335,1,0,0
45,146089.0,667038.0,641.7023025796643,60,0,2,9,11333.0,19,552785.2907620529,16001.621459666381,1,4,0.5,0.4444444444444444,0.31532450011183416,0.10953337663798357,0.020501630903341644,2,0.28944444444444445,1,0,0
47,145034.0,376392.0,698.9816407785744,15,2,3,8,29364.0,89,204519.88534128666,12818.38945770647,3,6,1.0,0.75,0.11751260930844185,0.08838196186898568,0.14357528096106484,0,0.3186111111111112,0,0,1
57,160286.0,1486405.0,625.7804523923993,30,6,4,6,21167.0,153,637348.987683269,40849.54065791852,2,0,0.5,0.0,0.3313602912311269,0.2548540774485515,0.03321100434620751,1,0.6333333333333333,0,0,0
56,78469.0,813402.0,746.7243418443901,15,3,4,2,947.0,100,550483.9914127982,18066.21593552866,3,1,0.75,0.5,0.5846087748163799,0.23023379851315373,0.001720304340857501,0,0.4166666666666667,1,1,0
43,70169.0,1074828.0,725.7258147221976,180,5,6,5,954.0,5,179271.91656493684,20759.282680200853,5,1,0.8333333333333334,0.2,0.21290493494864404,0.2958469221479692,0.005321525079219181,6,0.6327777777777777,0,0,0
36,167881.0,907333.0,756.9591508678889,45,2,3,3,10430.0,22,747811.9061721783,28575.578922321056,3,1,1.0,0.3333333333333333,0.37120137983262863,0.1702132994342484,0.013947357502487486,1,0.26972222222222225,1,1,1
39,110585.0,570817.0,600.9752950804901,90,2,1,11,6271.0,147,195258.15862015478,16268.702160080757,0,7,0.0,0.6363636363636364,0.14714032842018565,0.14711490853262882,0.03211645569289262,3,0.628030303030303,0,0,0
41,66269.0,1459602.0,561.0366417249489,45,5,4,9,12211.0,76,427928.4019869588,78250.75026659422,1,2,0.25,0.2222222222222222,0.5381203906137093,1.1808047543586626,0.028535147336100707,1,0.6133333333333333,1,0,0
31,63062.0,588678.0,679.7069971057765,0,3,0,1,29876.0,126,225519.1678336106,28996.223917072235,0,1,0.0,1.0,0.29801249541933683,0.4598050159695575,0.13247654417580457,0,0.45000000000000007,0,1,1
51,160119.0,1489984.0,850.0,15,5,5,6,5871.0,160,294712.4681929654,33285.73049690468,2,2,0.4,0.3333333333333333,0.15338199932184052,0.20788120396020884,0.01992111170592184,0,0.5525,1,0,1
31,26640.0,674655.0,768.63461446662,120,5,2,9,17908.0,15,298312.40764281806,30449.96904727256,2,0,1.0,0.0,0.9331594333171236,1.1430168561288498,0.06003102633746967,4,0.5333333333333333,1,1,1
52,27994.0,82841.0,641.1887584045301,45,5,5,6,14478.0,81,56833.96973645889,2833.8177548801973,3,6,0.6,1.0,0.1691849733766131,0.10122946898907613,0.2547420155082426,1,0.4941666666666667,1,0,0
57,137532.0,103232.0,709.7158494101939,90,4,1,1,19799.0,26,54057.929315623,5372.600590109999,1,1,1.0,1.0,0.0327547584777985,0.03906436749345606,0.36625524230499884,3,0.3661111111111111,0,1,1
68,18218.0,1461803.0,730.9310835210579,90,5,2,1,16401.0,151,951610.765770285,57490.092680267146,2,0,1.0,0.0,4.352887097789206,3.1556753035606073,0.01723498786473285,3,0.6416666666666667,0,0,0
26,45702.0,815333.0,584.2128231486997,60,3,4,8,15481.0,81,253021.44791467293,18882.89794034644,4,4,1.0,0.5,0.46136100519793616,0.413174433073967,0.06118453643985429,2,0.4466666666666667,1,1,0
58,178482.0,612072.0,775.8738108324224,60,2,4,6,8281.0,157,274464.0008231565,13978.947723124835,2,6,0.5,1.0,0.12814737659033615,0.07832133057184945,0.03017153424552621,2,0.4583333333333333,1,1,1
25,86965.0,1226502.0,668.2803111225342,15,3,0,6,28976.0,53,661834.0159436801,65853.30515617285,0,1,0.0,0.16666666666666666,0.6341957645256522,0.7572391784760863,0.043781370104835717,0,0.4802777777777778,0,0,1
37,135881.0,944866.0,673.6523408774498,15,2,0,3,8023.0,26,547473.1747012736,48878.91747644004,0,3,0.0,1.0,0.33575528998490933,0.3597185587126974,0.014654599294984118,0,0.30361111111111105,1,1,0
29,96901.0,1007823.0,681.6649261603699,5,0,6,3,4328.0,156,292064.44774217746,34582.80899549743,1,0,0.16666666666666666,0.0,0.2511708236087841,0.3568880506444456,0.014818647163178796,0,0.43472222222222223,1,1,1
28,32672.0,1043901.0,760.1178097515526,15,2,3,4,2879.0,110,788930.113386753,39206.4319423188,1,4,0.3333333333333333,1.0,2.0122482895311813,1.2000009776664666,0.0036492459232426878,0,0.39583333333333337,1,1,0
29,47884.0,337710.0,627.1372489259014,60,3,5,6,2021.0,34,73506.68996954248,12456.066581282064,0,2,0.0,0.3333333333333333,0.1279249331188262,0.26013003469388657,0.027494096126997446,2,0.5088888888888888,0,0,0
23,141298.0,177990.0,560.5120996650884,180,3,0,5,10592.0,124,39819.110831321486,8105.501278322625,0,1,0.0,0.2,0.02348412034100594,0.05736458604030223,0.2660029262046804,6,0.8799999999999999,0,0,0
61,33317.0,1105649.0,702.6068705030032,30,2,3,10,24484.0,75,372908.366783315,37569.330505186226,2,8,0.6666666666666666,0.8,0.9327279536555788,1.1276324550585655,0.06565688029796032,1,0.3616666666666667,1,0,1
23,114327.0,81622.0,536.943933967881,60,5,4,2,4638.0,8,52295.662099349385,1624.7027249707123,3,0,0.75,0.0,0.03811848331201246,0.014211015114283698,0.08868804435803676,2,0.43861111111111106,1,1,1
40,74378.0,1093214.0,658.9227483405122,120,1,6,5,122.0,46,227186.67420787204,30578.657652269856,1,0,0.16666666666666666,0.0,0.2545406282859986,0.41112503229812386,0.0005370033274415207,4,0.5938888888888889,0,1,0
55,77988.0,238404.0,763.0812002901173,90,4,4,2,15898.0,135,37141.95994109002,8995.231234433111,2,1,0.5,0.5,0.03968768693163267,0.11534122216793752,0.4280334162552391,3,0.6333333333333333,1,1,1
69,172270.0,430681.0,720.5365732456116,15,1,4,0,16846.0,22,217121.87486688813,12508.257748435919,3,0,0.75,0.0,0.10502983440088627,0.07260845038855239,0.07758776037802663,0,0.2488888888888889,0,0,0
62,116161.0,1076249.0,752.9649246007693,15,6,2,4,16900.0,60,441254.3385515438,51166.96432283902,2,4,1.0,1.0,0.31655370459358406,0.440483159776853,0.03829990670567849,0,0.36250000000000004,0,1,1
27,117651.0,953168.0,723.4245955641981,60,4,6,0,42.0,46,255029.37811884063,50438.02864050865,5,0,0.8333333333333334,0.0,0.18063975806895013,0.42870888169678667,0.00016468690905260531,2,0.4772222222222222,1,1,0
69,74757.0,1183228.0,848.7234142148386,15,3,2,4,6093.0,131,759564.8172831262,29201.977201219255,0,1,0.0,0.25,0.8467042297969044,0.3906253220597303,0.008021698558648283,0,0.5541666666666667,1,0,1
53,79788.0,935876.0,638.823226064023,15,3,1,7,10447.0,154,590606.5999502912,47323.35978688965,0,4,0.0,0.5714285714285714,0.6168498604116442,0.593113748770362,0.01768859339004894,0,0.5220238095238096,1,0,1
29,129094.0,119381.0,707.8692173905827,60,5,5,4,22190.0,141,28820.91886185171,5208.38691201189,3,1,0.6,0.25,0.018604607793450065,0.040345693153918,0.7699268752104705,2,0.6183333333333334,1,0,0
42,24303.0,1267692.0,649.3315670151145,60,2,6,8,19526.0,128,408641.7884289413,48778.53164439978,0,6,0.0,0.75,1.4012048870130618,2.0070991912274114,0.04778268046219501,2,0.5583333333333333,0,0,0
65,56442.0,362829.0,746.9760888940409,15,5,5,3,24436.0,16,153743.16088589595,7334.814814636682,1,3,0.2,1.0,0.2269928435176759,0.1299531344501733,0.15894040332718112,0,0.3513888888888889,1,0,1
40,115244.0,247304.0,675.6897586764653,0,1,1,4,16419.0,164,220726.2212700001,7774.745248243488,1,4,1.0,1.0,0.15960789084464275,0.06746334080944334,0.07438626867949549,0,0.23333333333333334,1,1,1
29,119012.0,1323881.0,800.3191415610831,90,5,5,10,12104.0,29,961723.9833326507,72567.3457803431,3,2,0.6,0.2,0.6734082720878642,0.6097481411987287,0.012585731675377536,3,0.5461111111111112,0,0,1
63,32945.0,332515.0,642.8428831218616,30,6,2,2,16795.0,72,133961.6489765269,13611.187716969822,1,0,0.5,0.0,0.3388517452737565,0.4131488152062474,0.12537170248585744,1,0.5933333333333334,0,0,1
67,145627.0,827304.0,778.498856800189,60,1,1,6,11546.0,149,723128.5289720173,31989.641754241387,0,6,0.0,1.0,0.4138017726635041,0.21966834278149922,0.0159667327970223,2,0.5,0,0,1
68,105892.0,754655.0,721.519767138078,5,1,6,8,4720.0,43,370685.8432229067,12394.973678187396,4,5,0.6666666666666666,0.625,0.29171690907001685,0.11705297546733838,0.01273315419591488,0,0.22611111111111112,1,0,1
67,56509.0,1165788.0,677.7277251639114,15,6,6,4,17274.0,39,507408.00972959434,32450.330745824882,6,1,1.0,0.25,0.748270201397999,0.5742506635372221,0.034043609223286767,0,0.39083333333333337,1,1,1
63,139815.0,114010.0,717.9709636501947,60,2,2,3,8841.0,4,97845.01683830838,3936.3356648058075,2,1,1.0,0.3333333333333333,0.058318144714031864,0.02815388667028436,0.09035718205874499,2,0.2588888888888889,1,1,1
43,178522.0,204702.0,698.2885071270434,5,4,0,8,7932.0,64,143727.74509228938,8324.532977676825,0,1,0.0,0.125,0.06709151864209517,0.04663029193979915,0.05518767441113589,0,0.5227777777777778,1,0,0
30,86620.0,652611.0,704.9168276176267,15,1,1,0,21300.0,89,366038.54407078685,32163.696586353628,0,0,0.0,0.0,0.352149757629865,0.3713195172749207,0.05819059316299999,0,0.5102777777777778,1,1,1
51,63918.0,736230.0,665.5190248833926,90,2,3,3,1982.0,84,442122.6201054506,24533.200644022374,0,0,0.0,0.0,0.5764190318134832,0.38382303332429635,0.0044829192397513465,3,0.6783333333333333,1,0,1
31,66504.0,1192917.0,630.8888044711506,90,4,0,4,698.0,7,1049299.2027766993,30989.762813881956,0,1,0.0,0.25,1.3148321940242935,0.4659834418062366,0.0006652058804132542,3,0.548888888888889,0,1,1
44,114001.0,928311.0,656.5450216026229,30,6,1,2,10683.0,36,245701.79306183034,24369.356356272005,1,2,1.0,1.0,0.17960499839316493,0.2137644087005553,0.04347953617624453,1,0.3383333333333334,0,1,1
53,25676.0,265635.0,562.1798515436244,5,3,1,6,17858.0,0,109001.7564018897,5448.821110649407,1,4,1.0,0.6666666666666666,0.3537731617135642,0.21221456265186972,0.16383222242912782,0,0.14305555555555555,1,1,0
67,96315.0,1469378.0,738.9363832772838,0,0,6,7,25194.0,40,684380.844939813,30594.730202091567,0,0,0.0,0.0,0.5921376429249624,0.31765280799555173,0.036812836283013815,0,0.3388888888888889,1,1,1
35,22014.0,716925.0,593.5385219477164,60,2,2,11,15511.0,108,637005.4538419506,19509.499093406157,0,0,0.0,0.0,2.4113649414083107,0.8862314478698172,0.024349870015160785,2,0.6333333333333333,0,0,1
33,24250.0,1448657.0,664.764706133501,90,4,2,7,7759.0,1,308774.81866408716,66150.57908359227,0,6,0.0,0.8571428571428571,1.0610818510793374,2.7278589312821553,0.025128344447158217,3,0.4748412698412699,1,0,0
57,87664.0,1485165.0,725.3631529036724,60,6,2,7,10318.0,29,347140.00961520546,46825.50834211072,2,6,1.0,0.8571428571428571,0.3299910354832138,0.5341475216977405,0.02972287755432513,2,0.3953968253968254,1,1,0
21,138773.0,124926.0,738.7577701969938,30,5,0,8,11355.0,97,59530.70644425155,6169.179757668963,0,7,0.0,0.875,0.03574825220819344,0.044455187663803214,0.19074189906739247,1,0.5875,0,0,1
48,161101.0,783584.0,555.7743644213933,0,5,3,2,10043.0,100,217000.0649343702,41503.409266503535,1,2,0.3333333333333333,1.0,0.11224845745545248,0.2576235359588304,0.046281092141780784,0,0.4666666666666667,0,0,0
57,32196.0,661950.0,673.5706347342445,15,1,6,5,20061.0,161,439284.9936273808,11926.224708713718,5,3,0.8333333333333334,0.6,1.137007168663242,0.3704256649494881,0.045667391991579265,0,0.3275,1,1,0
47,57538.0,772569.0,712.1821289614176,0,3,5,9,23968.0,103,324871.56034770753,33554.92370763747,0,3,0.0,0.3333333333333333,0.4705173977019644,0.583178485655349,0.07377684883942207,0,0.5166666666666667,1,0,0
39,86309.0,499413.0,683.6411276483628,45,4,1,2,21264.0,166,391867.20637420873,9194.510692177557,0,1,0.0,0.5,0.37835684032006,0.10653014971993137,0.054263280147239995,1,0.6208333333333333,1,0,1
61,110996.0,860250.0,774.0852470371481,15,3,0,3,11459.0,130,612031.668765625,15371.91602353746,0,2,0.0,0.6666666666666666,0.45949979336013985,0.13849072059837705,0.01872288736808516,0,0.5125000000000001,1,0,1
39,177902.0,763684.0,622.4735170059778,0,6,5,2,8625.0,99,384213.3120947057,19879.282604142187,3,2,0.6,1.0,0.17997423304905028,0.11174288430788966,0.022448467370839047,0,0.46,1,0,0
55,128857.0,319706.0,536.5671208866862,60,6,5,11,2395.0,68,250564.63601864222,6094.907899720214,2,6,0.4,0.5454545454545454,0.16204308912117193,0.04729978115057944,0.009558411905428705,2,0.6032323232323231,1,0,0
43,105214.0,468341.0,736.7228211737964,30,1,6,4,23937.0,20,105664.3490081302,19444.99049494724,1,0,0.16666666666666666,0.0,0.08369002620700841,0.18481371770816848,0.2265380918417261,1,0.36111111111111105,1,0,0
22,27854.0,263387.0,642.4039716267059,180,6,4,3,28861.0,126,154298.49264249252,11495.468344019051,1,2,0.25,0.6666666666666666,0.4616287685864763,0.41270439951242377,0.18704654534033938,6,0.8958333333333334,0,0,0
46,31091.0,1273220.0,556.9021581689801,30,5,3,9,1644.0,168,768833.5470011926,51655.26226886739,2,7,0.6666666666666666,0.7777777777777778,2.0607076726415805,1.6614217062451315,0.002138304196548606,1,0.49722222222222223,1,0,0
23,42802.0,1032164.0,668.9041326603468,0,4,5,10,3911.0,65,345275.2027012642,39236.965842651945,0,10,0.0,1.0,0.6722333899920256,0.9167087015245069,0.011327196304287857,0,0.4277777777777778,1,0,0
66,125047.0,611921.0,766.1390583152191,90,2,4,0,6436.0,63,114561.39879544338,28301.079533010336,4,0,1.0,0.0,0.07634555993309408,0.226323538613564,0.05617948163754429,3,0.4816666666666666,1,1,0
50,71666.0,623861.0,591.5723167531112,90,5,5,10,23923.0,17,343996.4699410564,28637.176557389004,0,1,0.0,0.1,0.3999996162069605,0.39959222724009996,0.0695443183009965,3,0.6194444444444445,0,0,0
39,57032.0,164693.0,843.5197167763088,180,4,1,8,6490.0,107,88153.21074237039,8203.398015863897,1,7,1.0,0.875,0.12880665056805884,0.1438385119908805,0.07362182211340165,6,0.6958333333333333,1,1,0
44,126555.0,470364.0,621.3482883824337,90,6,6,10,418.0,55,301131.1811813513,20097.634026043186,4,0,0.6666666666666666,0.0,0.1982874252178574,0.15880553139775738,0.001388099360418828,3,0.6472222222222223,1,0,0
51,150089.0,1390412.0,686.0907597888025,30,4,0,1,10076.0,1,430605.80739737995,40648.65944628702,0,1,0.0,1.0,0.23908359228934162,0.2708303702888754,0.023399591521768473,1,0.34388888888888886,1,1,1
33,89123.0,95517.0,594.6607307506674,90,6,0,0,10931.0,1,27196.796238664676,3437.391445403379,0,0,0.0,0.0,0.02543002015815659,0.03856907246618021,0.40192234056082693,3,0.6272222222222222,0,0,0
35,160860.0,261878.0,682.912724408721,120,2,4,4,11857.0,60,231352.69295451615,9067.264118344276,0,1,0.0,0.25,0.11985198980195831,0.05636742582583784,0.0512507541994814,4,0.6583333333333334,0,0,0
41,136939.0,1276773.0,670.6376524768926,45,0,4,10,15455.0,83,300381.75089247955,24660.45455518065,3,1,0.75,0.1,0.18279535102763492,0.18008350108574367,0.05145119486813317,1,0.39944444444444444,0,0,1
33,134035.0,804475.0,575.7354268368239,120,3,3,5,7256.0,82,723670.6666796214,38188.20598809403,1,1,0.3333333333333333,0.2,0.44992642884297723,0.2849121944872162,0.010026660377561395,4,0.6955555555555555,0,1,1
58,158550.0,96876.0,850.0,180,6,6,8,893.0,133,66842.75247959241,4990.485205492721,2,4,0.3333333333333333,0.5,0.03513232023525303,0.03147578180695504,0.013359713160714612,6,0.9,0,1,0
26,47776.0,760161.0,645.3263981686914,90,4,6,2,3219.0,95,472813.8164971263,41334.784871696276,0,0,0.0,0.0,0.8247059480651483,0.8651788528067706,0.006808176681147313,3,0.7583333333333333,1,0,0
61,140856.0,1137475.0,645.387620988578,45,4,5,4,22022.0,141,460492.67364593403,28344.405571022722,0,2,0.0,0.5,0.2724370241274387,0.20122966413232465,0.04782269352005454,1,0.6208333333333333,0,0,0
38,173153.0,550354.0,747.8325115547558,45,4,1,10,19792.0,53,440752.28166395595,10360.748548664227,0,7,0.0,0.7,0.21212082265585733,0.05983580156661581,0.044905042635922356,1,0.5186111111111111,1,0,1
48,178744.0,603883.0,806.9978418343928,120,4,0,5,7817.0,41,502760.50246098614,11740.49646212535,0,5,0.0,1.0,0.23439504844031414,0.06568330384306802,0.015548158540172104,4,0.6077777777777778,0,1,1
28,111643.0,965410.0,758.8505807603012,120,0,0,9,28223.0,97,667497.0243255129,45540.20364125098,0,5,0.0,0.5555555555555556,0.498237704353395,0.4079091715669677,0.04228183642993548,4,0.6277777777777778,1,0,0
39,140206.0,918097.0,595.917391388139,15,2,4,7,16235.0,19,626524.4811579617,36971.46082936737,1,4,0.25,0.5714285714285714,0.37238330335242525,0.26369385639250364,0.02591279429335942,0,0.2934126984126984,1,0,1
57,161954.0,1359223.0,694.9736306646264,0,0,4,2,23908.0,137,706613.7896359935,61497.78062740238,4,2,1.0,1.0,0.36358770064133106,0.3797237525927262,0.03383460717956837,0,0.2,1,0,0
34,156053.0,409133.0,548.3039262330503,120,2,5,11,23769.0,33,85253.55897717172,20950.823805941392,3,0,0.6,0.0,0.045525963923139214,0.13425454048266547,0.27880360990401126,4,0.5333333333333333,0,1,1
27,163442.0,450301.0,743.1193556925649,15,5,0,11,9004.0,164,404942.9831717448,10830.085941969714,0,9,0.0,0.8181818181818182,0.20646619961604362,0.06626256373496234,0.022235229091946546,0,0.5640151515151516,0,0,0
46,152843.0,275329.0,565.5368303028677,180,5,1,9,17733.0,177,44511.48566859494,8139.664810946541,0,9,0.0,1.0,0.02426863168338041,0.05325507096135604,0.3983915552050762,6,0.8666666666666666,1,0,1
28,79772.0,1014134.0,623.7759073473534,0,1,2,5,17792.0,96,528919.6096714428,47354.828801148295,2,4,1.0,0.8,0.5525326447787056,0.5936271975273065,0.03363838223175755,0,0.25333333333333335,1,0,0
36,136303.0,823412.0,679.7758947178082,180,4,4,5,13668.0,56,350238.899009202,20894.636016896115,1,5,0.25,1.0,0.2141300992453101,0.15329549618787638,0.03902479147423568,6,0.7202777777777778,1,0,0
43,84490.0,553079.0,711.1504592798708,90,1,0,3,19059.0,60,404908.7316090224,19491.40784369779,0,3,0.0,1.0,0.39936553794238216,0.23069484961176223,0.0470698666444251,3,0.4916666666666667,1,1,0
48,147891.0,1058645.0,661.7345763623276,15,1,5,7,10083.0,77,742994.4024331268,34657.94852238798,3,4,0.6,0.5714285714285714,0.4186610422727588,0.23434792193161166,0.013570761727114787,0,0.33646825396825397,1,1,1
52,149259.0,596196.0,786.3358573713017,0,6,0,3,2942.0,86,370259.94254626194,23139.68222498828,0,3,0.0,1.0,0.20672117066433846,0.15503039833436028,0.007945769071771552,0,0.5411111111111111,0,0,1
54,169418.0,333465.0,730.6267707534596,120,4,3,2,1353.0,13,68711.76608667718,18183.21779670706,3,1,1.0,0.5,0.03379794654182612,0.10732754368902396,0.01969095072150007,4,0.44555555555555554,1,0,0
62,113307.0,832777.0,725.1307327844946,5,1,6,0,13406.0,35,272848.6294060408,15946.513877062347,4,0,0.6666666666666666,0.0,0.20067061861876792,0.14073723491984033,0.04913347019255063,0,0.27083333333333337,1,1,0
24,94983.0,682720.0,593.9419368610736,0,0,1,5,27390.0,142,150620.8824108721,23475.80192273845,0,0,0.0,0.0,0.13214722846094573,0.24715793271152153,0.18184729475481376,0,0.44999999999999996,1,0,1
38,44818.0,637824.0,798.9557528281782,120,0,4,9,6430.0,9,563984.5642013367,34033.95217980073,0,0,0.0,0.0,1.048657094994081,0.7593813240171523,0.011401021247993866,4,0.5033333333333333,0,0,1
21,121402.0,694749.0,623.7854399005042,90,3,3,9,17757.0,80,170795.12929969782,20088.719514207383,0,1,0.0,0.1111111111111111,0.11723799806956628,0.16547272297167578,0.10396666504957186,3,0.6916666666666668,1,0,0
21,109757.0,1375592.0,801.6279703090966,5,0,5,10,4922.0,157,1204185.73052194,61384.26944483345,3,7,0.6,0.7,0.9142816483397718,0.5592743009086751,0.00408740933831413,0,0.2997222222222222,0,0,1
31,101420.0,363169.0,821.55365398479,30,4,4,7,18946.0,15,85175.52521548525,18946.823435500275,4,3,1.0,0.42857142857142855,0.0699858059024233,0.18681545489548684,0.22243478924337226,1,0.28214285714285714,1,1,1
50,127564.0,449928.0,715.8859572654643,60,3,5,10,5522.0,166,358445.380702967,11079.160670248488,0,8,0.0,0.8,0.23416048722142546,0.08685178161745075,0.015405415433644315,2,0.5866666666666667,0,1,0
64,155867.0,869321.0,752.2409168375594,60,4,2,9,13215.0,85,505051.70862601505,15869.637547868102,0,3,0.0,0.3333333333333333,0.27002279113283284,0.10181524984678028,0.026165637645205065,2,0.6555555555555556,0,0,1
58,42084.0,117720.0,464.1956165860192,30,1,1,9,24248.0,76,91091.0583980648,2122.223333611453,0,7,0.0,0.7777777777777778,0.1803754760282308,0.05042827044984919,0.26619517246179175,1,0.43277777777777776,0,0,0
52,87880.0,261606.0,666.3498309156736,30,1,4,6,11181.0,128,163641.21575799873,4687.91280212129,3,6,0.75,1.0,0.1551748745998319,0.05334447885891318,0.06832630733161414,1,0.32916666666666666,1,1,1
59,135013.0,871188.0,757.1515947943678,0,0,6,1,28025.0,139,633029.485451974,25282.602427458212,6,0,1.0,0.0,0.39072131662134635,0.18726050400671204,0.04427123956159886,0,0.30000000000000004,1,1,0
29,150795.0,789136.0,744.715718781986,0,0,3,4,1399.0,85,550902.7073579635,15821.06034573298,0,2,0.0,0.5,0.3044435090453726,0.10491767197674312,0.0025394683694864527,0,0.3888888888888889,0,0,0
62,144098.0,996589.0,594.6193663330085,180,0,5,10,2517.0,14,343962.9593332917,31094.60659737336,3,5,0.6,0.5,0.1989172642537785,0.21578791237472664,0.007317648402835983,6,0.49111111111111105,1,0,1
64,147495.0,214475.0,659.4394572092489,15,1,6,8,5069.0,174,182579.61190104985,9686.78548946758,6,7,1.0,0.875,0.10315581991539252,0.06567534824548345,0.0277632313226034,0,0.275,1,0,0
25,156516.0,1288120.0,502.45441463591976,180,5,4,0,7314.0,1,815038.0648303995,34687.845179041215,4,0,1.0,0.0,0.433948214469234,0.22162491489075375,0.00897381400403914,6,0.6188888888888888,0,0,0
44,173825.0,754036.0,708.9094988120927,0,4,5,1,12766.0,156,227389.42532553468,25770.482728882544,4,0,0.8,0.0,0.109012620607668,0.14825532995186275,0.056141572906145354,0,0.4633333333333334,1,0,1
61,116506.0,274788.0,548.1670119141223,180,1,3,7,27416.0,78,104290.70806394795,5521.796678615686,3,3,1.0,0.42857142857142855,0.07459609237860994,0.04739495544105613,0.26288056250600317,6,0.6138095238095238,1,1,0
44,58325.0,501818.0,759.13344899513,30,6,5,11,7251.0,92,275893.64274286584,21543.843866677875,1,9,0.2,0.8181818181818182,0.39419008821669643,0.3693758056867188,0.02628186691042376,1,0.5965151515151516,1,1,0
62,109293.0,379812.0,762.7907402502186,120,5,2,8,10708.0,137,308168.0817612703,10523.447836506919,0,8,0.0,1.0,0.2349708899939233,0.09628656763477002,0.03474727148509561,4,0.7500000000000001,0,0,0
66,132958.0,705757.0,646.7943229915451,120,5,3,11,1333.0,169,527599.1187817862,14403.816218424594,3,0,1.0,0.0,0.33068031432343686,0.1083335806677642,0.002526539473905615,4,0.7000000000000001,0,0,0
44,34313.0,730603.0,716.4893151317862,30,6,0,0,21436.0,27,275098.33488476,38858.45191380512,0,0,0.0,0.0,0.6681100819047203,1.1324702565734597,0.0779212277274584,1,0.5683333333333334,0,0,1
23,140620.0,678936.0,664.8030893157644,90,5,1,10,16380.0,146,452419.00718258624,31085.015560448657,1,0,1.0,0.0,0.2681096851933024,0.22105685934041144,0.0362053754151611,3,0.6416666666666667,1,1,1
37,106162.0,718461.0,696.9335876510406,30,6,4,1,1351.0,119,108661.92584469538,29523.795557141006,0,1,0.0,1.0,0.08529568477475884,0.2781013503620976,0.012433057756871632,1,0.6083333333333334,1,0,1
31,169677.0,1366503.0,599.6918403729795,120,2,5,10,13923.0,66,545891.691989643,60016.79228333816,0,4,0.0,0.4,0.2681033630513874,0.3537120074219733,0.02550505934474664,4,0.6566666666666667,0,0,0
44,52315.0,1440762.0,723.5744836267936,180,5,0,11,6554.0,76,1123356.9707707805,46132.75664938034,0,6,0.0,0.5454545454545454,1.7894118493274402,0.8818265631153653,0.005834298598336944,6,0.8810101010101009,0,0,0
49,164918.0,760406.0,565.1170338842909,120,0,0,6,12641.0,138,200291.62357107693,20480.200308639018,0,6,0.0,1.0,0.10120768279340689,0.12418414186831649,0.06311297384592883,4,0.5833333333333334,1,0,0
43,90576.0,1446383.0,551.9048886369433,90,2,0,6,8526.0,25,600316.1264040167,50622.63328853004,0,2,0.0,0.3333333333333333,0.5523134590509782,0.5588967639168217,0.014202517015613113,3,0.5138888888888888,0,0,0
30,110911.0,1236823.0,671.4650178333105,30,6,3,5,23526.0,91,186491.2489121489,59380.26884365606,3,2,1.0,0.4,0.14012079423452806,0.5353866509512677,0.12615069145192156,1,0.5183333333333333,1,0,1
35,124920.0,1238941.0,665.2129704272104,0,0,2,6,1723.0,129,207336.2122040669,66347.40603827457,0,5,0.0,0.8333333333333334,0.13831266157278452,0.5311191645715223,0.00831017400040167,0,0.36666666666666664,0,1,0
54,111822.0,377195.0,699.0611211386225,45,3,0,9,17985.0,97,97887.47498343773,14790.288262408338,0,7,0.0,0.7777777777777778,0.07294887930776721,0.1322663542273286,0.18373137117943852,1,0.5597222222222222,1,0,0
22,164420.0,685718.0,634.534475683457,5,2,5,3,23794.0,80,155244.6979149108,20608.83293527873,4,2,0.8,0.6666666666666666,0.07868299574003101,0.125342616076382,0.1532677142574069,0,0.31749999999999995,1,1,0
31,45101.0,560520.0,811.9984166049912,45,0,3,3,42.0,93,289955.31881149317,24510.552892774078,1,1,0.3333333333333333,0.3333333333333333,0.5357518288794283,0.543459189214742,0.00014484990367534935,1,0.4541666666666666,1,0,1
64,136240.0,189854.0,691.2423492565609,120,1,0,11,27133.0,92,156630.17168986364,8141.45433422745,0,8,0.0,0.7272727272727273,0.09580530172848382,0.059758179200142765,0.1732297149857234,4,0.6439393939393939,1,0,1
25,175943.0,158879.0,696.3017244961358,5,3,4,10,22857.0,144,33917.692253682515,3955.8600435245453,0,9,0.0,0.9,0.016064716155081718,0.022483759192036882,0.6738960843516223,0,0.46972222222222226,0,0,0
41,53659.0,952528.0,693.8063714184932,180,4,6,6,8379.0,147,764287.1802349967,30881.49217855705,0,6,0.0,1.0,1.1869509001829404,0.5755137475271073,0.010963156542052287,6,0.8333333333333334,0,0,0
31,59312.0,660084.0,750.2036908263655,60,4,2,2,14477.0,165,429792.8239139453,13439.669789711937,1,1,0.5,0.5,0.6038587243643013,0.22659276014486002,0.03368367081647375,2,0.5750000000000001,0,0,1
26,94951.0,1247296.0,720.3212190139125,0,0,6,11,20427.0,12,345090.8269067164,38779.84647493348,5,10,0.8333333333333334,0.9090909090909091,0.3028674675242286,0.40841956877687946,0.05919311209486813,0,0.06075757575757576,1,1,0
41,135407.0,1019614.0,710.9412529795795,90,2,2,10,15504.0,57,374506.63935060723,46402.58439665489,0,8,0.0,0.8,0.23048207709018442,0.3426897013939818,0.04139846499619837,3,0.5383333333333333,1,0,1
46,173354.0,173501.0,731.5188873405914,0,0,0,3,22695.0,157,51293.42130519676,4781.01259677123,0,2,0.0,0.6666666666666666,0.02465735878856596,0.02757947665915543,0.4424544010227813,0,0.3833333333333333,1,0,0
29,146918.0,1265342.0,552.2769754066966,60,0,0,6,26687.0,115,938850.665901028,51020.24497708035,0,3,0.0,0.5,0.5325253235937892,0.34727021179896506,0.02842518088261472,2,0.5166666666666667,1,0,1
24,146631.0,769339.0,554.9206644589956,45,2,0,5,10740.0,67,533786.8372453501,21623.031922425955,0,2,0.0,0.4,0.30336174776897457,0.1474656240660294,0.020120391232246626,1,0.5130555555555556,0,0,0
27,89476.0,870576.0,674.6758878288989,90,4,2,10,3276.0,113,329345.0033164163,18181.23707295931,2,7,1.0,0.7,0.30673495622328545,0.203196802192312,0.009947015946838587,3,0.5383333333333333,1,1,1
52,122552.0,1450244.0,666.1628282122668,30,2,2,8,12943.0,83,276635.12661639624,64761.37414622733,1,7,0.5,0.875,0.18810731132933792,0.5284399613733545,0.04678726146715189,1,0.3969444444444445,1,1,0
63,52213.0,978105.0,720.5866890833746,5,0,3,5,17982.0,159,270500.38577465294,37727.94508512498,3,3,1.0,0.6,0.43172579270592404,0.7225776164006086,0.06647679983340339,0,0.24972222222222223,1,1,0
29,93030.0,82314.0,681.4011831528454,30,1,3,11,23251.0,100,51232.83210465265,3952.578882007062,2,8,0.6666666666666666,0.7272727272727273,0.04589275153593164,0.042487142663732796,0.453830074287236,1,0.36893939393939396,1,1,1
36,48611.0,307037.0,720.7305454117948,90,3,6,7,8464.0,80,66866.39652169564,12944.116289416175,0,4,0.0,0.5714285714285714,0.11462837033061042,0.2662795723070123,0.12658077061553255,3,0.6456349206349207,1,0,0
37,22393.0,668204.0,592.80833113071,180,2,0,5,27845.0,112,369081.89514367667,31865.102678689374,0,3,0.0,0.6,1.373501745871763,1.4229939123248057,0.0754439607208597,6,0.8066666666666668,0,0,1
38,156752.0,103948.0,679.2478800713914,5,5,6,11,1101.0,34,63376.75871821748,2203.481719273909,2,8,0.3333333333333333,0.7272727272727273,0.033692690108269474,0.014057120287294,0.017372298966805956,0,0.3792171717171718,1,0,0
32,148366.0,292835.0,586.1260283429551,30,4,1,5,17417.0,138,194973.99595176874,11591.389397663457,1,0,1.0,0.0,0.10951183556866619,0.07812699269147552,0.0893298612206137,1,0.4916666666666667,1,0,0
23,100742.0,1197947.0,707.0800554059981,120,6,6,5,13121.0,36,292319.20400563633,35573.2081899242,5,0,0.8333333333333334,0.0,0.2418051425139104,0.35311199092656687,0.04488586387826579,4,0.6383333333333334,0,0,1
46,20348.0,257044.0,548.5200470345676,15,1,0,4,20845.0,4,127180.0788297919,11531.060357144788,0,0,0.0,0.0,0.5208541332063426,0.5666925671881653,0.1639014552577637,0,0.3213888888888889,0,1,1
38,32602.0,292205.0,704.3817068978616,15,2,0,2,8508.0,9,145385.85743175188,11163.236711749654,0,2,0.0,1.0,0.37161794120951647,0.34240956725813304,0.05852013497250851,0,0.2658333333333333,0,0,0
37,36106.0,781788.0,577.1700433372022,120,0,0,3,27958.0,11,607028.6331888397,13421.11402908534,0,3,0.0,1.0,1.40103360750023,0.3717142311273844,0.046057135481618355,4,0.4077777777777778,0,0,1
33,134157.0,182195.0,653.1530544744743,45,0,2,1,44.0,18,91377.67168703857,6621.301365350387,1,0,0.5,0.0,0.05676040738776121,0.04935487052744461,0.0004815180687761074,1,0.3025,0,0,1
66,50965.0,420742.0,742.6449384014475,60,6,6,8,24470.0,9,191478.34636980633,18837.314977971673,6,0,1.0,0.0,0.31308797928285154,0.369612773039766,0.12779512913037464,2,0.43666666666666665,0,0,1
50,58527.0,1409465.0,695.9165992018892,45,3,3,7,14788.0,54,341929.63636583224,35957.61655439869,0,0,0.0,0.0,0.4868545519814676,0.6143765536316349,0.04324866413210888,1,0.5575,1,0,0
41,157497.0,965636.0,564.8037843392989,60,4,1,11,15477.0,172,647795.2336191658,39765.91431832285,1,5,1.0,0.45454545454545453,0.34275532952964494,0.25248680494436626,0.023891809011208034,2,0.5045454545454545,1,1,1
31,159975.0,1447105.0,632.9324308714183,15,1,4,7,9333.0,18,889741.0930530381,70382.89044877671,3,5,0.75,0.7142857142857143,0.46347923792938384,0.43996180933756346,0.010489568339453614,0,0.1685714285714286,1,1,1
60,141614.0,563662.0,574.9035032166239,90,0,3,0,11752.0,121,387637.3399240257,9924.228721658685,2,0,0.6666666666666666,0.0,0.2281067667062259,0.07007943227123509,0.03031699681538242,3,0.525,1,1,0
64,68150.0,943573.0,561.3669050276364,30,6,4,7,13023.0,156,605974.3198043613,35969.84710675495,0,2,0.0,0.2857142857142857,0.7409810709273188,0.5278040661299332,0.021491009724973944,1,0.6797619047619048,1,0,1
22,111949.0,395911.0,688.2364223293782,45,4,5,2,9332.0,145,319287.52163640765,19995.10336345821,0,1,0.0,0.5,0.23767334652118943,0.17860903950422255,0.02922757504637755,1,0.6208333333333333,1,0,0
66,50443.0,599024.0,719.2208840492073,5,4,5,0,351.0,65,484017.1304730708,12014.501916696297,4,0,0.8,0.0,0.7996106669459766,0.2381797656106159,0.0007251809448499025,0,0.4175,1,0,1
55,156980.0,303250.0,710.8424144500983,0,3,1,7,12014.0,9,115466.21092038388,7814.724297328372,1,1,1.0,0.14285714285714285,0.06129560608590472,0.049781655607901466,0.10404775478675644,0,0.20571428571428574,0,1,1
25,31747.0,1258197.0,722.1838770415826,60,2,3,0,12053.0,66,360862.2791302685,50374.3849467227,3,0,1.0,0.0,0.9472345920618969,1.5867447301074966,0.03340055388734316,2,0.42999999999999994,0,1,1
57,138593.0,316867.0,679.1662404379927,5,2,4,4,21657.0,108,267707.6598027396,12170.023548701603,4,3,1.0,0.75,0.16096752108857088,0.08781124262193331,0.080897946722772,0,0.30138888888888893,0,1,0
26,100868.0,346843.0,660.8626846875022,180,5,3,10,14112.0,136,237511.12497907723,16210.000648309804,3,3,1.0,0.3,0.1962227242361942,0.16070508633372135,0.0594161641954378,6,0.7866666666666665,1,1,0
23,140710.0,722521.0,604.885147105638,180,1,6,3,16485.0,25,634541.8216354611,29017.97149458111,6,3,1.0,1.0,0.37579763439903646,0.20622536773918776,0.02597937509857387,6,0.4388888888888889,1,1,0
26,91019.0,672618.0,649.194422977465,15,2,6,8,13980.0,54,351588.71358339343,25582.218900097483,5,6,0.8333333333333334,0.75,0.32190047644209213,0.28106460079870665,0.03976236852860204,0,0.2658333333333333,1,1,0
43,43615.0,505065.0,587.505613027168,15,2,5,4,12720.0,108,440256.3306731984,16704.547829430896,4,2,0.8,0.5,0.8411791254407857,0.3830000648728854,0.02889225915400189,0,0.3758333333333333,1,0,1
51,139712.0,567675.0,620.8384131011156,45,3,1,1,21507.0,128,137399.5434968275,10291.931442246936,1,1,1.0,1.0,0.08195403371270155,0.07366533613610095,0.1565289043372738,1,0.3875,1,1,1
40,120234.0,477786.0,686.224880930663,5,6,3,2,20268.0,55,283218.84196951747,18463.33878794713,1,2,0.3333333333333333,1.0,0.19629697227179047,0.1535617112293289,0.07156303535123353,0,0.43194444444444446,0,0,1
26,93265.0,1373414.0,671.7535738721355,120,6,5,0,29738.0,148,717679.5171161958,29205.69436505423,3,0,0.6,0.0,0.6412547732412979,0.3131474225599553,0.04143632260747004,4,0.7933333333333333,1,0,1
30,78381.0,891541.0,850.0,0,3,1,1,14904.0,144,135499.69195946632,48886.741042118476,0,0,0.0,0.0,0.14406094584940474,0.6237065238019224,0.10999286997979608,0,0.55,0,0,0
62,73698.0,1383677.0,585.7943081746495,45,1,4,1,835.0,64,407733.68612311775,25099.90532159968,2,1,0.5,1.0,0.46104110256623626,0.3405778355124926,0.0020479053568997155,1,0.33805555555555555,1,0,1
68,95943.0,1480878.0,671.2430895417752,5,6,1,10,17558.0,96,392586.84926948196,26698.234338165585,1,7,1.0,0.7,0.3409896581559554,0.27827183158923097,0.04472386182234985,0,0.43972222222222224,1,1,1
57,60388.0,993784.0,580.3387522157393,120,2,0,9,11880.0,86,194391.07344335763,46204.17569259947,0,3,0.0,0.3333333333333333,0.2682528999185236,0.7651218071901614,0.06111391737060209,4,0.7077777777777777,0,0,1
26,63742.0,1247213.0,652.8549886821035,5,2,1,4,2873.0,120,1073989.839749188,23755.179921715524,0,4,0.0,1.0,1.4040844860913106,0.37267704059671053,0.0026750718616397155,0,0.42638888888888893,0,1,1
61,63059.0,210573.0,655.7034772519371,45,6,6,8,25701.0,58,184046.14814911282,6570.520089660532,0,6,0.0,0.75,0.24321950891111607,0.10419638893196105,0.1396443243092338,1,0.591388888888889,0,0,0
54,20054.0,1426653.0,739.1416018363196,120,1,6,2,18988.0,59,1168161.305931724,74328.5658232496,6,2,1.0,1.0,4.854232347377597,3.7064209545851003,0.016254604482773206,4,0.3977777777777778,1,1,0
46,168311.0,749179.0,648.5233422547456,30,3,5,7,18770.0,76,668013.4368074689,34848.28497404617,3,1,0.6,0.14285714285714285,0.3307436020261445,0.20704698429720084,0.028098237199695408,1,0.47293650793650793,1,1,0
28,56321.0,1084480.0,666.6076279960689,5,6,1,2,19091.0,38,838301.0478381732,26367.708162302813,0,2,0.0,1.0,1.2403618659679534,0.4681683237567304,0.022773441652294526,0,0.4441666666666667,0,0,1
69,44742.0,405726.0,649.8777426269446,5,2,5,7,29508.0,104,344516.4726360599,10159.86373719376,2,7,0.4,1.0,0.6416723895446111,0.2270766558757713,0.08565047637409094,0,0.3663888888888889,1,0,0
42,42489.0,188476.0,581.9263779159953,60,4,1,4,20642.0,172,56207.943577477236,7292.289142420876,1,4,1.0,1.0,0.11024018682772253,0.17162769522513768,0.36724346571311567,2,0.45,1,1,1
23,178084.0,1333127.0,634.3528339744825,5,0,0,10,21402.0,62,456813.1565634473,45936.31100350089,0,4,0.0,0.4,0.21376296043975845,0.25794743493801175,0.04685066463716758,0,0.3575,0,0,0
31,95232.0,701700.0,653.2644299441328,30,6,1,10,22530.0,154,558938.836354973,13802.33686489537,1,10,1.0,1.0,0.4891027843888023,0.14493381284542348,0.0403085248950058,1,0.45833333333333337,1,1,1
40,70960.0,250684.0,685.1678118384469,60,2,0,4,21727.0,83,127748.01407344665,5351.073993230931,0,0,0.0,0.0,0.15002350393818895,0.07540972369265686,0.17007700790955868,2,0.6177777777777778,1,0,0
24,83430.0,1004790.0,719.1263101057377,30,4,4,0,21121.0,29,691023.5439075993,47341.53821026383,4,0,1.0,0.0,0.690222885360581,0.5674402278588497,0.030564805188206742,1,0.35611111111111116,0,0,0
36,32319.0,128749.0,663.578244320228,120,3,4,3,2282.0,89,73571.27526104395,3706.893634570559,3,0,0.75,0.0,0.1897007829786502,0.11469703996319684,0.03101754036345107,4,0.668611111111111,0,0,0
43,68814.0,703186.0,662.3476615213058,90,3,0,3,12072.0,89,266668.5623232256,33021.95917394334,0,2,0.0,0.6666666666666666,0.32293399880260026,0.47987268831841395,0.04526967819089106,3,0.6561111111111112,0,0,1
67,58287.0,1071422.0,559.5430789059063,5,2,0,5,8257.0,4,389597.0417182961,24206.73560049651,0,4,0.0,0.8,0.5570096272443485,0.4153024791204988,0.02119369275388478,0,0.25527777777777777,0,0,1
25,148121.0,1094610.0,717.7814162079446,120,0,3,6,26720.0,86,778415.1552756872,42664.943603082385,2,0,0.6666666666666666,0.0,0.43793877712348195,0.28804115286206805,0.03432615593222452,4,0.5744444444444444,1,0,1
49,27463.0,707264.0,631.2871478994972,180,1,0,11,17514.0,29,388338.3885161609,24898.768777026125,0,3,0.0,0.2727272727272727,1.1783684366728595,0.9066296026299431,0.04509984209112292,6,0.6705050505050505,1,0,0
65,86922.0,586447.0,732.2986266760843,5,2,5,0,15472.0,142,246037.54068314887,16453.01634850812,1,0,0.2,0.0,0.23587962069743454,0.1892848340869759,0.062884712459084,0,0.4963888888888889,1,0,1
60,145984.0,1265629.0,772.1507963497937,30,2,2,6,15671.0,97,775551.8524523919,49793.744957132294,2,0,1.0,0.0,0.4427150991731924,0.3410904274244595,0.020206256938780223,1,0.42500000000000004,1,0,0
66,153042.0,317868.0,666.8459481314896,30,1,2,2,20468.0,54,147793.74010393413,6351.445655049726,2,0,1.0,0.0,0.08047558845716325,0.04150132417930846,0.13849030402509693,1,0.31166666666666665,1,1,1
29,101033.0,158212.0,608.3682103463875,30,4,0,6,22877.0,0,80103.70582489563,7793.3231582015005,0,0,0.0,0.0,0.06607057910525574,0.07713641244149437,0.2855922802124593,1,0.44166666666666665,0,1,1
60,54049.0,277422.0,678.8310970839591,45,5,4,7,6047.0,102,182663.59887553938,12410.56577699653,1,7,0.25,1.0,0.28163271425857306,0.22961693605795722,0.03310457057248837,1,0.5666666666666667,0,1,1
68,72591.0,1211560.0,704.4091398613047,180,6,5,9,29809.0,126,597873.2400746701,32080.816112048837,1,8,0.2,0.8888888888888888,0.6863491342759089,0.4419393053140036,0.04985839472640902,6,0.8811111111111111,0,0,0
36,54011.0,731359.0,657.9135999127295,60,6,5,6,22857.0,76,630764.5625092731,27942.35379802769,4,4,0.8,0.6666666666666666,0.9732038574075544,0.5173456110427077,0.036236975503302744,2,0.5488888888888889,0,0,0
45,125252.0,104135.0,640.5173113434473,180,4,3,2,6204.0,162,53514.40115247365,5319.919354012962,0,0,0.0,0.0,0.03560448878559068,0.042473727796865215,0.115931410356691,6,0.9333333333333333,1,0,1
47,65407.0,294725.0,719.447254748819,30,2,1,10,18176.0,35,256813.6730838583,9399.42617806183,1,8,1.0,0.8,0.3271995264062693,0.14370673135997417,0.07077504784593351,1,0.22277777777777777,0,1,0
45,120164.0,90701.0,714.8304792285936,45,4,0,4,12851.0,135,71269.77248804933,2678.732894594571,0,2,0.0,0.5,0.04942534958338141,0.022292307967399314,0.18031487335188115,1,0.6208333333333333,0,0,0
35,124222.0,1230920.0,655.759725177099,0,0,2,5,11300.0,89,1007133.2311561472,57801.39951163291,1,4,0.5,0.8,0.675627258158879,0.465307268532409,0.01121996539328572,0,0.2927777777777778,0,0,0
68,170259.0,718907.0,564.2153684317517,15,5,3,7,26005.0,56,519379.03312443773,10817.710548191028,1,3,0.3333333333333333,0.42857142857142855,0.2542102684363419,0.06353679128968823,0.050069406621136126,0,0.477420634920635,0,0,0
67,77996.0,148690.0,711.9464729765617,60,3,0,3,8568.0,51,89718.68816620899,6312.623458990898,0,0,0.0,0.0,0.09585821512877689,0.08093522051119158,0.09549849841905057,2,0.58,0,0,0
39,173724.0,370872.0,626.2870964591036,5,1,0,11,25144.0,80,203794.44054287637,8764.537021413002,0,10,0.0,0.9090909090909091,0.09775776545117369,0.05045092803189543,0.12337922434498377,0,0.37992424242424244,0,0,0
60,82916.0,943859.0,695.0038752759216,180,2,1,0,19104.0,14,532092.3380928866,40368.73595094823,0,0,0.0,0.0,0.5347704685996336,0.48686304152332754,0.03590354273559384,6,0.6977777777777777,0,0,1
40,128270.0,910892.0,690.5810062175326,15,2,0,1,24515.0,117,274261.43414307747,29618.600871580766,0,1,0.0,1.0,0.1781797732277471,0.230908247225234,0.08938551669357547,0,0.4458333333333333,1,1,1
59,125182.0,1237966.0,547.7736801070134,5,2,0,11,22358.0,73,384755.07240877755,19574.48194301397,0,10,0.0,0.9090909090909091,0.2561304556624072,0.1563681834689809,0.05810969524073242,0,0.3977020202020202,0,0,1
49,150486.0,87434.0,685.6757179088102,120,0,3,5,18611.0,122,15355.278968063581,4369.111431891184,2,3,0.6666666666666666,0.6,0.008503160298446135,0.02903334151941831,1.2120261728040094,4,0.5233333333333333,1,1,1
44,93995.0,150629.0,716.0172767762119,0,0,5,10,5713.0,92,106821.60210153509,5552.424484706268,1,10,0.2,1.0,0.09470503936515691,0.05907148768239021,0.05348169178898601,0,0.32,1,0,1
27,146372.0,101314.0,724.600669071734,15,2,3,10,29795.0,175,24684.915932376676,2790.597853227034,2,0,0.6666666666666666,0.0,0.014053755688916298,0.019065107078041117,1.2070124152588646,0,0.4458333333333333,1,0,1
53,75564.0,621394.0,688.2156025767418,5,2,0,11,19273.0,14,364517.082983808,26803.945469029695,0,4,0.0,0.36363636363636365,0.40199597138828014,0.3547184567919869,0.052872693488705755,0,0.32113636363636366,1,1,0
36,97591.0,1104365.0,541.5969769235287,90,6,2,8,10737.0,88,279892.83197022876,38473.448283520636,0,2,0.0,0.25,0.2390015745733288,0.3942315201557586,0.03836111101674107,3,0.7955555555555556,1,0,0
31,98947.0,1011356.0,769.3956743530646,120,1,0,8,7688.0,96,202180.22710197835,16584.15884951442,0,4,0.0,0.5,0.1702765344931953,0.1676064847798763,0.03802547909950771,4,0.6666666666666667,0,0,1
30,132122.0,354739.0,708.7715867279807,5,2,4,7,3488.0,44,195175.89952818892,14547.937217053122,0,0,0.0,0.0,0.12310333096695285,0.11010987736374807,0.017871058918809975,0,0.4241666666666667,1,0,0
69,118172.0,1002996.0,595.7676469440665,30,6,1,8,9471.0,121,807233.1660629988,53942.39326524765,0,7,0.0,0.875,0.5692501650581347,0.4564735577399693,0.01173266956583503,1,0.6208333333333333,0,0,1
26,30677.0,1001804.0,624.8565871889209,45,6,2,3,3976.0,65,417763.1138582494,23922.255250741375,2,1,1.0,0.3333333333333333,1.1348434599706876,0.7798107784575211,0.00951735533393475,1,0.4986111111111111,0,1,1
60,149068.0,327513.0,696.1856946506165,90,0,6,9,26637.0,137,274921.1693203194,16217.475560296043,2,1,0.3333333333333333,0.1111111111111111,0.15368890334183022,0.10879246760066576,0.09688959226331671,3,0.5638888888888889,1,0,0
63,140799.0,1137387.0,727.5848935308779,30,0,4,2,13070.0,166,179400.45372178886,45313.26666677166,2,0,0.5,0.0,0.10617999993003552,0.321829463751672,0.07285377338158092,1,0.43333333333333335,0,0,1
22,34937.0,662322.0,645.8426000556609,45,0,5,5,18781.0,153,330700.19362775027,11998.582592482577,2,0,0.4,0.0,0.7888012556595927,0.3434348281902446,0.05679162081513828,1,0.4774999999999999,1,1,0
49,173816.0,136030.0,737.7867785165353,45,3,2,4,24148.0,113,35377.7751906205,6012.389855144617,1,3,0.5,0.75,0.016961315025956807,0.03459054319018167,0.6825754268007846,1,0.48750000000000004,1,1,0
49,125036.0,616342.0,554.5063219629876,0,4,6,9,28843.0,129,238422.88346003936,20129.486989251283,5,9,0.8333333333333334,1.0,0.15890282495977115,0.16098953092910268,0.12097412623077433,0,0.3583333333333334,0,1,0
38,31765.0,1166143.0,607.0278692234349,60,2,5,3,13585.0,155,195677.39153851333,54516.43777548957,5,0,1.0,0.0,0.5133464282976896,1.7162423351326797,0.06942549618628881,2,0.4833333333333333,0,1,1
53,97606.0,1059507.0,535.4945193110542,60,0,3,2,1567.0,176,187014.2325921951,42835.679899960116,0,0,0.0,0.0,0.15966763705799772,0.4388631836153527,0.008379041414548453,2,0.5666666666666667,0,0,0
41,153450.0,439210.0,617.1816399991214,180,1,4,9,18341.0,130,300687.67460405955,6637.072102024931,0,8,0.0,0.8888888888888888,0.16329296980778732,0.04325234344753947,0.06099684672526441,6,0.7444444444444444,0,0,0
42,63332.0,1147507.0,785.5654029180866,45,4,4,5,28406.0,164,735443.0405612658,23009.682139857854,1,2,0.25,0.4,0.9677085840771198,0.36331841943816484,0.03862433721355427,1,0.5933333333333333,1,0,1
42,169142.0,614841.0,824.0461564209781,180,2,1,8,10740.0,173,188296.0329147073,17890.38813635766,0,1,0.0,0.125,0.09277019354285516,0.10577141180994465,0.05703784532128148,6,0.8541666666666667,1,0,0
60,85781.0,717349.0,696.421332776131,30,0,1,10,3069.0,31,592431.0883728983,24586.543513148255,0,2,0.0,0.2,0.5755267176228791,0.2866199218142509,0.005180349343970039,1,0.3572222222222222,1,0,1
52,54642.0,175626.0,635.3099554912012,90,4,4,10,21444.0,90,116963.87802566528,9182.621478075083,4,7,1.0,0.7,0.178379082673989,0.16805061085017173,0.18333865430910698,3,0.5383333333333333,1,0,0
39,75745.0,1495746.0,664.485206940434,180,4,3,4,18620.0,64,601484.0774843963,71614.65568348461,0,0,0.0,0.0,0.6617423344603564,0.945470403108913,0.03095676294188027,6,0.8755555555555555,0,0,1
66,103019.0,1266013.0,713.1337923583116,5,3,5,2,4594.0,170,576972.6178056458,59584.41864657345,0,1,0.0,0.5,0.4667202310622683,0.5783828094484847,0.007962249608087115,0,0.5097222222222223,1,0,0
60,129477.0,332646.0,570.5913403852642,60,6,3,11,108.0,133,122885.03671956161,12169.207180637228,1,11,0.3333333333333333,1.0,0.07909064719317048,0.0939874045632601,0.0008788702260509466,2,0.6166666666666666,1,0,1
66,168313.0,863056.0,639.9250576813157,180,5,0,3,15603.0,159,667097.9776502404,16151.703117283618,0,1,0.0,0.3333333333333333,0.33028641957258226,0.09596230307393736,0.02338936786311269,6,0.9333333333333332,0,0,1
56,49573.0,1181518.0,780.4425152115174,60,0,4,9,4456.0,62,614944.6152388679,52970.16998363003,2,1,0.5,0.1111111111111111,1.0337357957605753,1.0685286342087432,0.007246181021146303,2,0.41833333333333333,0,1,1
40,173556.0,781764.0,606.8002951470146,180,6,4,9,5553.0,151,196598.5509513202,14432.87450098609,2,7,0.5,0.7777777777777778,0.094397269925999,0.08315975535842086,0.028245376037257665,6,0.8472222222222222,0,0,0
58,103487.0,355659.0,627.568257051692,30,0,2,5,9269.0,14,107154.83178950791,6635.8531131257905,2,2,1.0,0.4,0.08628687000098878,0.06412257687560553,0.08650099902361637,1,0.14944444444444444,1,1,1
37,38716.0,1454404.0,680.9235559187008,120,3,5,1,14057.0,169,541669.9429885116,36655.98174070773,4,0,0.8,0.0,1.165904585073595,0.9467915523480661,0.025951227646940227,4,0.6633333333333333,1,1,0
34,168087.0,439771.0,699.8199581653297,60,6,2,5,24540.0,41,198936.956069392,22825.236053897537,0,1,0.0,0.2,0.0986279704703477,0.13579417833560917,0.12335566244132187,2,0.6377777777777778,1,0,1
43,74538.0,535033.0,636.249716766037,45,6,0,1,12914.0,94,318066.3784184485,24074.74689483852,0,1,0.0,1.0,0.3555975681514222,0.32298622038206715,0.0406015878327458,1,0.6375,0,0,0
68,118534.0,588855.0,685.3875068276369,5,0,0,4,25087.0,128,514143.27704277856,10638.314521933862,0,2,0.0,0.5,0.3614597759874653,0.08974905530846729,0.048793791770056875,0,0.4097222222222222,1,0,0
48,131099.0,1341629.0,722.5557673617608,5,0,6,4,18136.0,133,464802.64831179555,69437.91156541565,5,2,0.8333333333333334,0.5,0.2954527038801437,0.5296601161367794,0.03901871055569834,0,0.2847222222222222,1,1,1
39,20171.0,775018.0,817.3016276634553,15,1,2,6,11782.0,38,307141.7060156662,35910.4646134806,0,5,0.0,0.8333333333333334,1.2689079454648844,1.78030165155325,0.03836014376829385,0,0.3136111111111111,0,1,0
43,53892.0,1093547.0,671.1628934395653,90,1,2,2,15286.0,99,183676.52871506434,42807.67540758632,2,1,1.0,0.5,0.2840194721465529,0.7943233765231634,0.08322239159752974,3,0.4583333333333333,1,1,1
35,129205.0,1356756.0,677.1091879261606,45,1,2,10,4237.0,95,582609.9752430198,27241.599719780355,0,7,0.0,0.7,0.3757658857648825,0.2108401355967676,0.00727244671400048,1,0.5008333333333334,1,0,0
53,70612.0,1396365.0,786.9216642185658,30,2,5,0,29272.0,139,916445.6596041049,38825.80865669576,5,0,1.0,0.0,1.0815508926765338,0.5498471740879136,0.03194079178971201,1,0.42500000000000004,0,0,1
38,19511.0,1291825.0,641.5583899191333,45,2,4,11,9057.0,57,1126853.6619177577,34914.50687672509,4,2,1.0,0.18181818181818182,4.812898971169075,1.7894780829647425,0.008037423408276607,1,0.36265151515151517,0,1,0
48,21773.0,1366312.0,587.2952877066473,30,4,6,3,27009.0,137,963444.1766601041,55474.843533998835,0,2,0.0,0.6666666666666666,3.6874576182278664,2.547873216093273,0.028033798588756816,1,0.575,0,0,1
39,151884.0,1424927.0,697.5174282961274,120,5,6,5,19353.0,110,339841.3625992787,54880.756843678784,2,2,0.3333333333333333,0.4,0.18645883404400654,0.36133336522397874,0.05694715867420747,4,0.76,0,0,1
36,42870.0,1486993.0,755.332251756154,30,3,6,10,8822.0,136,1215659.8284763158,38795.11168240804,0,5,0.0,0.5,2.363074077591781,0.904947788253045,0.007256964319580521,1,0.5583333333333333,0,1,0
68,34268.0,982485.0,705.273299463978,45,2,2,7,14600.0,157,765364.9979536649,26963.288468225004,2,2,1.0,0.2857142857142857,1.8612237800904265,0.7868357788089473,0.019075865814396548,1,0.42559523809523814,1,1,0
37,109097.0,240931.0,673.2089039716928,60,3,4,0,3635.0,77,70295.67483379663,8610.312236574442,2,0,0.5,0.0,0.05369508696679456,0.07892345560899422,0.05171015156472147,2,0.5627777777777778,1,0,0
24,37267.0,214305.0,578.6124638805613,60,4,2,7,18468.0,77,182321.51260879275,10461.569430238418,2,1,1.0,0.14285714285714285,0.4076920434718669,0.28071938793673806,0.10129358700323415,2,0.5068253968253968,1,0,1
39,123800.0,1204223.0,675.9141528312139,30,6,4,6,1942.0,143,825584.32022633,24143.468624501398,2,6,0.5,1.0,0.5557245020371095,0.19501994042408238,0.0023522733564847863,1,0.5333333333333333,0,0,1
47,106143.0,508406.0,766.3208448421435,0,6,5,11,19172.0,140,374752.674070348,22384.873595660953,5,4,1.0,0.36363636363636365,0.29421996274707074,0.2108935454590595,0.05115907457514516,0,0.4636363636363637,1,1,0
25,123123.0,1216516.0,593.6118042922545,90,1,1,6,5939.0,157,601390.4607708943,66697.88494603762,1,5,1.0,0.8333333333333334,0.4070390725608364,0.541717509693864,0.009875447629127794,3,0.425,0,1,0
35,97639.0,1405366.0,662.867697833771,60,6,6,11,3857.0,99,422330.427166321,63226.453949365125,0,10,0.0,0.9090909090909091,0.36045230147646007,0.6475532722515094,0.009132659528888375,2,0.6757575757575758,0,0,0
29,144094.0,984341.0,652.8760687489148,60,5,2,6,6663.0,114,737595.1694882293,32151.377121616086,1,3,0.5,0.5,0.4265706006080691,0.22312779936441549,0.009033410569409008,2,0.6083333333333334,0,0,0
45,122450.0,1158234.0,631.1606800553578,45,0,6,2,2679.0,10,588477.9150384876,51271.524544339896,4,2,0.6666666666666666,1.0,0.4004885769963847,0.4187139611624328,0.004552422328074603,1,0.1597222222222222,1,1,0
56,85275.0,454348.0,697.3546103163304,45,3,5,6,26660.0,81,397814.7321628512,22457.267076485045,5,3,1.0,0.5,0.3887567010288783,0.2633511237347997,0.06701612043137292,1,0.41750000000000004,1,0,1
68,20491.0,680080.0,711.0313668879205,180,1,0,11,28079.0,44,180221.80480110832,31106.86191309682,0,0,0.0,0.0,0.7329307370760672,1.518074369874424,0.15580245703891277,6,0.731111111111111,0,0,0
40,62305.0,1449464.0,710.2978833355405,0,3,2,0,27745.0,153,603778.049182141,22481.621592657808,2,0,1.0,0.0,0.8075569766767527,0.36083174051292527,0.04595231648050557,0,0.4,0,0,0
63,39291.0,1234436.0,611.6233165469413,0,0,2,4,21547.0,22,866154.717550583,25009.35314999088,1,4,0.5,1.0,1.8370507188893617,0.6365160762004245,0.02487661795681632,0,0.12388888888888888,0,1,1
31,20524.0,346412.0,564.7811413966422,180,2,5,0,6914.0,140,200645.71450262165,6680.799442841438,4,0,0.8,0.0,0.8146792149947283,0.3255115690333969,0.034458747435194594,6,0.7466666666666667,1,1,0
59,62253.0,1407666.0,698.367190557151,120,4,5,10,22766.0,150,668579.8424646959,22907.002061989417,5,9,1.0,0.9,0.8949767380215892,0.367966235554743,0.034051280870320506,4,0.5766666666666667,0,1,1
48,51474.0,774384.0,644.5856670962144,30,2,0,6,22761.0,84,523644.5806637645,33748.36719846162,0,3,0.0,0.5,0.8477493178817858,0.6556391032066989,0.04346650541317257,1,0.5116666666666667,0,0,1
58,30431.0,1273608.0,808.681866578075,45,0,5,8,7096.0,120,891542.5344213226,32725.278346820967,5,7,1.0,0.875,2.441431803153918,1.0753928016437504,0.007959238876478094,1,0.3,1,1,0
58,68606.0,806156.0,811.9156787210462,45,2,1,11,25072.0,104,469968.1974397645,35372.72600492691,1,8,1.0,0.7272727272727273,0.57085410100157,0.5155923097823355,0.05334829066431343,1,0.38143939393939397,1,1,0
47,100063.0,925645.0,819.3482856077228,180,3,2,9,29907.0,124,360379.0989221796,38547.50260788057,1,8,0.5,0.8888888888888888,0.30012683586189004,0.3852323297110877,0.08298760968503928,6,0.7361111111111109,1,0,0
33,46869.0,284652.0,614.1922369275701,45,5,1,4,11325.0,123,174796.13706690838,10231.658489494248,0,0,0.0,0.0,0.31078846904298574,0.21830332393467425,0.06478976131872423,1,0.7041666666666666,1,0,1
46,62244.0,541063.0,719.8558360719466,90,0,1,11,17649.0,45,302417.3572948668,9408.311278063562,0,9,0.0,0.8181818181818182,0.4048815378388102,0.15115209944835747,0.058359745478470164,3,0.44318181818181823,1,0,1
61,21263.0,1097666.0,740.9666762076039,30,3,3,5,26147.0,123,821319.8041611355,29869.960409671574,0,1,0.0,0.2,3.218892772112494,1.4047857973790892,0.031835345826959016,1,0.5883333333333334,0,0,1
68,26165.0,1271469.0,733.0847963481082,30,1,0,11,7872.0,162,813858.8948237251,20451.05752677783,0,11,0.0,1.0,2.5920724085092206,0.7816188620973755,0.009672438367470332,1,0.44166666666666665,1,0,1
66,43506.0,178857.0,655.1921439064299,90,1,0,11,29659.0,55,93466.87832955658,9193.394611362508,0,11,0.0,1.0,0.1790306285906093,0.2113132582026044,0.31732096471035215,3,0.4805555555555555,1,0,0
29,91373.0,161453.0,769.5415432075729,30,0,5,2,9096.0,55,26482.898079066443,4414.987929232862,4,0,0.8,0.0,0.024152738481340624,0.048318298942060155,0.34346694130088373,1,0.3105555555555556,1,0,1
50,125908.0,1054991.0,680.0332490456566,0,5,2,9,29033.0,52,290339.05045746715,19831.70196639583,0,6,0.0,0.6666666666666666,0.19216349137033067,0.15750946696314636,0.09999688279704266,0,0.4655555555555556,0,0,0
26,145710.0,698288.0,688.9674287454808,5,6,4,8,7018.0,164,281023.0163614284,10544.654817253057,2,3,0.5,0.375,0.16072050440454122,0.07236740661075462,0.024973043456960237,0,0.5472222222222223,1,1,1
53,119992.0,1280492.0,572.3516583756,120,4,6,9,22257.0,159,769619.1892888779,50528.86302814935,2,2,0.3333333333333333,0.2222222222222222,0.5344934032330474,0.4211019320300466,0.02891949721337548,4,0.7444444444444445,0,0,0
69,117929.0,148919.0,725.1335478701092,30,2,0,2,15759.0,62,110835.80473586048,5932.748596147318,0,2,0.0,1.0,0.07832099874773556,0.05030780042353719,0.14218329570986765,1,0.4127777777777778,0,0,0
23,169580.0,556624.0,661.7711800499312,0,6,5,6,11149.0,168,484243.7257028154,30501.331843699547,5,2,1.0,0.3333333333333333,0.23796228215926377,0.1798639688860688,0.023023530111451022,0,0.4666666666666667,0,0,0
53,59413.0,101388.0,712.5345203470367,180,3,0,1,13173.0,137,60818.0019768663,2691.28033240542,0,1,0.0,1.0,0.08530400470276749,0.045297836035975626,0.21659705304049107,6,0.7999999999999999,0,0,1
67,147303.0,1078660.0,696.4579589863233,180,3,5,10,6810.0,72,751430.1480435046,18187.29474066046,5,3,1.0,0.3,0.42510457359066267,0.12346859697806875,0.009062718627581243,6,0.6799999999999999,1,0,0
62,169773.0,1293886.0,692.665560366464,45,4,2,10,20161.0,148,797138.4561938938,59745.5667164906,2,7,1.0,0.7,0.39127661455487317,0.3519144193510782,0.025291716694064617,1,0.45083333333333336,0,1,0
40,109976.0,277322.0,676.8000499273321,60,4,0,6,29786.0,164,131092.40896513744,7538.521096424016,0,1,0.0,0.16666666666666666,0.09933410392959785,0.06854696566909159,0.22721376649597808,2,0.6833333333333333,0,0,0
26,154169.0,519757.0,735.0619814262318,90,3,1,1,17572.0,156,315626.34422822786,14670.849038153749,1,0,1.0,0.0,0.17060625256927348,0.09516082375934039,0.0556734262565034,3,0.5750000000000001,0,0,0
66,40284.0,1276626.0,666.0775224180454,0,3,2,7,8285.0,84,575126.0524382159,65502.880321827644,1,5,0.5,0.7142857142857143,1.1897321774530334,1.6260272148204657,0.014405537646705777,0,0.3902380952380953,1,1,1
66,160362.0,110074.0,578.1361806382912,15,2,5,5,20096.0,39,53961.5264820125,4184.442314546159,1,1,0.2,0.2,0.028041517775414634,0.026093727407653675,0.37241348253368606,0,0.3825,1,0,0
49,109379.0,1430445.0,719.8268924461754,60,4,4,9,13151.0,30,1191922.4677037897,44363.80111073928,3,7,0.75,0.7777777777777778,0.9080981935165722,0.4055970626056124,0.011033435778197124,2,0.37638888888888883,1,0,1
68,53888.0,1336135.0,623.3696132561853,45,4,5,1,27634.0,148,765464.7221430832,70844.96192258633,0,1,0.0,1.0,1.1837278586189306,1.3146704632308923,0.0361009452174787,1,0.5708333333333333,1,0,0
21,27978.0,271405.0,587.3016710122502,15,3,0,4,7923.0,131,61149.774174452265,6951.12890703361,0,3,0.0,0.75,0.18213648275565403,0.24844981439107905,0.12956711789967895,0,0.5041666666666668,1,1,1
51,134628.0,251448.0,608.4429666100182,0,4,6,4,15547.0,127,136492.07349630835,3987.7431192456033,2,1,0.3333333333333333,0.25,0.08448717546146192,0.02962045873997685,0.1139040502628198,0,0.5083333333333333,0,1,0
22,87803.0,1053196.0,699.8332665549844,180,0,3,11,14883.0,8,910956.7839675632,25524.217000119217,3,2,1.0,0.18181818181818182,0.8645839587557403,0.2906986891122082,0.01633776734740245,6,0.44959595959595955,1,0,1
66,68220.0,64640.0,673.2436837833604,60,2,0,3,26572.0,173,14546.078253205884,1083.6920970069093,0,2,0.0,0.6666666666666666,0.017768589677032497,0.01588525501329389,1.8267466692710568,2,0.5666666666666667,1,0,1
54,81221.0,783455.0,530.7121879229007,90,6,6,11,3311.0,20,688179.414363424,24529.892825111157,1,5,0.16666666666666666,0.45454545454545453,0.7060770555679606,0.3020141690586321,0.004811245339360701,3,0.5989898989898991,0,0,0
65,178544.0,145581.0,653.1440839863131,30,5,5,11,18532.0,104,129673.40238848387,7023.215026470899,3,2,0.6,0.18181818181818182,0.06052355086537206,0.03933604616492797,0.14291288466759475,1,0.5668181818181819,1,1,0
48,87305.0,820674.0,761.8461857482336,45,5,0,7,24271.0,169,468223.1377579922,44322.290857151704,0,2,0.0,0.2857142857142857,0.446922797241464,0.5076718499186954,0.051836396031639115,1,0.675595238095238,0,0,0
25,30761.0,557788.0,648.4093030346635,45,6,3,2,10844.0,43,222740.95052153617,23992.044212173205,3,2,1.0,1.0,0.6034181553523839,0.7799500735403012,0.04868435720782077,1,0.38305555555555554,1,1,1
22,63331.0,1074410.0,668.4166412600686,30,4,6,2,15153.0,93,168119.38493862783,55917.234785144494,5,0,0.8333333333333334,0.0,0.22121786715645816,0.8829362363636212,0.0901323782830375,1,0.5166666666666666,0,0,1
37,41548.0,1327026.0,753.0094006129007,90,4,4,0,8837.0,151,214485.5630397504,41590.69508442833,2,0,0.5,0.0,0.4301963252137095,1.0010276086557315,0.04120090823251468,3,0.6833333333333332,1,0,1
57,129104.0,758673.0,735.6842480743176,180,3,1,9,12585.0,47,334629.07688462245,20566.395461371638,0,2,0.0,0.2222222222222222,0.2159945192019757,0.15930099347325907,0.03760880589686237,6,0.7822222222222222,1,0,0
28,147664.0,980565.0,751.5225761356198,90,5,4,8,28502.0,18,722974.3452152017,20757.58945019194,1,3,0.25,0.375,0.40800643421055105,0.1405731217506768,0.03942325227531559,3,0.5566666666666666,1,0,0
62,154233.0,920473.0,485.92124729624084,90,4,1,3,10894.0,86,788642.9875542405,32248.98139974586,0,3,0.0,1.0,0.42611016425053894,0.20909261571612986,0.01381360155599018,3,0.6494444444444445,1,1,0
32,120526.0,1478143.0,801.3466126909477,0,3,2,8,6055.0,143,393309.8011994312,41502.5929373138,2,3,1.0,0.375,0.2719398035827893,0.3443455597739392,0.015394988839674908,0,0.36250000000000004,1,1,1
45,142499.0,384806.0,724.5480304799551,45,0,1,6,17393.0,104,198488.4968010594,7427.336036979198,0,2,0.0,0.3333333333333333,0.11607595889623752,0.05212202216843064,0.0876272443003718,1,0.5041666666666667,1,0,0
30,85601.0,396456.0,850.0,180,5,4,9,14097.0,79,208652.50366797508,20725.372553601606,3,2,0.75,0.2222222222222222,0.20312506441511108,0.24211600978495118,0.06756209368296054,6,0.8074999999999999,0,1,0
43,119695.0,598834.0,625.2371778458001,30,2,6,1,23396.0,115,260629.04362628076,11945.63180112822,0,1,0.0,1.0,0.18145358593806535,0.09980059151283027,0.08976743218820929,1,0.475,0,1,0
43,35329.0,1118204.0,556.5584576045762,45,2,0,2,1092.0,9,620566.3748568373,49860.24277819625,0,1,0.0,0.5,1.4637794608226418,1.4113120319906096,0.0017596828385229879,1,0.3741666666666667,1,0,1
21,105211.0,1304598.0,680.5052919707623,15,0,4,9,27076.0,62,1100776.315179091,23121.394077410652,1,3,0.25,0.3333333333333333,0.8718799326900949,0.21976213587372662,0.024597186209983874,0,0.34611111111111115,1,0,1
48,108309.0,453209.0,660.7239369169987,5,1,1,4,21056.0,158,217040.3683326025,16353.892075459638,0,1,0.0,0.25,0.16699163837769906,0.1509929191060728,0.09701421059022915,0,0.4680555555555556,1,0,0
59,23035.0,209358.0,725.7564788530375,90,0,5,11,25245.0,69,53037.66623531534,8791.382338602629,4,10,0.8,0.9090909090909091,0.19187347599781251,0.3816532380552476,0.475982481732775,3,0.36742424242424243,1,1,0
66,106825.0,932542.0,755.2449841210449,15,0,0,10,12223.0,173,605301.0529013858,22736.66018237613,0,7,0.0,0.7,0.47219053974677105,0.2128402544570665,0.020193257456618603,0,0.4091666666666667,1,0,1
37,135115.0,916484.0,673.8894098584352,60,0,2,1,13365.0,98,159038.28730685252,16520.527700435407,0,1,0.0,1.0,0.09808822565151447,0.12227012323158351,0.08403636775975352,2,0.4666666666666667,0,0,1
64,77549.0,593417.0,663.1504367931092,60,2,1,4,10034.0,168,507422.8349316333,22985.760714719956,0,1,0.0,0.25,0.545271199426205,0.29640305761157404,0.01977443526236243,2,0.6083333333333334,1,0,0
64,106287.0,317216.0,716.5903873661289,120,5,6,8,25019.0,112,271192.95203576115,12408.308565990608,3,1,0.5,0.125,0.21262631055205963,0.11674342643964557,0.09225534739081583,4,0.7625000000000001,0,1,1
69,64343.0,1282315.0,662.0569934015251,180,6,0,1,2133.0,75,280964.13203508424,35237.11852369459,0,0,0.0,0.0,0.36388849866481754,0.5476449423199818,0.007591716368029675,6,0.9666666666666668,0,0,0
39,61860.0,1277482.0,656.2012529372249,45,1,4,10,15858.0,165,719433.3221983969,38385.43933571492,1,3,0.25,0.3,0.9691687172626319,0.6205211661124299,0.022042348485530487,1,0.5033333333333333,1,0,0
62,38977.0,1133918.0,752.59944570727,0,2,0,1,7795.0,48,848219.1688272146,19077.297929406108,0,1,0.0,1.0,1.8135036235626452,0.48945013544926774,0.009189841831537138,0,0.32333333333333336,1,1,0
48,71110.0,889613.0,768.18444998325,60,5,4,1,19145.0,70,443413.2413267212,23869.68992443077,3,1,0.75,1.0,0.5196330114455553,0.33567275944917413,0.04317642825170696,2,0.47638888888888886,1,1,1
23,148117.0,429068.0,755.8776370704165,120,4,5,6,28917.0,130,218429.39077012148,21583.879150507208,5,5,1.0,0.8333333333333334,0.12289237042907604,0.14572182227905783,0.13238603055223783,4,0.5833333333333333,1,1,0
34,169568.0,634420.0,668.2239201092132,45,6,5,2,20236.0,157,556798.7146680318,13863.206522414372,0,2,0.0,1.0,0.2736359035254449,0.08175603016143596,0.03634347470084388,1,0.6375,0,0,0
53,120971.0,149224.0,530.2147708572772,60,2,0,7,1328.0,34,48181.60475011046,5032.143035565601,0,4,0.0,0.5714285714285714,0.033190878220200476,0.041597928723128695,0.027562386244450593,2,0.45174603174603173,1,0,0
28,119146.0,412245.0,669.6255739525006,90,1,5,4,11990.0,178,224563.30786657348,17344.404021766943,5,1,1.0,0.25,0.1570645173894308,0.14557269250975227,0.05339251596313311,3,0.48333333333333334,0,0,0
42,117439.0,703134.0,626.9413991126066,30,1,2,3,939.0,77,166098.6174339931,33128.3625502012,2,2,1.0,0.6666666666666666,0.11786162563401219,0.28208995776702117,0.005653268007321944,1,0.2961111111111111,0,1,0
58,95097.0,683424.0,670.9192486692589,30,4,4,10,14581.0,61,257534.74294812424,12469.73159455323,4,2,1.0,0.2,0.22567724091201988,0.1311264455719237,0.056617603640907906,1,0.4072222222222222,1,1,0
28,86531.0,166545.0,633.0236375097674,45,0,6,1,5219.0,23,131267.1584071467,6440.868891502173,0,0,0.0,0.0,0.12641631169479406,0.07443423618705634,0.0397586118518115,1,0.38861111111111113,1,0,0
45,118589.0,1438537.0,678.5482101174078,120,3,0,5,20777.0,4,988758.9767863253,57673.25999907666,0,4,0.0,0.8,0.694807961943017,0.4863289175140752,0.021013209981192403,4,0.5122222222222222,0,1,1
31,145072.0,438946.0,607.2507059537905,45,2,2,2,16007.0,100,267319.36068202916,10049.78030970863,1,1,0.5,0.5,0.15355556820178323,0.0692744313837862,0.05987968832171492,1,0.4791666666666667,1,1,1
47,85026.0,788353.0,590.3497794297135,15,6,6,1,9237.0,108,185591.2438818737,12798.075838726969,4,1,0.6666666666666666,1.0,0.18189656093613885,0.15051955682646448,0.04977066701422199,0,0.4791666666666667,0,1,1
32,109674.0,724620.0,765.5884037799624,60,6,0,2,25721.0,16,571017.8872241357,35343.105677451735,0,2,0.0,1.0,0.4338751566947922,0.32225601033473505,0.04504412309224913,2,0.5022222222222222,0,1,0
68,94169.0,730759.0,612.1239670642642,90,3,1,3,22407.0,162,272998.3889440908,23824.784616655295,0,2,0.0,0.6666666666666666,0.2415855084511984,0.25300029326694873,0.08207740744063102,3,0.6583333333333333,1,0,1
24,64253.0,1275294.0,680.0232137679448,180,4,3,4,18812.0,97,702989.4082450607,22229.86744382652,0,3,0.0,0.75,0.9117465439292857,0.3459740003396965,0.026760004886790804,6,0.8583333333333334,0,0,0
68,65030.0,1132097.0,746.8160392621985,180,2,6,5,10623.0,9,368051.5542515002,43156.83768247148,3,2,0.5,0.4,0.47164328547273077,0.6636450512451404,0.02886280434708068,6,0.5716666666666665,1,0,0
59,30760.0,1308070.0,744.0012888360701,120,5,2,1,8167.0,151,707080.4124362601,39342.19144651178,2,0,1.0,0.0,1.9155841255858803,1.2790049234886796,0.01155031288713038,4,0.7000000000000001,0,1,0
62,89256.0,599618.0,735.6393743440746,90,2,2,0,17564.0,35,342744.4377008485,10917.875968149765,0,0,0.0,0.0,0.320001304955081,0.12232091924520216,0.05124517882134114,3,0.5694444444444444,1,0,1
62,133417.0,434473.0,701.2006560151075,45,5,5,1,23701.0,121,176114.2089713903,11506.778137568605,0,0,0.0,0.0,0.11000235412990242,0.08624671621733815,0.1345774434580132,1,0.7041666666666666,1,0,0
30,129065.0,669764.0,730.6802315975794,30,6,0,7,25128.0,121,354600.67946568254,18802.448818856155,0,7,0.0,1.0,0.22895484153054826,0.145682011535708,0.07086280837888759,1,0.6083333333333334,0,0,1
66,177678.0,864161.0,776.1161692824307,60,1,2,11,23321.0,145,392795.1203738896,32834.8335428114,2,4,1.0,0.36363636363636365,0.1842261095792621,0.18479965748607818,0.0593719188206856,2,0.41363636363636364,0,0,1
50,24470.0,538574.0,709.7515815796761,90,1,2,0,696.0,145,362525.7697842381,16767.60827597576,1,0,0.5,0.0,1.2345925956417316,0.6852312331824993,0.00191986351870719,3,0.5833333333333334,0,0,1
68,141226.0,717084.0,551.3958357230072,45,2,2,0,29542.0,177,400074.42956156586,13825.155154017539,0,0,0.0,0.0,0.23607222322233268,0.09789383791948748,0.07384126006846908,1,0.6041666666666666,1,0,0
64,146794.0,268833.0,643.0026755694932,5,5,4,9,7210.0,15,217366.82420582304,10864.460066157146,4,9,1.0,1.0,0.12339674657787049,0.07401160855455363,0.033169735199208246,0,0.20972222222222223,0,1,1
49,88702.0,896573.0,728.7459050205462,0,4,1,8,302.0,65,167866.67908494917,39585.46198451898,0,0,0.0,0.0,0.1577065897470831,0.4462747399666184,0.0017990467295011686,0,0.5277777777777778,1,0,0
39,63842.0,1085023.0,636.1032846403417,0,1,2,8,16835.0,65,184431.11800714768,38292.760714268305,0,2,0.0,0.25,0.2407390093344346,0.5998051551371872,0.09128069157693636,0,0.4027777777777778,0,0,0
26,75850.0,814377.0,793.407429762105,30,2,6,2,13659.0,67,237319.2421501092,14279.310533829248,4,2,0.6666666666666666,1.0,0.2607330720172591,0.18825722523176333,0.05755538352579268,1,0.3238888888888889,0,0,1
25,128574.0,1315894.0,675.5774120283498,120,4,5,10,3183.0,42,314409.75360283564,25171.72548078977,4,6,0.8,0.6,0.20378002395691433,0.19577617154937832,0.010123731733910473,4,0.5299999999999999,0,1,1
40,157671.0,1493732.0,685.9674139951605,120,6,6,7,6431.0,42,813220.3083679094,78847.8911419343,0,2,0.0,0.2857142857142857,0.429808646045621,0.5000785885922858,0.00790806615848869,4,0.7480952380952381,1,0,1
60,122121.0,1363109.0,758.7320939231215,120,3,4,1,6168.0,173,409069.74519249005,30771.659925938304,3,0,0.75,0.0,0.27914237053993585,0.2519768092788161,0.015078113384057805,4,0.6708333333333333,1,1,1
45,101298.0,184818.0,667.2005071883495,90,0,4,1,13194.0,161,29947.256034366776,5045.491157924226,1,0,0.25,0.0,0.024636267937477193,0.049808398565857434,0.4405745883649197,3,0.5875,0,0,0
44,123725.0,1327164.0,692.3393925009731,0,0,1,7,22472.0,122,480388.96317762526,56405.198124265706,0,7,0.0,1.0,0.3235596168772313,0.4558916801314666,0.04677875996849434,0,0.35,1,0,0
32,29436.0,533871.0,742.9386438799379,120,0,1,9,20460.0,99,283967.2012212235,24917.587885533077,1,3,1.0,0.3333333333333333,0.803911313870837,0.8465004717194278,0.0720505745452649,4,0.5,1,0,0
48,116516.0,705086.0,576.941056891642,180,0,3,9,774.0,85,483471.3789898733,36270.157457140005,0,4,0.0,0.4444444444444444,0.3457832536517683,0.3112890715192764,0.001600922068266242,6,0.7444444444444445,1,0,1
52,24826.0,647369.0,660.0291286328716,120,2,2,7,5212.0,122,309957.7558037171,19943.775275341603,0,2,0.0,0.2857142857142857,1.0404339395650968,0.8033422732353823,0.01681519465930233,4,0.7214285714285714,0,0,0
69,173374.0,461895.0,738.0407306765384,45,1,5,6,18301.0,155,402788.9510292404,25261.813611083944,4,6,0.8,1.0,0.19360311188011678,0.14570704725670483,0.045435705108682195,1,0.3508333333333333,1,1,0
56,162051.0,1321983.0,684.5920103839816,5,2,0,8,24085.0,76,396052.2216196316,25323.405692461594,0,6,0.0,0.75,0.20366644946119408,0.1562681235688863,0.060812687532734576,0,0.42027777777777775,1,1,0
50,100351.0,974989.0,782.7133668454236,180,5,6,1,1024.0,96,522151.9350390055,46859.30730950055,6,1,1.0,1.0,0.4336046601752893,0.46695406432921,0.0019611150151603017,6,0.7166666666666666,0,1,1
65,78601.0,1452102.0,569.6853649269158,5,3,1,4,10072.0,164,493551.7497140188,37586.565552913875,1,3,1.0,0.75,0.523267038284096,0.4781944956541758,0.020407181224331737,0,0.33472222222222225,1,1,1
41,136635.0,1434322.0,561.6998762437706,120,5,2,1,3477.0,164,1082914.4460901304,75278.4349872023,2,0,1.0,0.0,0.6604667216124043,0.5509454750774129,0.003210779958244837,4,0.7000000000000001,0,0,1
66,121288.0,658653.0,733.8780561635903,180,3,2,10,14568.0,41,191548.70524540448,32779.74528139746,0,8,0.0,0.8,0.13160734865595694,0.27026371348688627,0.07605376387867549,6,0.7111111111111111,1,0,1
39,132282.0,1104223.0,740.6065050452943,180,1,6,7,11710.0,42,961999.9782535345,50232.01445583321,2,4,0.3333333333333333,0.5714285714285714,0.606028521298901,0.37973431348054315,0.012172557447723597,6,0.6195238095238095,1,1,1
27,101524.0,778428.0,666.4724995217716,45,6,5,9,5219.0,36,535134.1208806904,30475.376955846365,5,0,1.0,0.0,0.43925091676244893,0.3001790409740196,0.009752695252193777,1,0.4675,0,0,0
41,56275.0,767530.0,708.0276080032007,120,3,0,5,28943.0,4,435687.4917975846,18097.01694872634,0,2,0.0,0.4,0.6451762058308671,0.3215818205015787,0.0664306424785924,4,0.5522222222222222,0,1,1
27,29866.0,1122477.0,732.1644884341985,120,5,5,11,22879.0,125,616532.8989891588,37577.17871658703,4,10,0.8,0.9090909090909091,1.7202752823421248,1.2581925506123024,0.037109130814448735,4,0.6390909090909092,0,0,0
26,63895.0,1048772.0,623.0295755903777,180,0,4,11,16375.0,77,442427.27568246855,17190.87595966992,4,3,1.0,0.2727272727272727,0.5770238616512359,0.26904884513138616,0.0370117325491306,6,0.5938383838383838,0,0,0
64,103697.0,1372032.0,630.5206137465491,30,5,0,7,22964.0,5,227441.1205362626,59513.45616654487,0,7,0.0,1.0,0.18277700137279976,0.5739168555169858,0.10096679063950831,1,0.38611111111111107,1,0,0
59,86690.0,1170179.0,693.2808325439046,60,5,5,10,9366.0,36,978670.8099603493,22976.66441236496,2,8,0.4,0.8,0.9407763390244447,0.2650440006040484,0.0095701229715633,2,0.4733333333333334,0,1,1
31,100031.0,952105.0,743.2862271925604,120,1,0,7,28050.0,95,710463.6093445603,24118.275744045313,0,7,0.0,1.0,0.5918695282333812,0.24110801395612674,0.039481262137940586,4,0.6166666666666667,1,1,0
62,62987.0,1382940.0,598.3830151549411,15,5,2,8,12339.0,150,347316.47735404695,34299.65529115834,1,7,0.5,0.875,0.45950814897524744,0.544551340612481,0.0355266761139636,0,0.4833333333333334,0,0,0
24,169934.0,198457.0,666.1436657645487,15,5,1,2,11580.0,119,47939.214304646775,9231.812055556054,1,0,1.0,0.0,0.023508741778497717,0.05432586801673623,0.2415558988182571,0,0.49583333333333335,0,0,1
34,77412.0,1156662.0,662.9034357806893,30,6,0,11,17063.0,95,440775.55447632255,35886.49389343783,0,2,0.0,0.18181818181818182,0.47449098597582046,0.4635779193592444,0.03871131197434994,1,0.6901515151515152,0,0,0
55,155077.0,618810.0,709.2571373529935,30,1,3,2,17347.0,33,447000.2209879293,22513.32209389472,3,1,1.0,0.5,0.2402033726191555,0.14517512006225758,0.038807587078281185,1,0.21499999999999997,0,1,1
35,81335.0,678126.0,679.3911140993816,90,6,4,8,18582.0,51,357625.86694532743,15830.676680070388,3,3,0.75,0.375,0.3664124371891226,0.194635478945969,0.051959328777637745,3,0.5883333333333334,1,1,1
56,89860.0,1183428.0,641.7881491337998,180,5,3,7,24974.0,140,758171.9203867315,33566.85186694877,0,7,0.0,1.0,0.7031047559043062,0.37354609244323134,0.03293975855405085,6,0.8666666666666666,0,0,1
63,115826.0,446729.0,767.3996046530184,5,2,2,1,8037.0,139,69084.72338158447,15848.139117611992,0,1,0.0,1.0,0.049704386595399185,0.13682712963939006,0.11633541551014415,0,0.42638888888888893,0,0,0
24,60627.0,1331265.0,642.2519762865426,15,2,3,9,21211.0,156,1121961.4014959675,30310.448638340968,1,7,0.3333333333333333,0.7777777777777778,1.5421641093571725,0.499949669921668,0.018905284951619823,0,0.41805555555555557,0,0,0
22,53622.0,774828.0,659.5532545884982,180,1,1,0,5918.0,94,212507.70530989967,33001.86163451657,1,0,1.0,0.0,0.3302557801367282,0.6154537621594974,0.027848401973800382,6,0.6833333333333332,0,0,0
67,79428.0,556051.0,568.5951654856264,60,3,0,6,7209.0,49,216401.6797857708,18333.38799858878,0,6,0.0,1.0,0.22704176506371682,0.23081769651242356,0.03331305009802432,2,0.4755555555555555,1,0,0
46,148295.0,525858.0,630.0461886207873,5,6,1,9,14859.0,90,452428.72643330856,28578.287633965778,1,0,1.0,0.0,0.25423914406717946,0.19271241534755573,0.03284274214225946,0,0.5097222222222222,0,0,0
45,41425.0,660336.0,716.1253253437335,60,5,0,1,15733.0,161,462017.3891147824,16416.75583810846,0,1,0.0,1.0,0.9294254458152935,0.39630068408228025,0.0340528308472202,2,0.6333333333333333,1,0,0
43,88880.0,1417008.0,702.4421369448402,120,1,5,4,19345.0,32,755690.4076241049,43703.90487378847,1,4,0.2,1.0,0.7085306102086192,0.49171810164028434,0.025599107524496432,4,0.4577777777777778,1,1,1
42,126882.0,198833.0,721.9661893046033,30,0,4,6,4178.0,152,158507.08490399164,10336.634798120025,3,6,0.75,1.0,0.10410400011033324,0.0814665184826849,0.026358443236342597,1,0.29583333333333334,1,1,1
54,132411.0,786550.0,718.568760016197,45,0,1,11,24497.0,179,154121.90051046674,39673.49983033965,1,10,1.0,0.9090909090909091,0.09699716571286043,0.29962389703528897,0.15894561330261014,1,0.29659090909090907,1,1,1
49,88373.0,1260756.0,826.1399825406608,60,4,3,4,16713.0,147,261253.38516823298,43328.13908006733,1,4,0.3333333333333333,1.0,0.2463548304423985,0.4902870682229565,0.06397237681432429,2,0.55,1,1,0
29,31193.0,734481.0,627.6498820787162,120,2,3,1,17783.0,118,195644.21011960806,14648.29996124194,0,1,0.0,1.0,0.5226712460050013,0.46960215308697273,0.09089458864705617,4,0.65,1,0,0
51,20576.0,870725.0,566.6403379595648,60,5,0,1,22414.0,73,303385.20964255155,27298.321657277684,0,0,0.0,0.0,1.228717962847296,1.3267069234680056,0.07387967273160144,2,0.6955555555555556,1,0,0
53,94134.0,554884.0,606.4612902749933,180,5,6,2,20773.0,153,378304.51370313036,21359.274589933375,4,1,0.6666666666666666,0.5,0.33489893281840283,0.22690286814470198,0.054910790771852507,6,0.8166666666666667,0,1,1
26,149227.0,247508.0,630.7443714917886,90,1,6,10,12866.0,28,135959.41691045015,6229.569816186459,2,9,0.3333333333333333,0.9,0.07592427247886896,0.04174559440440711,0.09463117960026415,3,0.38055555555555554,1,0,1
39,22571.0,977140.0,611.7971144368162,30,4,5,9,14519.0,136,458799.903105197,22127.64322101494,1,6,0.2,0.6666666666666666,1.6939136617237347,0.9803572380937903,0.03164560389340574,1,0.545,0,1,0
59,161771.0,1383934.0,686.5562593351398,45,5,5,5,6985.0,72,1019878.2154591955,50177.99600250042,1,1,0.2,0.2,0.5253713662415779,0.31017917922557453,0.006848856945978629,1,0.6141666666666667,1,0,0
51,127497.0,804074.0,767.6858433889915,90,6,3,10,17001.0,90,311876.5432253417,17722.562617316304,0,7,0.0,0.7,0.20384567429386685,0.13900376179295437,0.054511954711887974,3,0.755,0,0,1
27,19305.0,676454.0,787.776135107894,0,5,5,11,6088.0,83,144824.12992518063,33810.11086172858,0,0,0.0,0.0,0.6251581193351491,1.7513654940030343,0.04203719368550805,0,0.6011111111111112,1,0,0
22,73681.0,237120.0,715.3015951292623,15,2,3,10,19063.0,1,106128.93360911883,4260.959830881203,0,4,0.0,0.4,0.12003200011888958,0.05782983171891265,0.1796211396056284,0,0.3080555555555555,1,0,1
49,53721.0,1419857.0,829.8890550817811,15,6,1,0,12534.0,177,1029124.3587281643,77376.56543536842,1,0,1.0,0.0,1.5964029565225337,1.4403411223798592,0.012179286102497905,0,0.5291666666666667,1,1,1
43,171778.0,1310351.0,655.0538860403507,120,1,1,1,7089.0,120,662466.6682205666,47851.03144453114,0,1,0.0,1.0,0.32137733403024377,0.27856321207914364,0.010700915744246526,4,0.6166666666666667,1,0,0
68,107874.0,1357830.0,565.7236670598302,120,5,5,8,14277.0,108,1198775.0828868367,73787.86702785567,2,7,0.4,0.875,0.9260611785407332,0.6840190131807078,0.011909656952177189,4,0.7025,0,0,0
46,70508.0,570568.0,753.7224647521718,120,2,3,4,28022.0,18,451944.3325133272,25710.160398342836,1,2,0.3333333333333333,0.5,0.5341525459443458,0.3646417484305729,0.062003211422445866,4,0.48999999999999994,0,0,0
66,63043.0,956683.0,551.2983925775657,0,6,5,1,16865.0,140,711021.5326220999,20201.24494937512,4,0,0.8,0.0,0.9398631788648222,0.3204359714698717,0.023719394176158603,0,0.53,0,0,0
31,109336.0,677238.0,627.1497884110137,15,5,1,7,10360.0,173,494306.16225419816,16319.743458156172,0,3,0.0,0.42857142857142855,0.37674855663139173,0.14926230571958157,0.020958670538831648,0,0.6029761904761906,0,0,0
42,18825.0,390244.0,716.4078562695958,15,4,3,4,13503.0,146,228621.73603443848,7523.0755018055515,3,0,1.0,0.0,1.0120484109536896,0.39963216477054725,0.059062625602519146,0,0.4625,0,1,0
27,59696.0,348217.0,672.8332963965853,0,1,0,11,18140.0,44,287579.28436486644,15378.450727853062,0,11,0.0,1.0,0.40144968446359675,0.2576127500645447,0.06307825697550892,0,0.2811111111111111,1,0,0
49,44796.0,606586.0,666.6333065989946,15,1,1,6,4607.0,32,359344.0239475423,13191.024737015225,1,6,1.0,1.0,0.6684823495169626,0.2944688083091174,0.012820583321214598,0,0.13361111111111112,1,1,1
30,118458.0,852427.0,597.3446977025995,30,6,0,2,16828.0,66,366034.1826524178,37151.48602228514,0,2,0.0,1.0,0.25749927024234875,0.31362580849149185,0.04597384833858452,1,0.555,0,1,0
45,126414.0,226903.0,679.2438327396665,120,5,1,11,1009.0,4,67373.40699519592,11204.456440769616,1,4,1.0,0.36363636363636365,0.044413202516596216,0.08863303463832817,0.014976235357549115,4,0.47252525252525257,0,1,0
37,93660.0,1067979.0,750.2563742116454,5,3,4,7,25600.0,99,811473.0690694271,33607.78020455919,4,1,1.0,0.14285714285714285,0.7220025171448387,0.35882746321331616,0.031547565748986976,0,0.395436507936508,1,1,0
30,40684.0,713758.0,681.3977541575214,120,6,0,3,18287.0,82,305740.36267277546,29579.202439678407,0,0,0.0,0.0,0.6262502103053933,0.7270475479224857,0.05981218783197433,4,0.8655555555555556,0,0,0
25,78041.0,1327689.0,621.8841884251258,120,5,1,1,3408.0,90,986708.4932729992,67456.9986912045,0,0,0.0,0.0,1.0536219137728877,0.8643789635089825,0.003453907636586124,4,0.8500000000000001,0,0,1
46,154549.0,454250.0,592.6723077581869,5,2,4,6,13979.0,178,403034.2733093699,20498.042335371516,2,5,0.5,0.8333333333333334,0.21731741675745228,0.1326313488626359,0.03468439516375743,0,0.3680555555555556,1,1,0
67,50997.0,124831.0,623.3283791931095,15,5,1,8,26526.0,117,56052.857548771266,2525.384155967691,1,3,1.0,0.375,0.09159502446021542,0.04952024934736732,0.4732318950362144,0,0.45833333333333337,0,1,1
30,44465.0,502480.0,707.463362669005,45,5,3,10,28945.0,75,203783.75541925596,13416.461892358679,0,8,0.0,0.8,0.381917904380329,0.30173084206361583,0.14203781817863645,1,0.5908333333333333,0,0,1
40,36066.0,1461331.0,704.0521583651797,180,3,6,1,4110.0,141,405621.04558009055,53229.719157956904,0,0,0.0,0.0,0.9372193699978062,1.4758974978638304,0.010132610338603533,6,0.8999999999999999,0,0,0
32,150307.0,516896.0,623.9645029583032,120,0,5,5,8113.0,66,261814.905916288,13217.426367606518,5,4,1.0,0.8,0.14515564029857114,0.08793619969533367,0.03098754049776688,4,0.4,0,1,0
60,37420.0,1070535.0,525.2468404612559,180,5,0,11,4335.0,136,685692.4907562289,37722.39055762222,0,0,0.0,0.0,1.527018730527857,1.0080809876435655,0.006322075942845842,6,0.9666666666666666,0,0,0
41,112222.0,1272773.0,709.4008934570516,15,2,1,7,11064.0,167,489495.83533365047,67601.08523657694,0,2,0.0,0.2857142857142857,0.36348772621355474,0.6023871008944497,0.02260284807624267,0,0.5172619047619047,1,0,1
68,179844.0,462233.0,617.1604820717324,180,2,4,1,25867.0,163,237702.95357305187,15312.245899119389,0,0,0.0,0.0,0.11014312106281549,0.08514182235225745,0.10882069242799898,6,0.8666666666666667,0,0,1
33,121973.0,981764.0,728.2343735310699,180,4,2,11,21195.0,93,542723.654211053,25002.3815105405,0,7,0.0,0.6363636363636364,0.37079493973464966,0.20498291843719924,0.03905302419665265,6,0.8696969696969697,1,0,0
24,84794.0,346488.0,627.0723250510575,60,5,2,8,7713.0,84,123498.02696871627,7228.8301301112315,1,1,0.5,0.125,0.12137064234961226,0.08525167028458655,0.06245443906528003,2,0.6325,0,0,1
49,51505.0,575199.0,610.8469682431135,5,0,3,5,9759.0,71,96422.66785875695,29360.400305733358,1,0,0.3333333333333333,0.0,0.1560085879344351,0.5700495156923281,0.10121064078309158,0,0.36750000000000005,1,0,1
52,18312.0,479327.0,690.7220335081709,15,5,4,9,18353.0,96,149414.82413995176,11595.748198094028,1,3,0.25,0.3333333333333333,0.6799495055152894,0.6332322082838592,0.12283252418655174,0,0.575,0,0,0
69,43201.0,1024962.0,845.0389461018458,5,2,3,7,17908.0,168,771142.6931505124,23312.559732634258,3,0,1.0,0.0,1.4875093422808738,0.5396300949661873,0.02322268000340723,0,0.3763888888888889,0,1,1
63,172374.0,1319802.0,732.4320993781602,120,3,0,3,13908.0,157,473210.7274426979,48892.71348077526,0,1,0.0,0.3333333333333333,0.228771318684323,0.2836432030397581,0.029390711565565997,4,0.75,1,0,0
64,41263.0,415955.0,689.5353509444096,15,6,0,9,12637.0,109,66705.22652253674,13921.365823578586,0,2,0.0,0.2222222222222222,0.13471557756047942,0.3373813300918156,0.18944542517564972,0,0.6569444444444446,0,0,0
52,21236.0,472515.0,705.1196075466678,90,1,0,3,28027.0,50,221473.21088520557,14377.02284662412,0,3,0.0,1.0,0.8690949758476391,0.6770118123292579,0.12654803661345304,3,0.46944444444444444,0,0,1
38,150203.0,1240367.0,557.4218896960082,15,1,1,2,15102.0,67,820941.1546076033,47315.12306522166,1,1,1.0,0.5,0.45546202728285684,0.31500784315374303,0.018395959217343067,0,0.2613888888888889,1,0,0
42,85810.0,721090.0,601.4361740473211,180,6,5,7,23462.0,44,515079.69212175586,27240.06563317811,5,3,1.0,0.42857142857142855,0.5002133513205103,0.31744628403657044,0.04555023301996925,6,0.704920634920635,0,1,0
27,75833.0,793941.0,504.23497944670027,90,2,6,0,28796.0,33,365549.2964795464,14081.417547009509,2,0,0.3333333333333333,0.0,0.4017042893370371,0.18568983881699933,0.07877460106563554,3,0.5149999999999999,0,0,0
42,134231.0,1073320.0,801.0911726203635,30,6,3,7,10049.0,1,621338.2865629008,33913.41993837394,0,4,0.0,0.5714285714285714,0.3857394383332345,0.252649685529974,0.01617315433045135,1,0.45341269841269843,0,0,0
38,102730.0,249499.0,786.9170220409023,45,2,0,6,23365.0,139,176927.5224359709,10937.902588692026,0,0,0.0,0.0,0.14352146600795848,0.10647233124396015,0.13205972523837078,1,0.6041666666666666,1,0,0
22,166165.0,1314385.0,707.4972968350437,0,4,0,8,24403.0,132,1073762.019050368,39782.708820820815,0,1,0.0,0.125,0.5385019002449213,0.23941689778726455,0.022726637343330452,0,0.5708333333333334,1,0,0
31,93751.0,579574.0,689.4580572158943,5,3,5,1,6579.0,32,365087.8198074068,31822.30674978888,5,0,1.0,0.0,0.32451904495899314,0.33943431803168905,0.018020321804958026,0,0.2808333333333334,1,0,1
47,133487.0,1004928.0,571.3886998251694,180,6,2,6,6773.0,123,671439.7046525794,24535.72154205489,1,6,0.5,1.0,0.4191667257564278,0.18380607506390054,0.010087279547319188,6,0.825,0,1,0
39,160375.0,676663.0,664.6490027824516,120,3,6,5,4848.0,29,151576.8060165106,23584.798880657178,6,4,1.0,0.8,0.07876165550351293,0.1470603203782209,0.0319837851674479,4,0.4177777777777778,0,1,0
69,93107.0,1142008.0,805.4674314882725,120,3,3,2,18467.0,49,531419.3941034408,47915.42519163204,0,2,0.0,1.0,0.4756350167937971,0.5146275273785219,0.034750331291833504,4,0.5922222222222222,1,1,0
44,64053.0,936795.0,689.1991198737,60,3,6,5,22845.0,46,765098.4043130807,34581.32597731421,6,4,1.0,0.8,0.9953975670058138,0.5398861251981049,0.029858904254950913,2,0.3388888888888889,0,1,0
67,175859.0,301323.0,640.4747473651672,5,2,0,11,22547.0,23,81519.93706311643,4990.790212723031,0,1,0.0,0.09090909090909091,0.03862940246784661,0.028379498420456336,0.27658264729207394,0,0.3684090909090909,1,0,0
53,54740.0,322374.0,556.935053799747,0,3,6,9,11629.0,131,123298.24382166058,11459.314934691283,2,1,0.3333333333333333,0.1111111111111111,0.18770284347469945,0.2093407916458035,0.0943160229988374,0,0.48888888888888893,1,0,0
22,24369.0,1322241.0,776.6214009411564,90,3,3,1,21094.0,7,870659.5660259243,70947.60006326817,3,1,1.0,1.0,2.977346786306114,2.911387421037719,0.024227609530878245,3,0.29055555555555557,1,1,0
30,111660.0,803426.0,675.094133928064,15,5,3,10,894.0,72,664076.1574399254,25120.363479839834,0,6,0.0,0.6,0.49560881055579836,0.22497191008274972,0.0013462311362697499,0,0.5458333333333334,1,0,0
55,177876.0,449792.0,557.0286302646019,0,0,3,6,19700.0,87,87385.71344314967,8837.133208681638,2,4,0.6666666666666666,0.6666666666666666,0.04093943413911454,0.0496814253113497,0.22543730804253473,0,0.27666666666666667,0,1,0
47,32003.0,257724.0,615.301402254992,0,3,2,0,14222.0,103,206918.60559727764,4085.01206397363,1,0,0.5,0.0,0.5388000229074296,0.12764466031227167,0.06873234023082511,0,0.4750000000000001,0,1,1
35,155601.0,236148.0,590.5723387849309,60,3,4,11,24899.0,34,74443.77617851098,7436.440499646551,4,2,1.0,0.18181818181818182,0.03986894695327096,0.04779172691465062,0.3344671815182231,2,0.37404040404040406,1,0,1
46,152530.0,1383859.0,670.777953200162,120,5,5,6,29030.0,84,1101056.1462123303,31014.871804478906,0,3,0.0,0.5,0.6015516872158102,0.20333620798845412,0.026365594615555404,4,0.7866666666666667,1,0,0
65,168486.0,1465554.0,694.5137278728973,30,4,5,10,16686.0,142,1197250.15437334,70915.15347819115,1,9,0.2,0.9,0.5921610471954841,0.42089641559649554,0.013936937021097082,1,0.5216666666666667,0,0,1
40,86293.0,620574.0,644.7748055005032,180,3,6,1,18655.0,67,454019.2729674726,32946.459177365,4,0,0.6666666666666666,0.0,0.43844737596277855,0.38179758702751093,0.04108856410008943,6,0.7488888888888888,0,0,0
23,59273.0,342377.0,734.3932617540818,30,0,2,2,27850.0,171,288576.70410236664,18016.289587649302,2,2,1.0,1.0,0.4057169145343954,0.3039544073633746,0.09650813667246261,1,0.25833333333333336,0,0,0
36,100967.0,657375.0,685.5161568330709,90,2,5,10,10300.0,77,572487.224030671,19708.87910008112,5,8,1.0,0.8,0.4725035771016528,0.19520119544089773,0.017991667879470753,3,0.43277777777777776,0,1,1
66,41078.0,248145.0,754.3618669690491,15,1,6,2,4344.0,139,209406.97909980256,8236.002634157025,0,2,0.0,1.0,0.42481575518891407,0.20049668031931994,0.020744294286054652,0,0.4125,0,0,0
58,154541.0,847002.0,654.9964145343497,60,1,0,6,15192.0,20,453016.31159597315,23379.95639266517,0,1,0.0,0.16666666666666666,0.2442805423781678,0.15128643138497339,0.03353521630706562,2,0.4277777777777778,1,0,1
62,125457.0,957730.0,850.0,15,5,3,7,10671.0,153,476717.359784118,19309.84637001177,0,7,0.0,1.0,0.31665388658007526,0.15391605386715584,0.022384332730891895,0,0.5458333333333334,1,1,1
65,96298.0,1478667.0,640.4857893568229,120,3,4,11,19042.0,86,338473.8186199714,55245.294149168934,1,7,0.25,0.6363636363636364,0.29290485318141896,0.5736909816316946,0.05625841336159535,4,0.6733080808080809,1,0,1
26,101569.0,512351.0,616.766900577089,45,5,3,4,23489.0,178,159888.46802929477,11501.362893483414,0,4,0.0,1.0,0.13118214221308894,0.11323694132543802,0.1469086563247097,1,0.6041666666666666,1,0,0
34,133363.0,336828.0,608.1589614932969,0,0,0,9,15120.0,126,215325.39612523245,5852.8337745337885,0,2,0.0,0.2222222222222222,0.13454843555136012,0.043886488565297636,0.07021930655688316,0,0.42777777777777776,0,0,0
23,102753.0,243356.0,665.2341491411986,15,6,4,8,9241.0,133,59745.447443889796,11918.927857477534,2,1,0.5,0.125,0.04845393601151126,0.1159959111410619,0.1546728729193756,0,0.5916666666666667,0,1,0
21,154048.0,596897.0,559.6324736393951,30,3,2,8,16945.0,26,511412.63320201513,28018.727005109457,1,0,0.5,0.0,0.2766522086200487,0.18188309491268603,0.03313371414762546,1,0.3911111111111111,0,0,1
61,167788.0,921625.0,700.6193990679468,45,1,4,6,13288.0,102,295182.19909502857,47971.77650456909,4,2,1.0,0.3333333333333333,0.14660474283770222,0.2859070762186157,0.045016264668867004,1,0.38749999999999996,1,1,0
66,171865.0,146614.0,546.6287361304635,15,2,0,0,5569.0,132,31661.0355933769,4119.300767432602,0,0,0.0,0.0,0.015351698325903518,0.02396823534420971,0.17589443603559723,0,0.5458333333333333,1,0,0
28,118453.0,1150528.0,691.3169646840062,60,5,0,3,23186.0,145,375571.4383500343,57329.454704357166,0,2,0.0,0.6666666666666666,0.264219731560221,0.48398482693015094,0.06173525894796755,2,0.6666666666666666,0,0,0
56,138293.0,717155.0,585.4123779132553,180,4,4,6,9968.0,67,133881.14323508943,22187.39675505275,0,2,0.0,0.3333333333333333,0.0806748131594329,0.16043759810729935,0.07445409980176691,6,0.8488888888888889,0,0,0
47,68392.0,1200137.0,653.3094614833935,90,1,6,4,16157.0,101,329518.27838935325,21495.866358556992,2,1,0.3333333333333333,0.25,0.4015068506908133,0.31430381270553565,0.04903218139817167,3,0.5833333333333333,0,0,0
24,24174.0,722229.0,722.3178279392652,15,6,4,2,27258.0,31,426666.20516287966,24060.07993318442,1,2,0.25,1.0,1.470816459704916,0.9952874962018872,0.06388600660226715,0,0.41055555555555556,1,1,0
65,82810.0,275493.0,841.2826378713447,90,0,6,8,5628.0,77,101070.8273914685,10234.963346395058,3,6,0.5,0.75,0.10170956344993408,0.12359574141281315,0.05568372343684866,3,0.4461111111111111,1,1,0
63,159217.0,81120.0,604.539963545319,180,1,5,5,12817.0,85,60910.60028669883,2618.853805195721,1,3,0.2,0.6,0.03188028512800079,0.016448330298873368,0.2104231437495597,6,0.7322222222222222,1,0,0
48,39626.0,857457.0,669.4777785401526,15,5,1,9,5245.0,5,388899.88073978445,39800.95426372346,1,6,1.0,0.6666666666666666,0.8178550293994357,1.0044151381346456,0.013486761657068918,0,0.2402777777777778,1,1,1
55,106405.0,832186.0,629.336892765712,15,3,0,6,13105.0,164,570441.4148330468,24194.235995931354,0,5,0.0,0.8333333333333334,0.4467532970200702,0.22737875096030594,0.022973437165033833,0,0.4958333333333334,1,0,0
40,49154.0,1229833.0,619.1090774207444,0,3,3,4,9036.0,115,837787.3476203255,63757.54433740257,3,1,1.0,0.25,1.420344474543146,1.297097781206058,0.010785553190396233,0,0.37500000000000006,1,1,0
59,87542.0,1322018.0,629.9518669021319,120,6,4,1,27464.0,32,332928.65896616527,23752.082561232924,3,1,0.75,1.0,0.31692279036173615,0.27132213750237516,0.08249214737260303,4,0.5419444444444445,1,1,0
42,41222.0,283576.0,737.6846532945857,120,5,5,1,9090.0,161,54570.24188315697,12425.24925674097,3,1,0.6,1.0,0.11031779527751558,0.3014227659196781,0.16657430288586675,4,0.6600000000000001,0,1,0
69,137028.0,506296.0,645.8360895038734,30,6,3,6,18423.0,124,395668.04186293576,26407.953400962087,0,2,0.0,0.3333333333333333,0.24062481260699503,0.19271939604286778,0.04656175897668772,1,0.675,0,0,0
24,149267.0,351139.0,837.4518888789598,120,1,6,4,4100.0,124,237242.94007101638,13036.55798529465,6,1,1.0,0.25,0.13244886683538915,0.08733717422668541,0.017281863050477728,4,0.5416666666666667,1,1,1
29,140853.0,204735.0,709.1185479126314,60,5,5,8,13681.0,167,57578.78733317045,10266.8730451611,3,1,0.6,0.125,0.03406553128271463,0.07289069487452238,0.23760486515349968,2,0.6308333333333334,1,1,0
68,132189.0,53496.0,609.2992537178147,180,1,4,7,25039.0,72,35307.034882682136,2282.8480461731115,0,5,0.0,0.7142857142857143,0.022257925446823697,0.017269576486493667,0.7091787821661983,6,0.7219047619047619,1,0,1
35,56094.0,169352.0,654.3306372498446,180,5,3,3,20161.0,63,67249.84597066224,2638.702876181765,2,1,0.6666666666666666,0.3333333333333333,0.09990647539645095,0.047040732987160216,0.29979250820582165,6,0.7733333333333333,1,0,1
36,103915.0,810719.0,623.8707106972007,180,3,0,9,8478.0,111,156116.56041825708,33928.416474986574,0,2,0.0,0.2222222222222222,0.12519572119701766,0.3265016260885009,0.0543055776868662,6,0.8777777777777778,1,0,1
59,34975.0,270204.0,736.00480570627,30,4,5,6,29155.0,159,86890.0530358057,11149.283466027226,2,4,0.4,0.6666666666666666,0.20702895648273933,0.31877865521164334,0.3355389826725712,1,0.515,1,0,0
30,78647.0,332288.0,565.2854240404323,60,0,4,10,24067.0,146,238201.86213493324,4984.685049385884,4,2,1.0,0.2,0.2523955799701337,0.06338048557969006,0.10103615389189051,2,0.39666666666666667,1,1,1
46,99942.0,220861.0,586.1334033694933,5,6,6,11,12071.0,141,97851.45808831908,6927.620899276895,4,1,0.6666666666666666,0.09090909090909091,0.0815902040586199,0.06931641251202593,0.12336045099200176,0,0.5506313131313131,0,0,1
35,126296.0,1100151.0,638.5917716875601,180,1,0,11,29203.0,137,614595.5217421058,18209.67369920298,0,10,0.0,0.9090909090909091,0.4055258557555965,0.14418250537786612,0.04751580342990857,6,0.7424242424242424,1,0,0
30,33681.0,971740.0,727.8062755196828,15,4,1,1,5620.0,6,245273.62296296895,25964.84605920412,1,0,1.0,0.0,0.6068545643017551,0.7709048442505899,0.022913185413535066,0,0.2758333333333334,1,1,0
68,149690.0,1445210.0,766.3142192375941,45,1,4,6,9958.0,88,317216.8605413148,78710.904575518,4,6,1.0,1.0,0.1765965554041212,0.5258260710502906,0.03139177401543905,1,0.3163888888888889,1,1,1
30,92342.0,211667.0,776.6379533540991,60,6,3,0,27916.0,64,69731.40272913869,11136.090288307836,0,0,0.0,0.0,0.06292857234441775,0.12059615655181646,0.400336131318562,2,0.7088888888888889,0,0,0
25,160759.0,352695.0,717.0861063963271,120,2,4,10,29106.0,65,177900.4995284615,14952.28263530043,1,7,0.25,0.7,0.0922190460712731,0.09301054768504674,0.16360830957275338,4,0.5869444444444445,1,1,1
54,103451.0,710765.0,674.1977324549385,90,5,3,8,24693.0,154,558123.5101116714,21091.29993134673,0,3,0.0,0.375,0.4495876551150395,0.2038771972368245,0.044242895259974505,3,0.7541666666666668,1,0,0
63,106616.0,991190.0,735.6238068619795,180,5,4,3,5736.0,71,716178.1021792423,30586.217539406236,1,2,0.25,0.6666666666666666,0.5597800378455097,0.28688205840967806,0.008009180932153684,6,0.8202777777777778,1,0,0
27,130199.0,238614.0,599.8849567797803,90,3,4,7,6555.0,150,64437.3070826666,3943.952376012668,3,2,0.75,0.2857142857142857,0.041242832819163106,0.030291725558665335,0.10172678370296562,3,0.5839285714285715,0,0,0
55,150821.0,357159.0,550.8739944588641,120,0,1,6,19423.0,163,72718.89601828535,10190.24512377488,1,2,1.0,0.3333333333333333,0.04017947103867352,0.06756516084480861,0.26709701416693726,4,0.5,0,0,0
47,43535.0,661193.0,710.5646304380542,60,1,5,6,1678.0,81,211007.05704591784,30663.077458566986,2,4,0.4,0.6666666666666666,0.4039030991269818,0.7043316287714939,0.00795234066334969,2,0.45333333333333337,0,1,1
61,100831.0,76109.0,609.6025107995805,30,4,3,6,29735.0,30,60068.75148179312,2722.732358048593,3,6,1.0,1.0,0.04964474506996288,0.02700292923851388,0.4950161151428742,1,0.2583333333333333,1,1,1
27,22852.0,623148.0,675.4285287484164,180,3,4,11,28242.0,125,334559.20039664715,21228.852111821576,3,2,0.75,0.18181818181818182,1.2200215896371112,0.9289712984343417,0.08441555326087823,6,0.7693181818181817,0,1,0
68,94873.0,1149903.0,688.373891111097,30,4,4,9,24251.0,155,868380.2242164057,21438.695890300285,1,5,0.25,0.5555555555555556,0.7627567240911584,0.22597257270562,0.027926706900635846,1,0.548611111111111,0,0,0
51,149789.0,813627.0,697.3683691424808,60,1,5,4,29044.0,73,347570.593050833,42113.34904853941,5,4,1.0,1.0,0.1933667765160954,0.2811511462693483,0.08356288069443277,2,0.31222222222222223,1,1,1
62,158199.0,679306.0,745.6454076967536,15,3,2,9,6891.0,35,402714.5526278146,17881.3234552327,1,0,0.5,0.0,0.21213500750521735,0.11303057197095241,0.017111375675486463,0,0.3819444444444444,1,1,1
38,63930.0,757478.0,738.2452631804211,45,0,0,1,26438.0,93,451494.48328739475,22963.788184260982,0,0,0.0,0.0,0.5885271433434939,0.35920206764055973,0.05855664017753043,1,0.5375,1,0,0
67,80592.0,1422840.0,693.6500047017383,30,3,1,3,7719.0,176,882226.3521395958,40164.488272376206,0,2,0.0,0.6666666666666666,0.9122352426828922,0.4983681788809833,0.008749455263130264,1,0.5416666666666666,1,0,0
51,107352.0,804634.0,649.0589303671416,15,0,6,1,3635.0,93,404419.8755368005,22649.93543340063,5,0,0.8333333333333334,0.0,0.3139359890335846,0.21098754968142774,0.008988183370501113,0,0.35416666666666663,1,1,0
27,82137.0,824714.0,687.5433462073424,120,4,1,10,7872.0,80,271685.28637443855,32141.544240742627,1,10,1.0,1.0,0.27564240879510105,0.39131626722113816,0.028974701225265305,4,0.5444444444444444,0,0,1
66,46848.0,1399683.0,638.2652708327555,90,3,1,0,23243.0,79,659759.6692758014,56101.1054520997,0,0,0.0,0.0,1.1735820619802364,1.1975133506681117,0.035229495045541584,3,0.7005555555555556,1,0,0
59,67395.0,278350.0,666.2499754595681,90,5,6,10,28289.0,132,245245.5122635116,10839.640483358738,1,1,0.16666666666666666,0.1,0.3032439501737414,0.16083745802149624,0.11534971522579386,3,0.7566666666666667,0,0,0
35,83457.0,189148.0,850.0,0,3,1,9,18358.0,61,66974.31609025026,3355.4713492593855,1,7,1.0,0.7777777777777778,0.06687507348120415,0.040205990501208835,0.27410507597064443,0,0.2577777777777778,1,1,1
47,102029.0,702172.0,692.7532790618478,15,1,3,11,7362.0,131,487041.4201013392,37763.8629248233,3,3,1.0,0.2727272727272727,0.39779655792416796,0.37012871756876276,0.015115757502653843,0,0.33522727272727276,1,1,1
40,167158.0,511946.0,711.5171511926284,5,1,2,9,18025.0,177,439529.63335108256,22300.11580200242,0,9,0.0,1.0,0.21911885429308528,0.1334074097680184,0.041009749132437205,0,0.3930555555555556,1,0,0
47,106265.0,344193.0,630.6163545678746,90,5,4,5,15288.0,139,197804.87935248323,17316.05635144121,2,5,0.5,1.0,0.15511918266635552,0.16295164307571836,0.0772882855571888,3,0.6166666666666667,1,0,1
68,80712.0,223280.0,751.4051391500908,180,6,4,9,15538.0,167,115436.2039645017,4775.238681188851,3,7,0.75,0.7777777777777778,0.1191852966561165,0.05916392458604484,0.13460248575722533,6,0.8097222222222222,0,0,0
65,124994.0,1323142.0,733.2190695864397,30,0,3,11,10496.0,142,318385.47107800056,69179.58344690657,3,7,1.0,0.6363636363636364,0.21226716954280508,0.5534632338104755,0.03296632840833559,1,0.29469696969696973,1,1,0
31,143235.0,940722.0,733.7146788258559,15,4,3,10,4160.0,151,672569.5628146111,41266.86519920146,0,2,0.0,0.2,0.3912972637126698,0.2881060159821374,0.006185233810746612,0,0.5925,1,1,0
68,87741.0,1051809.0,695.0423872727424,60,3,5,9,10838.0,7,876807.1890001144,36843.42772241587,1,1,0.2,0.1111111111111111,0.8327608045270687,0.4199111900071332,0.012360756316744326,2,0.4411111111111111,0,0,0
42,97261.0,221222.0,752.3933067036739,180,1,4,9,26711.0,63,195895.09217142034,3523.0268261549304,4,2,1.0,0.2222222222222222,0.16784313357137012,0.03622239979184802,0.136353594691521,6,0.6011111111111112,0,1,0
55,53289.0,544796.0,769.0179637644313,30,3,3,7,12246.0,49,164116.04997195283,13689.323791794885,2,0,0.6666666666666666,0.0,0.25664466395809143,0.25688835954502587,0.07461793043454812,1,0.41722222222222216,0,1,1
58,158095.0,950205.0,699.8169243544506,15,6,6,10,622.0,155,798211.6902926684,46132.12467694777,5,8,0.8333333333333334,0.8,0.4207447475108154,0.2918000232578372,0.0007792419073340564,0,0.47416666666666674,0,0,0
44,158428.0,815339.0,671.9771348699774,45,1,0,5,10351.0,41,348721.27773931914,24596.550113091434,0,1,0.0,0.2,0.18342784405708962,0.15525380685921322,0.02968273134092414,1,0.4419444444444444,0,0,0
43,46335.0,1057579.0,742.6199693080332,180,5,5,6,13829.0,174,649738.8719263789,44556.93392271343,0,3,0.0,0.5,1.1685530591100661,0.9616258535170699,0.021283935127659942,6,0.9166666666666666,0,0,0
43,74052.0,1020746.0,616.711228540818,90,0,1,10,17997.0,125,324329.7692418173,45149.35248698655,0,6,0.0,0.6,0.3649797543638449,0.6096979485629902,0.055489818409427606,3,0.5650000000000001,0,0,0
63,62055.0,649338.0,629.7427803569271,45,5,2,3,19248.0,22,218367.3879668611,29886.42320179605,2,2,1.0,0.6666666666666666,0.2932444175420475,0.48161184758353154,0.08814503016778782,1,0.33638888888888885,1,1,1
39,167516.0,1185143.0,676.2689759980569,90,0,0,9,12764.0,122,727936.8964160306,35902.830267691555,0,5,0.0,0.5555555555555556,0.36212306904814595,0.21432478251445566,0.01753448693539655,3,0.5694444444444444,0,1,1
34,28566.0,426456.0,558.1050052093299,0,0,3,1,4295.0,61,219038.3181195151,21916.99612563696,1,1,0.3333333333333333,1.0,0.638983167983836,0.7672406401189162,0.01960844128494675,0,0.23555555555555557,0,0,1
38,51591.0,166213.0,737.9316691494397,90,0,5,7,13230.0,53,145153.6049287663,4435.892271974144,5,0,1.0,0.0,0.23446209114116526,0.08598190133887973,0.09114482555560768,3,0.3927777777777778,0,1,1
30,69014.0,1374395.0,612.5960278773923,0,5,2,0,99.0,178,478767.6678261203,66579.24514442762,1,0,0.5,0.0,0.5781045244758555,0.9647208558325503,0.00020678088069212518,0,0.5416666666666667,1,0,0
40,108729.0,82652.0,646.995628494877,30,4,4,11,15179.0,142,66826.41462869964,2643.9815094029573,4,3,1.0,0.2727272727272727,0.051217870905875804,0.02431716937894175,0.22714072099090504,1,0.4643939393939394,0,1,1
26,58334.0,461319.0,665.0704283024161,30,4,2,10,13355.0,137,228517.13612955212,11241.95380813069,1,8,0.5,0.8,0.32644932076426575,0.19271700565931857,0.0584420066967263,1,0.4866666666666667,0,1,1
25,104931.0,215956.0,682.7500775099385,90,1,5,2,10685.0,56,54186.71834795418,6206.137926209909,4,2,0.8,1.0,0.04303361125243746,0.05914494216399262,0.19718854224364396,3,0.36277777777777775,0,1,1
56,139050.0,386153.0,655.9442706503871,15,6,6,1,19855.0,119,127177.57399858808,18142.447823413797,4,1,0.6666666666666666,1.0,0.0762181313667674,0.1304742741705415,0.15612029209033684,0,0.4791666666666667,0,1,0
24,152240.0,622744.0,675.2840266938756,15,5,5,7,22636.0,61,446367.15200152854,24657.43826604604,0,7,0.0,1.0,0.24433304431682898,0.16196425555731767,0.050711616879735105,0,0.481388888888889,1,0,0
48,34048.0,237933.0,675.826065732671,120,3,2,10,7915.0,108,183202.53580856445,4869.810012621679,2,10,1.0,1.0,0.44839279793371234,0.14302778467521376,0.04320355045887954,4,0.5333333333333333,1,1,0
59,40493.0,726724.0,648.7078329661011,45,6,5,3,15104.0,71,130572.32117915599,14504.459314542304,5,0,1.0,0.0,0.268713771884762,0.3581967084321316,0.11567535802075592,1,0.5452777777777778,0,0,1
56,33421.0,1394620.0,625.8763879652864,90,1,0,11,15291.0,109,638069.6488047867,59254.65956748925,0,6,0.0,0.5454545454545454,1.590989818788553,1.772976857888431,0.02396446850064511,3,0.6037878787878788,0,0,0
42,165409.0,247869.0,755.7031747048921,60,2,6,5,15276.0,134,129047.91052343832,6092.543415214322,2,5,0.3333333333333333,1.0,0.06501455509446197,0.036833203847519314,0.11837464037998119,2,0.4833333333333333,0,0,1
30,123640.0,1393545.0,532.6916008413308,60,0,5,5,12098.0,56,851839.243207068,32534.230276380065,2,1,0.4,0.2,0.5741394661969346,0.2631367702715955,0.014202210213340897,2,0.41111111111111115,0,0,0
66,104091.0,646172.0,665.5999388693363,90,1,4,4,6295.0,2,412233.7346680585,29064.862229440907,2,0,0.5,0.0,0.33002671914323245,0.27922550681078007,0.015270463017949999,3,0.3877777777777778,0,1,1
61,146127.0,909062.0,647.1770369681049,90,5,4,3,5144.0,17,702631.3391548581,25368.417727603843,3,0,0.75,0.0,0.4006967336374399,0.17360527299954043,0.007321051187650307,3,0.5169444444444444,1,0,1
50,112949.0,690353.0,709.315404070854,180,2,1,4,925.0,163,245104.4291710478,12241.48464428622,0,3,0.0,0.75,0.18083709548191942,0.10838063767086224,0.0037739016105436526,6,0.7916666666666667,0,0,0
25,56143.0,509118.0,578.1995042436694,120,4,3,2,1564.0,172,119106.17013163498,16288.413206037108,1,2,0.3333333333333333,1.0,0.17678987901672957,0.29012367002185685,0.013131141722309453,4,0.6666666666666666,1,0,1
22,100646.0,208180.0,645.0150261129477,15,6,0,4,24278.0,124,60344.112402408755,7862.364905986282,0,3,0.0,0.75,0.04996399294094214,0.07811900031780977,0.4023259110698411,0,0.6041666666666667,0,0,0
36,131920.0,910342.0,672.8348186207171,5,5,2,3,2099.0,19,776189.1538290444,35557.565143238884,2,0,1.0,0.0,0.4903155661442822,0.26953885038840875,0.0027042377359247464,0,0.3186111111111111,1,0,1
28,23836.0,1379156.0,754.9051527259321,120,2,4,0,25664.0,105,772343.3531876666,23914.863384991335,4,0,1.0,0.0,2.700199114741241,1.003308583025312,0.033228744565584514,4,0.6,0,1,1
63,116226.0,805142.0,703.2529476756797,30,2,2,4,26895.0,77,253073.17489196963,26684.31598792812,1,2,0.5,0.5,0.18145192333038623,0.22958990232760415,0.10627361043492965,1,0.4211111111111111,0,1,0
31,98528.0,918761.0,597.1558252391796,15,0,5,0,7237.0,42,679330.5782531376,26995.476460714268,2,0,0.4,0.0,0.5745664331062724,0.2739878659945829,0.01065313447042169,0,0.3125,1,0,0
34,29260.0,983428.0,645.8766296895539,0,5,5,2,13288.0,68,580473.8354034643,32411.22024701433,2,1,0.4,0.5,1.6532064120627257,1.107697205981351,0.022891643325773744,0,0.4577777777777778,1,0,0
68,60695.0,613376.0,742.0235946862483,45,6,3,8,10800.0,141,260988.9420217797,10223.68498369247,1,8,0.3333333333333333,1.0,0.3583339402226703,0.1684436112314436,0.04138106356666534,1,0.5875,0,0,1
61,90662.0,224869.0,595.9457593853853,45,3,2,0,11815.0,179,36817.10374689262,6031.94821427943,1,0,0.5,0.0,0.03384099158310779,0.06653226505348912,0.32091063113559526,1,0.5625,0,0,0
31,73515.0,785015.0,674.4949012139341,120,3,2,3,10740.0,157,578626.5848945666,31980.2091919326,0,2,0.0,0.6666666666666666,0.65590535366316,0.4350161081674842,0.0185611934888145,4,0.7166666666666667,1,0,0
39,64990.0,1309945.0,679.3615683231607,90,5,3,8,10273.0,36,901348.4939961934,26246.915324122736,2,2,0.6666666666666666,0.25,1.1557528004259545,0.40386082972953896,0.011397367464890206,3,0.5466666666666666,0,1,0
46,123154.0,505586.0,652.9951858055465,90,2,5,0,20526.0,90,175225.99019602267,26982.525980140665,3,0,0.6,0.0,0.11856834410306247,0.21909581483460272,0.1171401569883433,3,0.6016666666666667,1,1,0
53,83506.0,1313629.0,850.0,45,2,0,8,12380.0,95,458738.9257210328,71929.63439016728,0,5,0.0,0.625,0.45779038404529093,0.8613708522760913,0.026987027491816765,1,0.5416666666666666,1,0,1
66,98626.0,1288779.0,651.1087978386715,120,6,3,0,5617.0,52,455732.9033838056,37912.903688690385,0,0,0.0,0.0,0.3850682573423891,0.3844108418539775,0.012325201797574662,4,0.7988888888888889,0,1,0
63,147327.0,404966.0,711.4835611557459,180,2,3,0,11364.0,78,264367.81239597144,17105.041969095524,1,0,0.3333333333333333,0.0,0.14953573366048056,0.11610256076004755,0.04298556581834911,6,0.7899999999999999,1,0,0
68,33101.0,883771.0,626.3589215846501,120,6,2,2,29361.0,68,327554.6642860061,35716.49222191498,0,2,0.0,1.0,0.8246343622196866,1.0790155047253853,0.08963694674902654,4,0.7344444444444445,0,0,0
22,76304.0,1133955.0,716.9423594399583,30,1,1,10,29634.0,12,434046.2984117169,24591.620141664604,1,6,1.0,0.6,0.4740318314589415,0.3222848099924592,0.06827382265080513,1,0.15833333333333333,1,0,0
32,29832.0,767598.0,740.9551317796355,15,3,5,0,1855.0,74,331958.68985455733,23433.050881756455,5,0,1.0,0.0,0.9273003537994919,0.7855004988521204,0.005588044707649437,0,0.39361111111111113,0,0,0
48,168227.0,1064085.0,638.8425174277731,0,3,3,1,17273.0,65,941875.8962001454,57700.915409144545,3,0,1.0,0.0,0.46656992050431134,0.3429943790779396,0.018338934109775273,0,0.34444444444444444,0,1,0
23,48076.0,1370783.0,676.1708729347027,180,2,4,11,29213.0,55,678638.7559217396,27562.293602097325,3,8,0.75,0.7272727272727273,1.1763297624624547,0.5733067144125411,0.043046465803920034,6,0.6036616161616161,0,1,0
38,150818.0,959541.0,617.3304161076388,90,6,0,7,5816.0,110,415511.49436552374,36469.34279527281,0,2,0.0,0.2857142857142857,0.2295877008300975,0.24181027990871654,0.013997206043315107,3,0.7964285714285714,0,0,1
28,48923.0,1265070.0,599.8917331565076,180,3,1,6,2063.0,128,635719.476246448,49296.2733586713,1,0,1.0,0.0,1.082857204597783,1.0076298133530508,0.003245142043123815,6,0.7499999999999999,1,1,0
66,70497.0,1211400.0,752.5756802750144,120,6,1,0,6359.0,8,835142.3443286021,26288.612121282913,1,0,1.0,0.0,0.987207900488203,0.3729039834501172,0.007614270840394527,4,0.5511111111111111,1,1,0
24,116544.0,1228562.0,641.2199337881447,30,1,2,4,9525.0,61,998535.9428557897,44731.8513267325,1,4,0.5,1.0,0.7139906693722182,0.38381942722690576,0.009538965590721472,1,0.3022222222222222,1,0,0
28,152682.0,1285915.0,511.04713700443506,5,2,5,6,28040.0,5,1148452.4381557852,66479.85571736397,2,5,0.4,0.8333333333333334,0.6268215627665045,0.4354138386801586,0.024415464731850245,0,0.19416666666666665,0,1,1
30,46805.0,377133.0,803.5749309545536,0,3,4,6,7520.0,147,194053.0955632847,7401.705964638567,3,5,0.75,0.8333333333333334,0.34549922651298776,0.1581392151402322,0.038752280545545706,0,0.3541666666666667,0,1,0
28,52525.0,76614.0,623.8533273856176,120,3,6,6,9959.0,166,37932.14880381961,1730.6887912115221,2,6,0.3333333333333333,1.0,0.06018110233828274,0.03294981039907705,0.26254774153467336,4,0.6333333333333333,1,0,0
48,160838.0,272028.0,662.7538869376378,15,1,2,1,7789.0,83,108194.69959630007,6861.9452678969255,1,1,0.5,1.0,0.056057803294982146,0.04266370676019924,0.07199058760791975,0,0.3219444444444445,1,0,0
38,70158.0,412022.0,794.863455384602,30,2,5,11,11746.0,170,302555.77294822875,18557.13441625311,5,0,1.0,0.0,0.3593742848858158,0.26450489489798895,0.03882259421310032,1,0.42500000000000004,1,1,1
65,51981.0,1050639.0,670.0780534068653,120,4,1,8,29840.0,113,674184.146969656,40018.899097078065,1,7,1.0,0.875,1.080818226803473,0.7698755140739514,0.04426090428575897,4,0.5791666666666666,0,0,0
33,138450.0,789419.0,668.5664378458696,45,1,5,2,2514.0,156,333547.98820509325,27741.668630215732,3,0,0.6,0.0,0.20076320464974914,0.20037319342878823,0.007537146344453987,1,0.48083333333333333,0,1,1
47,32763.0,729531.0,594.0278868814627,180,5,4,11,13750.0,170,393148.8236374735,34056.3808142734,1,8,0.25,0.7272727272727273,0.9999817467811085,1.0394768737378566,0.0349740331734504,6,0.8564393939393938,0,0,0
53,158448.0,63164.0,565.5616410260703,45,3,0,3,18417.0,105,19224.947492838077,3419.1106376956604,0,3,0.0,1.0,0.010111070873324413,0.021578755413104996,0.9579740078281584,1,0.5375,1,0,0
51,159870.0,1041383.0,668.352961478271,120,6,4,1,3585.0,80,698242.3408442046,23783.440335523996,2,0,0.5,0.0,0.36396360628646435,0.1487673755896916,0.0051343205507497335,4,0.7861111111111111,0,0,1
60,156756.0,578156.0,705.3966841852426,5,1,3,10,1332.0,133,196048.4561287263,27452.012877925026,1,3,0.3333333333333333,0.3,0.10422166516152827,0.1751257551731674,0.006794238660698265,0,0.41305555555555556,1,0,0
30,65843.0,1152909.0,701.3867785747541,30,5,0,1,29468.0,30,475182.4566680476,34360.76353563174,0,1,0.0,1.0,0.601408472512957,0.5218590212419201,0.0620140739341009,1,0.44166666666666665,1,0,0
45,36501.0,213504.0,646.3117243671549,5,3,5,0,8075.0,53,42933.29208900513,4449.348409496892,2,0,0.4,0.0,0.09801852937591922,0.12189661679123563,0.1880824788199259,0,0.4175,1,0,0
60,86918.0,478204.0,681.418045954286,0,0,3,7,7279.0,98,150587.7921820389,12079.817533763046,1,3,0.3333333333333333,0.42857142857142855,0.14437725996728612,0.1389794695432827,0.048337251609351845,0,0.3571428571428572,0,0,1
63,72201.0,129312.0,551.3953003270423,180,4,4,3,10459.0,36,38297.289309200365,4005.033072860963,2,3,0.5,1.0,0.044202168609391794,0.05547060390937747,0.2731002686784774,6,0.6383333333333332,1,0,0
51,173362.0,462743.0,712.2116914486835,45,1,4,1,2176.0,89,324604.9654848699,23584.361348910792,2,0,0.5,0.0,0.15603427389165922,0.13604112405781424,0.00670353269781212,1,0.4936111111111111,0,0,0
52,120334.0,1388866.0,691.2984091339032,30,0,0,1,4408.0,154,931721.9245944385,47410.85927816268,0,0,0.0,0.0,0.6452332151860921,0.3939938776917802,0.004731025302338701,1,0.5083333333333333,1,1,1
63,170987.0,761705.0,818.1562625928,30,3,2,1,725.0,140,421685.87244287744,30142.283571932836,1,1,0.5,1.0,0.20551556182774006,0.17628406587596038,0.0017192892799561602,1,0.43333333333333335,1,0,0
51,139641.0,687357.0,680.5235752500333,15,5,4,11,16045.0,160,302638.0519157407,11224.112693859222,4,4,1.0,0.36363636363636365,0.18060481992856725,0.08037834657342201,0.05301712688947385,0,0.45946969696969703,1,1,0
67,133816.0,446646.0,614.0131453497745,5,1,2,8,13896.0,154,364936.5091584863,7843.223670432069,1,6,0.5,0.75,0.22726262751245885,0.05861200208070835,0.03807785642506155,0,0.3430555555555556,1,0,0
27,36118.0,434062.0,676.4493806137826,180,4,6,10,8222.0,59,352919.5395595541,22802.71159040915,1,3,0.16666666666666666,0.3,0.814274368181041,0.6313392654745321,0.023297094885313265,6,0.8094444444444443,1,0,1
38,29168.0,1017578.0,657.0540139988914,0,0,2,7,27549.0,128,612710.5574051063,49385.82053412192,0,6,0.0,0.8571428571428571,1.7505215687428755,1.6931507314221723,0.044962502550425956,0,0.36428571428571427,0,1,1
26,25531.0,1478506.0,710.4295508139279,30,1,3,6,9158.0,66,951360.9991915807,51135.055594956546,2,2,0.6666666666666666,0.3333333333333333,3.105247865965495,2.00286144667097,0.009626209196910545,1,0.355,1,0,1
25,114121.0,1132759.0,681.882444320763,5,5,3,2,508.0,174,846553.8786952451,26071.50224753377,3,1,1.0,0.5,0.6181698071164562,0.22845490529818147,0.0006000799391327074,0,0.4263888888888889,0,1,0
44,50677.0,1118639.0,591.803730926315,180,0,0,11,2989.0,31,774189.0427028269,18577.265667173262,0,8,0.0,0.7272727272727273,1.2730776004611344,0.36658179582795475,0.003860814135995632,6,0.5961616161616161,0,0,0
32,178230.0,734456.0,565.4979698264186,5,2,5,9,21755.0,48,234053.58225117135,39670.87265407949,1,2,0.2,0.2222222222222222,0.1094342433237817,0.22258246453503613,0.09294880168359877,0,0.3808333333333333,1,1,1
40,39491.0,193026.0,698.4035741843111,30,3,0,6,15997.0,169,101825.17710420185,2939.185961616615,0,1,0.0,0.16666666666666666,0.21487000646603413,0.07442672916909207,0.15710259932697804,1,0.5916666666666667,1,0,1
42,171400.0,1099509.0,776.8180178748468,90,0,3,1,7812.0,43,290176.2885698842,26944.47015196583,0,1,0.0,1.0,0.1410814316267426,0.157202276265845,0.02692156564032491,3,0.42055555555555557,1,0,0
51,126157.0,1222651.0,685.5543518836204,60,6,6,9,7422.0,111,925590.3824257583,51786.75114897228,0,3,0.0,0.3333333333333333,0.6114011261270733,0.41049447235565434,0.008018665860106125,2,0.7333333333333333,0,0,0
67,35172.0,790134.0,736.9308147744144,30,3,6,3,6571.0,52,505830.07630540506,41494.62203089153,1,1,0.16666666666666666,0.3333333333333333,1.1984677117816376,1.179762937305002,0.012990528455711334,1,0.4655555555555555,1,0,0
62,27469.0,182688.0,750.896640794252,60,2,1,2,12656.0,51,161554.36225386293,3595.7332428080285,1,1,1.0,0.5,0.4901111624433086,0.13090149779052854,0.07833895552824902,2,0.3466666666666666,1,1,0
39,82146.0,1083663.0,698.6754292056268,30,6,2,8,21113.0,120,273497.32224959676,49800.42666461842,2,5,1.0,0.625,0.27745043606261693,0.6062428683638694,0.07719636823622002,1,0.49583333333333335,1,1,0
36,72911.0,1385543.0,622.9855958497014,15,3,3,10,19143.0,143,737955.1150990819,39170.30544927686,3,3,1.0,0.3,0.8434428219553999,0.5372345112435278,0.025940602088556235,0,0.3991666666666667,1,1,0
58,69116.0,376203.0,693.6715659531895,60,4,4,7,22436.0,41,260711.59596370827,15871.52944787948,1,4,0.25,0.5714285714285714,0.3143406205554289,0.22963611100005035,0.08605677824596321,2,0.496468253968254,1,0,0
27,103626.0,281189.0,764.4951021320336,30,0,1,0,1237.0,176,225093.69235756766,5304.723056896282,1,0,1.0,0.0,0.18101449150275,0.0511910433375435,0.0054954893984101106,1,0.3583333333333334,1,0,1
47,39015.0,1121322.0,717.092338471994,180,1,3,7,16770.0,15,885898.5380911122,55609.35535882428,1,1,0.3333333333333333,0.14285714285714285,1.8922178181278828,1.425332701751231,0.018929933032890107,6,0.6023809523809524,1,0,0
41,38972.0,531151.0,732.3771739980059,45,0,5,11,22933.0,18,160141.81155429943,22992.97298988003,2,10,0.4,0.9090909090909091,0.34242920463046,0.5899869904002881,0.1432043248257129,1,0.2265909090909091,1,1,0
29,130557.0,1086929.0,647.6217630815722,90,3,5,8,6067.0,175,963824.1866524742,57850.78907017633,5,8,1.0,1.0,0.6152001211810896,0.44310752445427154,0.0062947164887734615,3,0.47500000000000003,1,1,0
51,178430.0,1069603.0,665.8352368178163,15,5,5,3,17483.0,9,947675.8422676842,37539.60652737692,4,0,0.8,0.0,0.44259926500947344,0.2103884241852655,0.018448291304086744,0,0.3458333333333334,0,0,1
36,62363.0,436578.0,671.6890882369743,60,6,6,7,189.0,56,382788.9647647595,22050.530222552265,2,0,0.3333333333333333,0.0,0.5115065086199075,0.35358353867761755,0.0004937446410351686,2,0.6411111111111111,0,0,1
30,168972.0,111278.0,676.4063398224243,60,4,6,2,27295.0,21,67902.90467798007,4074.549137936127,4,0,0.6666666666666666,0.0,0.03348824296233502,0.024113753390716374,0.4019710221446738,2,0.44666666666666666,0,0,0
53,73868.0,856157.0,761.7570821208651,90,0,3,10,22118.0,40,662623.9463168897,30403.477041966882,1,2,0.3333333333333333,0.2,0.7475315724410319,0.41159198897989496,0.03337941546323532,3,0.44388888888888894,1,0,0
29,72413.0,641265.0,515.6978390163283,45,4,6,10,18690.0,13,132758.01858169227,12045.789070441457,4,8,0.6666666666666666,0.8,0.15277875816691786,0.16634843288417075,0.1407824566807553,1,0.31972222222222224,0,0,0
53,32638.0,1290201.0,682.1376813207287,90,4,3,6,17988.0,64,440726.61382291897,61370.70593502683,0,1,0.0,0.16666666666666666,1.125290085745958,1.8803451784737677,0.040814417454779484,3,0.683888888888889,0,0,0
28,86578.0,569069.0,674.4352537013602,0,4,4,1,20099.0,53,124624.36131209484,17918.902007494664,0,1,0.0,1.0,0.11995383865040277,0.20696830612274092,0.1612766540056032,0,0.4011111111111111,0,0,1
42,98670.0,411807.0,583.9949200989096,90,5,6,4,12676.0,28,217916.13165227973,16060.88553738558,6,1,1.0,0.25,0.18404456914654888,0.1627737461982931,0.05816916766963631,3,0.4788888888888889,1,1,0
60,125530.0,1297259.0,727.0237051611225,90,3,0,1,29006.0,129,1133217.5114979635,53223.50786476234,0,0,0.0,0.0,0.7522886371770118,0.42399034386013174,0.02559614522869304,3,0.725,1,0,1
32,43623.0,1117170.0,629.2849865638552,45,4,6,9,6407.0,6,711501.0652776845,51381.38769795234,0,0,0.0,0.0,1.359185646099696,1.177850851568034,0.00900490570242432,1,0.48416666666666663,1,0,1
58,48568.0,946625.0,655.0077145452789,0,3,5,8,24317.0,85,469468.33895762556,35984.78740631252,2,8,0.4,1.0,0.8055172455073738,0.7409155700525556,0.05179689018857322,0,0.37888888888888883,0,0,0
56,87998.0,1433251.0,809.4147335427831,60,1,6,3,22858.0,54,1067237.1085209611,57038.26152650489,1,2,0.16666666666666666,0.6666666666666666,1.0106641708911577,0.6481767940919667,0.021417920926379647,2,0.42833333333333334,1,0,0
65,29283.0,1185347.0,750.698155467734,120,0,5,10,25127.0,117,667056.5758865015,42471.20417680459,0,7,0.0,0.7,1.898304408378301,1.4503706647817707,0.037668469074915945,4,0.6133333333333334,1,1,1
29,41221.0,1306050.0,720.2140857401581,45,6,1,9,2126.0,60,644190.5515654229,51664.81591278399,1,1,1.0,0.1111111111111111,1.3023106174955785,1.2533615369055575,0.0033002657285700456,1,0.5097222222222222,1,1,0
56,119910.0,1208553.0,706.6543854251083,0,3,2,11,13353.0,85,751715.2958657133,39603.26727040896,0,5,0.0,0.45454545454545453,0.5224163232603016,0.3302749334534981,0.017763374077179064,0,0.49343434343434345,1,0,0
66,172523.0,632204.0,668.4723984288261,30,2,0,3,19281.0,145,337502.4310794328,29117.078616946157,0,2,0.0,0.6666666666666666,0.16302291630653729,0.16877215569487058,0.05712847738113663,1,0.5083333333333333,1,0,1
58,110819.0,140415.0,819.9564085759071,180,2,4,2,18567.0,25,88624.17824861896,6658.520008874484,3,2,0.75,1.0,0.06664333902476031,0.06008464260527964,0.20950264777534713,6,0.5097222222222222,1,0,1
30,41487.0,930451.0,736.1517342008167,15,0,3,5,20651.0,78,699678.463948528,33202.495362971,2,3,0.6666666666666666,0.6,1.4054170863734987,0.8003108290059777,0.029514985902894954,0,0.2925,1,1,0
61,178540.0,1159094.0,627.5315060224323,45,6,3,3,19028.0,101,575853.9916660882,24184.637223751193,2,2,0.6666666666666666,0.6666666666666666,0.2687791679110602,0.13545780902739551,0.033043098207841334,1,0.5708333333333333,1,0,1
26,102545.0,1488066.0,581.9928405247642,30,0,5,8,6697.0,132,686394.1571121321,44552.575352884916,4,5,0.8,0.625,0.5577991427439434,0.4344685294542388,0.009756784685021658,1,0.3258333333333333,1,1,1
49,134128.0,1038333.0,719.6786601392489,90,1,5,5,24837.0,96,590810.5974758808,50460.43654686124,1,2,0.2,0.4,0.3670688928212111,0.3762110562064687,0.042038853240126496,3,0.5883333333333334,0,1,0
45,49910.0,874234.0,676.0891609085089,30,3,0,7,14499.0,132,724359.891422455,45171.6358861701,0,5,0.0,0.7142857142857143,1.209443483975247,0.9050618290156301,0.020016293242752198,1,0.5369047619047619,0,0,0
47,111706.0,884786.0,579.9743283137683,30,2,6,2,29120.0,143,413404.50218843325,22723.180287818403,3,0,0.5,0.0,0.3084021913090563,0.2034195145096808,0.0704394844416253,1,0.5,1,0,1
46,30370.0,216790.0,710.0010315998107,60,0,2,1,15605.0,142,170356.24634709777,11412.715308367153,2,1,1.0,1.0,0.4674466204233832,0.37578911124027503,0.09160215920821063,2,0.31666666666666665,0,1,1
22,119370.0,60692.0,661.1680987781936,60,2,5,11,16125.0,110,37196.436705996864,1582.1512051493085,1,5,0.2,0.45454545454545453,0.025967186553012247,0.0132541778097454,0.43350926669275025,2,0.5578787878787879,1,0,0
45,50773.0,115874.0,717.1465447869228,45,5,4,5,17738.0,165,18458.48022319919,5997.067411056499,0,3,0.0,0.6,0.03029576123661393,0.11811528590109899,0.9609675220014231,1,0.6441666666666667,1,0,0
66,165341.0,1362069.0,710.9218150206634,15,1,3,1,26132.0,4,690775.9203187794,71396.14426057547,1,0,0.3333333333333333,0.0,0.34815720254846017,0.43181149418822595,0.03782992317963342,0,0.2713888888888889,0,1,1
42,26873.0,1195956.0,637.4215184919312,0,6,1,9,27035.0,89,368236.73120700463,42089.61001370543,1,5,1.0,0.5555555555555556,1.1419043004967955,1.5662415812788089,0.07341744510762085,0,0.44222222222222224,0,1,0
34,123726.0,427254.0,724.2991335096943,90,2,1,1,17541.0,144,112271.57160578726,22653.89840428785,0,1,0.0,1.0,0.07561841731311343,0.18309731506949106,0.15623723574112516,3,0.5916666666666667,1,0,0
69,40582.0,664261.0,645.1466442155571,30,0,5,11,16392.0,18,216435.10860459832,24558.323440850956,2,3,0.4,0.2727272727272727,0.44443987606286517,0.6051531082955733,0.07573632626278887,1,0.26106060606060605,1,0,0
25,129313.0,751242.0,649.698268877332,60,0,2,4,1634.0,147,514085.80139534525,22654.16191035099,0,2,0.0,0.5,0.33129293612871175,0.17518858823436925,0.0031784577507586362,2,0.5166666666666667,0,0,0
44,97944.0,407878.0,642.7410015365035,30,5,1,5,2019.0,6,253103.4082998729,19336.019547338237,1,2,1.0,0.4,0.2153470421021816,0.19741913284466878,0.007976976736749119,1,0.29833333333333334,1,1,0
46,174731.0,662881.0,759.168209946439,120,2,0,3,22095.0,141,366334.4539214089,12820.704566894714,0,0,0.0,0.0,0.17471353772437295,0.0733739552048275,0.060313737251533876,4,0.75,1,0,1
44,123594.0,554124.0,660.3599328361947,90,6,5,1,10349.0,33,288948.7385187472,13114.010923760081,2,1,0.4,1.0,0.1948238712496475,0.10610556276000518,0.03581604146483771,3,0.5383333333333333,0,0,0
66,78263.0,1057439.0,776.0710226394976,30,5,2,4,13101.0,120,467264.850977697,24881.5441334844,0,3,0.0,0.75,0.4975369917007366,0.3179221871572058,0.028037632132157365,1,0.6000000000000001,1,0,0
41,32149.0,1148190.0,804.8439409130802,15,0,2,4,18849.0,149,935689.7938481044,45793.19419110701,0,0,0.0,0.0,2.4253989078149254,1.4244049330027997,0.020144496738050195,0,0.47916666666666663,1,0,1
68,114512.0,192725.0,628.2896604201886,90,2,2,5,6655.0,146,163689.18227349521,8355.57560917945,0,0,0.0,0.0,0.11912083615217561,0.07296681229198207,0.040656321374253616,3,0.6916666666666667,1,0,0
24,89445.0,724608.0,475.53032797121466,0,5,4,5,9994.0,103,524129.50769871904,35141.32616180883,1,5,0.25,1.0,0.4883163840895886,0.3928819516105856,0.019067806435627676,0,0.4791666666666667,1,0,0
56,26506.0,1487292.0,753.1156680289891,0,0,3,7,1288.0,163,544599.346658127,75843.68004193538,1,6,0.3333333333333333,0.8571428571428571,1.7121888964075023,2.8613778028346557,0.002365041397687434,0,0.31428571428571433,1,1,0
50,112162.0,1309324.0,656.0619671847901,0,6,3,0,23038.0,25,1093806.7318993916,65468.688578991525,1,0,0.3333333333333333,0.0,0.81266882715729,0.5836975854477588,0.021062221805852842,0,0.4555555555555556,0,0,1
32,52019.0,1200956.0,619.3669510807606,30,1,1,4,15255.0,42,917952.5591737793,50776.16012528951,0,3,0.0,0.75,1.4705405063114427,0.9761079629614086,0.016618505877613713,1,0.36,0,1,1
32,55944.0,1115642.0,638.7897325692923,45,5,2,10,5697.0,23,271123.1314770318,57559.3925637975,1,7,0.5,0.7,0.40386090179023043,1.0288751709530513,0.021012592946104348,1,0.4102777777777778,1,1,1
56,19451.0,56271.0,650.9630325043779,15,5,6,11,17882.0,129,22860.553094624243,1464.271676186037,0,10,0.0,0.9090909090909091,0.09794077894291743,0.07528002036841484,0.7822207943081232,0,0.5549242424242424,1,1,1
52,78276.0,1462320.0,770.8035163485617,5,3,3,6,4290.0,160,578646.5346095717,64358.21969762714,3,4,1.0,0.6666666666666666,0.6160323030149425,0.8221960715625113,0.007413852401094181,0,0.34305555555555556,0,0,0
50,53359.0,1116023.0,691.1937867522261,15,5,6,4,23420.0,167,778465.1991464559,20162.84968578273,3,0,0.5,0.0,1.2157667859006227,0.3778715809101132,0.030084838764377314,0,0.5708333333333334,0,0,0
23,29637.0,1338330.0,769.8519041075695,45,6,5,4,6930.0,93,726611.3704457749,26778.828307286873,1,2,0.2,0.5,2.043086261671151,0.9035606946481383,0.009537423004746618,1,0.6575,0,0,0
50,88355.0,1367898.0,714.5954083494947,15,5,4,9,8109.0,23,478987.86686974677,32890.95114423095,0,3,0.0,0.3333333333333333,0.45176453593434324,0.37225908148074194,0.016929447614181668,0,0.4636111111111111,1,0,1
69,53661.0,419093.0,658.3538493234661,60,4,3,4,26282.0,30,135407.25629218947,8007.639159718213,3,0,1.0,0.0,0.21028191842025162,0.14922642439981015,0.1940959496534455,2,0.41666666666666663,1,1,1
21,39733.0,70034.0,652.674995775352,30,2,5,11,22290.0,112,34535.78114137268,3755.6876760463424,5,10,1.0,0.9090909090909091,0.07243303455014866,0.09452313381940308,0.6454175716702508,1,0.3340909090909091,1,1,1
43,93613.0,1005635.0,719.312612552472,180,2,0,0,20428.0,161,653127.5232179892,33839.38562801749,0,0,0.0,0.0,0.5814074284714634,0.3614816919446817,0.031277199740948454,6,0.8666666666666667,0,0,0
45,28244.0,715516.0,737.4297940532896,180,6,3,7,18055.0,177,380328.5591017617,36683.19908766532,0,5,0.0,0.7142857142857143,1.1221514867516456,1.298796172201718,0.04747211211969269,6,0.9285714285714286,0,0,1
64,178451.0,79787.0,749.7754879990608,60,1,4,6,15601.0,129,27588.360456046426,2717.966329324587,2,6,0.5,1.0,0.012883256681127418,0.015230883151815273,0.5654921039927472,2,0.425,0,0,1
34,94295.0,442673.0,661.692304203698,45,2,0,5,5760.0,158,272238.9384899237,19029.205302787894,0,0,0.0,0.0,0.2405915287925515,0.20180502998873634,0.021157884437656198,1,0.6041666666666666,0,0,0
44,179394.0,1487104.0,692.2644099483131,0,3,1,5,9010.0,85,1337180.4663404967,41443.49439609401,1,5,1.0,1.0,0.6211562567776777,0.23101940085005077,0.006738058345002561,0,0.28888888888888886,0,1,0
56,160779.0,576886.0,720.8828286478729,60,2,0,1,28880.0,35,162971.19692737368,30590.31361856525,0,1,0.0,1.0,0.08446957051157887,0.19026311656724604,0.17720922803843708,2,0.4111111111111111,0,1,1
23,176698.0,428458.0,653.1224481844197,30,2,3,4,27557.0,83,234066.46904892163,7024.902452473616,1,2,0.3333333333333333,0.5,0.11038913336546048,0.03975654762630939,0.11773151494945815,1,0.4594444444444445,1,0,0
60,105922.0,999100.0,600.5541976338063,15,4,3,4,21791.0,17,431353.529590903,42857.576683914915,3,0,1.0,0.0,0.3393641308312587,0.40461449636444663,0.050517727351545375,0,0.30027777777777775,0,1,1
61,86539.0,1013952.0,623.5610253308514,120,2,3,7,26663.0,121,318190.21566592477,53754.86778602225,2,4,0.6666666666666666,0.5714285714285714,0.3064034863529014,0.6211634960656149,0.08379578845376597,4,0.5928571428571429,1,0,1
56,134622.0,531552.0,663.127519021641,0,6,0,7,24125.0,59,428760.03403857176,24730.95921785494,0,4,0.0,0.5714285714285714,0.26540983521673756,0.1837066691763229,0.05626690475966724,0,0.523968253968254,0,1,0
52,31070.0,1281272.0,726.3544997454211,15,1,3,4,11982.0,60,1112564.1954597419,61634.11758559312,1,3,0.3333333333333333,0.75,2.984025843417396,1.9837179782939531,0.010769715625307095,0,0.32083333333333336,1,1,1
57,154111.0,891446.0,768.1284246900472,90,2,6,6,21465.0,0,367852.37217463553,24039.19709966356,5,1,0.8333333333333334,0.16666666666666666,0.19891094307276116,0.15598625081703163,0.05835221307152433,3,0.35,0,1,0
59,70418.0,282673.0,585.0766953885766,180,5,0,6,22581.0,179,116028.20286520316,9349.104076397196,0,4,0.0,0.6666666666666666,0.1373088827492061,0.13276582800416364,0.1946164763599216,6,0.8999999999999999,0,1,0
65,19201.0,521222.0,638.1858490249012,45,3,5,0,4150.0,76,114054.61316194617,10657.549875921326,5,0,1.0,0.0,0.49500292155767134,0.5550518137556026,0.03638607755485886,1,0.45638888888888884,1,1,0
41,56509.0,1279425.0,654.9496252055724,45,4,1,10,27406.0,141,784690.4311147599,38454.68261933274,0,1,0.0,0.1,1.1571761889179304,0.6805054525709665,0.03492587511366239,1,0.6608333333333333,1,0,0
43,57255.0,179526.0,735.630192261465,180,4,0,10,14791.0,93,30503.086307251884,2753.4639978638947,0,0,0.0,0.0,0.044396539322987635,0.0480912409023473,0.4849017522690335,6,0.9333333333333333,1,0,0
52,20288.0,67756.0,643.032262522805,0,2,0,4,9400.0,115,35379.324843689596,3126.9925362473628,0,2,0.0,0.5,0.1453212278345557,0.15413015261471621,0.2656918989135719,0,0.4666666666666666,1,0,1
30,126310.0,1001926.0,649.9187365536769,45,5,0,9,14223.0,84,265120.5401020521,53222.80396132541,0,1,0.0,0.1111111111111111,0.17491392876128314,0.421366510658898,0.05364729565851511,1,0.6797222222222222,0,0,1
62,33427.0,690866.0,581.1605195994844,15,1,2,4,9861.0,123,451991.2830337688,29730.70950111356,2,3,1.0,0.75,1.1268118662402868,0.8894220091875897,0.021816792425316027,0,0.28750000000000003,0,1,0
58,155164.0,416607.0,713.8385121181282,45,5,3,0,9975.0,35,352733.88568893063,19752.130983958876,2,0,0.6666666666666666,0.0,0.18944143276840988,0.1272984131883612,0.028279108996057057,1,0.4819444444444444,1,0,0
51,91417.0,734454.0,668.7020647782412,180,0,4,10,16374.0,179,159073.20048226553,26101.605750169307,4,5,1.0,0.5,0.14500694663124794,0.2855224493274698,0.10293374339837637,6,0.6000000000000001,1,1,1
35,134354.0,316197.0,634.2168475514283,60,4,0,3,29929.0,77,231868.95510792482,7167.154812130984,0,0,0.0,0.0,0.14381717645667716,0.05334530279806321,0.12907721944090947,2,0.6711111111111111,0,0,1
38,73025.0,592431.0,661.8340742862532,180,0,4,4,12250.0,1,457905.36877126945,25967.801989455776,4,1,1.0,0.25,0.5225440702627747,0.35560153357693636,0.02675225239850607,6,0.4272222222222222,1,1,0
42,39382.0,389160.0,758.8896851351884,45,6,5,6,6440.0,171,109803.33487927256,10496.171420528895,0,3,0.0,0.5,0.23234670424574796,0.26652205120432926,0.05865031337236435,1,0.6875,0,0,1
53,47217.0,900257.0,609.657916417611,120,4,0,5,22844.0,4,757999.942905268,30051.47908811395,0,3,0.0,0.6,1.337794902445567,0.636454647438718,0.03013720543624758,4,0.5655555555555556,1,0,0
59,122632.0,1026767.0,621.0838258227483,5,0,4,3,8849.0,85,632168.510396815,52392.54583618481,2,3,0.5,1.0,0.42958370734991347,0.42723388541477597,0.013997850026483355,0,0.2736111111111111,1,1,1
53,134008.0,1376521.0,767.6576713225935,15,0,0,9,16107.0,141,758742.1002408951,41182.046781872064,0,5,0.0,0.5555555555555556,0.47182637121222554,0.307310360440213,0.0212285571011364,0,0.4236111111111111,0,0,1
66,61339.0,148234.0,685.30423796132,15,1,3,4,7604.0,66,96879.72092543423,3939.28604321232,0,2,0.0,0.5,0.13161789525619133,0.06422155632162767,0.07848907828556399,0,0.4091666666666666,1,0,1
68,75852.0,524134.0,726.8827867698342,90,6,4,7,6355.0,37,191875.9449057603,8526.496680856644,0,4,0.0,0.5714285714285714,0.21080079728260329,0.11240964880104208,0.03312035806844497,3,0.650079365079365,1,1,1
55,171098.0,433441.0,708.1226337003981,45,4,6,7,7559.0,43,73276.73361513506,18663.221746684954,6,4,1.0,0.5714285714285714,0.03568945556305697,0.10907913445326628,0.10315689069468449,1,0.35924603174603176,1,1,0
39,156002.0,889926.0,677.5265813394236,15,1,3,11,10691.0,123,428533.55793817993,21010.082062351274,0,4,0.0,0.36363636363636365,0.2289145640964966,0.1346782865755008,0.024947871180586233,0,0.47613636363636364,0,0,1
50,84912.0,823038.0,655.619061659601,5,1,3,5,28666.0,103,582307.4530594284,33396.137414793746,0,1,0.0,0.2,0.5714813111019137,0.39330291848965687,0.04922828971085562,0,0.4730555555555556,0,0,1
41,57038.0,1322320.0,738.2090615738673,30,0,5,5,20137.0,90,1109410.3403792526,39225.52124931226,5,3,1.0,0.6,1.6208643658310433,0.6877085670835629,0.018151083748792315,1,0.29833333333333334,0,1,1
51,66819.0,1382576.0,761.3635597467809,5,1,1,10,20870.0,92,653374.8114784878,64299.49989465265,0,1,0.0,0.1,0.8148565670923038,0.9622936574126019,0.03194184966018871,0,0.4830555555555556,1,0,1
60,105219.0,1170843.0,755.8931842911268,90,5,1,5,1603.0,57,407143.990633546,59239.71394628179,0,1,0.0,0.2,0.32245759688011516,0.563013466638932,0.0039371820212932875,3,0.6983333333333335,1,0,0
39,109818.0,338424.0,597.0169856446621,120,4,3,3,326.0,168,84088.7619245968,8267.065312451672,1,0,0.3333333333333333,0.0,0.06380918271184809,0.07527969287777661,0.003876855747886113,4,0.7666666666666666,0,1,0
45,47830.0,109063.0,771.343771249103,180,2,0,0,10265.0,41,92880.31397505534,5092.418022632666,0,0,0.0,0.0,0.1618236705956083,0.10646912027247891,0.11051857558057834,6,0.7577777777777778,0,0,0
23,28665.0,1353781.0,654.9445322061648,15,0,0,3,26628.0,150,437553.94182602566,28581.771073580323,0,1,0.0,0.3333333333333333,1.2720330886273203,0.9970964965491129,0.06085649666158754,0,0.4458333333333333,0,0,1
57,98238.0,1417046.0,627.1479323718615,30,2,2,2,482.0,139,1180829.2841406795,29243.711240556713,0,2,0.0,1.0,1.001673897524956,0.2976822740747645,0.00040818770881919996,1,0.475,1,0,1
45,147188.0,413058.0,668.1470612262069,45,2,1,3,22983.0,1,118885.17744807784,13274.786172376978,1,3,1.0,1.0,0.06730914286948089,0.09018932367025151,0.19332098831275785,1,0.15638888888888888,1,1,0
43,42699.0,117638.0,738.1789904674113,45,0,4,6,24626.0,30,19245.524377423553,3291.555948878886,4,0,1.0,0.0,0.03756045102036651,0.07708742473778978,1.2795702271894525,1,0.25416666666666665,1,1,1
47,84153.0,1036869.0,717.8324928819644,45,4,3,6,8336.0,99,329895.67845218803,56495.166635334564,1,5,0.3333333333333333,0.8333333333333334,0.32668243007001935,0.6713387120522687,0.025268594117725435,1,0.5375000000000001,1,0,1
31,44175.0,903699.0,662.1229511702013,5,4,3,2,3515.0,28,469554.9087668915,42617.685150351994,3,0,1.0,0.0,0.8857855287056999,0.9647466927074588,0.0074858124883218,0,0.30527777777777776,0,1,0
50,57225.0,1338809.0,738.6366106814583,5,6,3,5,4603.0,153,550958.3892982197,67756.42121944955,1,5,0.3333333333333333,1.0,0.8023276384130184,1.184035320567052,0.008354532918289977,0,0.5097222222222222,0,1,1
57,117180.0,884262.0,689.7902406531605,30,2,0,5,2316.0,79,734636.515480177,18074.23240219662,0,1,0.0,0.2,0.5224416250499069,0.15424332140464772,0.003152579474607526,1,0.5305555555555557,1,0,1
38,64363.0,1152496.0,639.8919974122438,0,1,2,0,25309.0,150,644030.2111807944,50200.92587289694,1,0,0.5,0.0,0.833851502650066,0.7799655993800312,0.03929784590942919,0,0.4083333333333333,1,0,0
27,60733.0,1190265.0,630.4375301929055,0,5,0,3,23597.0,21,283672.4229581967,46624.313374663005,0,0,0.0,0.0,0.3892343302627851,0.7676932371966312,0.08318397591815742,0,0.4633333333333334,1,0,1
39,179297.0,64198.0,708.7164391095134,45,2,2,8,20182.0,4,39738.497158049344,1217.8084570827864,0,7,0.0,0.875,0.018469586383695464,0.006792129578759189,0.507870237762929,1,0.32555555555555554,0,1,0
30,45923.0,265242.0,674.2237584929079,120,4,4,0,2685.0,115,117160.08055128343,12399.146761925174,0,0,0.0,0.0,0.2126024006693876,0.269998622954188,0.02291736218826445,4,0.8166666666666667,1,0,0
39,48664.0,1181016.0,583.7146392610455,45,5,6,3,28505.0,144,778532.843986365,58048.438700396204,1,3,0.16666666666666666,1.0,1.3331772357155958,1.1928414988573937,0.036613741115974326,1,0.5791666666666666,0,0,1
51,168622.0,310087.0,739.3013045148653,0,6,2,5,20527.0,178,229350.4299808506,15989.239195320664,1,2,0.5,0.4,0.11334544621542593,0.09482297206367298,0.08950059523199447,0,0.535,0,1,0
26,107133.0,348888.0,646.3807479962906,120,2,1,1,24839.0,141,310218.50439863745,18349.004291530044,0,1,0.0,1.0,0.24130325887653467,0.17127313051562118,0.08006936932453697,4,0.65,0,0,0
57,24966.0,1140555.0,791.4483753592156,90,4,4,7,11395.0,134,664355.6591793551,22026.88034742075,4,6,1.0,0.8571428571428571,2.217534711138332,0.8822751080437695,0.0171519574531444,3,0.5226190476190475,0,0,0
32,86843.0,346535.0,581.7907010391702,15,0,6,8,5932.0,10,147299.20766709637,17426.16795227504,6,7,1.0,0.875,0.14134626823414703,0.2006628968630176,0.04027177127392714,0,0.06388888888888888,1,1,0
64,109553.0,266781.0,667.3503982526992,15,5,2,4,24650.0,108,126774.40152553264,14089.878650993462,0,2,0.0,0.5,0.09643308225663426,0.12861244010655537,0.19443988457745104,0,0.5958333333333334,1,0,0
56,59017.0,69555.0,631.0015620892541,180,0,5,2,1541.0,128,31436.516551175955,2965.2526093822953,1,2,0.2,1.0,0.04438906946469655,0.05024404170632691,0.04901942610248766,6,0.67,0,0,1
34,106818.0,730695.0,611.7204235735862,45,4,2,9,5485.0,71,356508.28188623715,16333.995076234187,0,7,0.0,0.7777777777777778,0.2781275018304009,0.15291425673794853,0.015385336831390302,1,0.5508333333333334,1,0,0
48,123059.0,973375.0,645.9246498269137,5,1,4,2,4609.0,179,167950.0174077257,30207.239727583124,2,2,0.5,1.0,0.11373271994715659,0.24546956929264113,0.027442688432778844,0,0.3180555555555556,1,1,1
26,58598.0,1110889.0,803.9397326325887,15,3,1,1,2532.0,177,372699.0148391045,20667.43418891909,1,1,1.0,1.0,0.5300223768147725,0.35269862775041966,0.006793685787157429,0,0.3291666666666667,1,1,1
25,149608.0,1363086.0,690.0359119055653,15,0,1,0,16534.0,154,1214265.0929391324,20677.820815320825,0,0,0.0,0.0,0.6763592705264939,0.13821333628763718,0.013616466532838725,0,0.47916666666666663,0,0,0
67,91349.0,994300.0,624.58043728418,30,4,6,1,6852.0,158,841188.6332417848,51507.20922403652,5,1,0.8333333333333334,1.0,0.7673762468133064,0.5638508273110435,0.00814561648746211,1,0.41666666666666663,1,1,1
60,174080.0,1146839.0,551.9960112763816,30,3,2,10,28983.0,102,213560.6033307223,61807.209371785924,0,4,0.0,0.4,0.10223297876968554,0.35505060530667465,0.13571323337720959,1,0.5683333333333334,0,0,0
28,32213.0,355376.0,559.5046217556619,45,4,0,11,27964.0,147,314396.0504864981,18398.425209407305,0,3,0.0,0.2727272727272727,0.813326013531023,0.5711490767518488,0.08894513769091043,1,0.643560606060606,0,0,0
34,70526.0,543634.0,642.4475799116885,15,2,5,6,5053.0,12,404445.0069379696,13677.017793938958,2,6,0.4,1.0,0.47789114054624016,0.19392873258002663,0.01249366394273471,0,0.2125,1,1,0
30,134845.0,490742.0,635.6418411102937,60,0,0,11,24873.0,41,74622.39763124917,19553.338810214966,0,5,0.0,0.45454545454545453,0.04611615659414462,0.14500603515306437,0.33331815633841394,2,0.4123232323232323,1,0,1
40,162976.0,144301.0,664.316450563586,45,4,0,8,1172.0,119,120505.42836068556,5048.789679631898,0,8,0.0,1.0,0.06161716467490385,0.030978731099253254,0.009725702949182334,1,0.5708333333333333,1,0,0
35,53914.0,1455013.0,520.9471339694904,180,4,5,4,8573.0,22,1266264.2372712356,50695.421610755824,2,4,0.4,1.0,1.9572285449531284,0.9403016212997705,0.006770308872083901,6,0.6222222222222221,0,1,0
37,176800.0,399834.0,673.5822883467426,120,4,2,8,19796.0,146,248524.22504710773,12848.007014318478,2,0,1.0,0.0,0.11714000049354625,0.0726697229316656,0.0796542067327548,4,0.6666666666666666,1,1,1
46,49328.0,700572.0,751.9410842602975,15,1,0,5,6183.0,32,519296.7190750678,36883.166966153345,0,0,0.0,0.0,0.8772852454911811,0.747712596621662,0.01190648770323967,0,0.3836111111111111,1,0,0
30,85411.0,567570.0,793.5988873154937,0,5,6,11,2340.0,62,226686.74374428423,26468.953775703343,3,6,0.5,0.5454545454545454,0.22117247168034976,0.30990099373269653,0.010322615082598987,0,0.42489898989898994,0,1,0
64,69010.0,114463.0,547.3887696458003,60,3,1,10,4705.0,46,66301.6564205051,5594.349673224996,1,0,1.0,0.0,0.08006286096278932,0.08106578283183591,0.07096353626762311,2,0.41888888888888887,1,1,0
56,86740.0,1359853.0,623.9025068532591,30,1,4,10,19758.0,97,950078.2447389875,22280.412232779192,4,7,1.0,0.7,0.9127644346504761,0.2568643328657965,0.020796181903342145,1,0.3216666666666667,1,1,0
58,164183.0,368398.0,620.2036297317825,180,0,1,6,6636.0,14,210335.24277068954,11596.434706635779,1,0,1.0,0.0,0.10675853710528777,0.07063115369213487,0.03154963434841331,6,0.48111111111111104,0,1,0
29,136673.0,195610.0,690.2004999267955,30,2,4,6,7378.0,146,74029.34883893047,7612.97113707929,4,5,1.0,0.8333333333333334,0.04513775510337964,0.05570208554051854,0.09966317569607024,1,0.3416666666666667,1,1,0
55,147027.0,546530.0,594.6159272486483,15,0,4,1,6151.0,159,348085.0682070602,22598.392686113617,0,0,0.0,0.0,0.1972908990678924,0.1537023314500984,0.017670967708218514,0,0.47916666666666663,0,0,0
61,59147.0,258464.0,797.7584274108676,30,5,5,7,26455.0,134,201295.43188738223,13128.728216496265,0,5,0.0,0.7142857142857143,0.2836089628205745,0.22196777886446084,0.13142374743407317,1,0.6035714285714286,0,0,1
29,171396.0,1499259.0,683.0465730180018,120,0,2,1,26645.0,33,1164933.4801438032,32504.11029040456,1,0,0.5,0.0,0.5663947234006838,0.18964334226238977,0.022872550625560917,4,0.4816666666666667,1,0,0
57,88557.0,324045.0,671.3797597490552,5,0,4,6,24148.0,52,80728.75573420343,6027.712875205933,1,4,0.25,0.6666666666666666,0.07596684972598008,0.06806591094104288,0.29912513552799497,0,0.2711111111111111,1,0,0
38,123617.0,488902.0,791.4899613647945,180,1,5,1,599.0,40,236660.6385711692,24800.998445156638,4,1,0.8,1.0,0.15953889740837238,0.2006277327969182,0.002531050383436987,6,0.5022222222222222,0,1,0
59,131030.0,443228.0,678.8766663141656,15,2,5,5,7516.0,108,79361.9312549005,15630.333332446964,2,1,0.4,0.2,0.050473130361304346,0.11928820371248541,0.09470535660050355,0,0.4658333333333334,0,0,0
44,125393.0,88273.0,708.0212384549083,120,0,5,9,26403.0,159,55133.10750328352,3228.0220161586312,2,8,0.4,0.8888888888888888,0.03664020818764705,0.02574323938464373,0.4788955528840368,4,0.5344444444444444,0,1,0
60,115491.0,68698.0,627.4441208695565,45,4,2,3,16619.0,158,22781.74487637524,3476.1206100014633,0,3,0.0,1.0,0.016438326273890923,0.030098627685286847,0.7294875827195295,1,0.5708333333333333,0,0,0
28,95765.0,793736.0,584.0648554461932,60,0,3,7,1242.0,172,672902.4957955917,35712.08672715621,1,2,0.3333333333333333,0.2857142857142857,0.5855501277394244,0.3729137652290107,0.0018457354635481745,2,0.4880952380952381,0,1,0
40,122917.0,387446.0,637.2746857947038,5,5,6,3,7472.0,124,237772.49399441286,17136.806153402562,3,0,0.5,0.0,0.16120125368772753,0.139417705877971,0.031424997376591324,0,0.5513888888888889,0,0,0
34,164640.0,171227.0,833.0883087261377,90,3,1,3,24805.0,39,77131.46423961938,3842.528813006951,1,1,1.0,0.3333333333333333,0.03904046416404447,0.02333897481175262,0.3215937911270541,3,0.42833333333333334,1,1,1
33,81143.0,472498.0,724.3114663800869,60,0,4,2,26369.0,71,330085.870505142,18832.07481687095,0,1,0.0,0.5,0.33899604248583987,0.2320850204807679,0.07988527336734103,2,0.4744444444444444,0,0,0
36,100762.0,447398.0,699.2174385977735,45,2,5,1,12772.0,52,136699.67222009692,14765.408673888745,3,1,0.6,1.0,0.11305491506396007,0.14653747120828037,0.09343109454890355,1,0.3297222222222222,0,0,1
39,47172.0,664912.0,611.653862687036,45,0,3,4,4547.0,11,145332.37867278958,26225.233000000073,2,1,0.6666666666666666,0.25,0.256741956161829,0.5559491435597403,0.03128690276402481,1,0.23694444444444446,0,0,1
27,75519.0,1488955.0,743.7875560688692,60,6,6,1,2316.0,144,320923.6253657862,56620.621481245944,1,0,0.16666666666666666,0.0,0.3541312179338822,0.7497533267289813,0.007216670313256749,2,0.7416666666666666,1,0,0
55,143071.0,494990.0,584.9614707980346,45,4,2,10,6760.0,104,290610.54455481673,7945.182991231067,2,8,1.0,0.8,0.16926942133324058,0.05553314781633641,0.023261372055014638,1,0.44083333333333335,1,1,1
47,121740.0,1071725.0,570.3060485222334,180,5,5,8,23970.0,174,875225.7315844753,30817.469757119474,2,4,0.4,0.5,0.5991085726305209,0.25314169342138554,0.027387220387825695,6,0.8566666666666666,0,0,0
61,52205.0,1164302.0,640.8779013982848,0,2,4,2,24797.0,151,369163.58018533455,38785.37758360663,1,2,0.25,1.0,0.5892851581670571,0.7429437330448545,0.0671707647529882,0,0.37916666666666665,1,1,1
55,106474.0,123466.0,816.8143638373014,15,1,0,10,7693.0,116,88900.00049728848,4322.405991036904,0,7,0.0,0.7,0.06957880209979939,0.04059588247869812,0.08653543258680457,0,0.4425,0,0,0
28,149537.0,776912.0,812.8525962674828,120,1,5,4,29319.0,7,138459.4264394697,14744.83476869912,4,0,0.8,0.0,0.07716007099662608,0.09860325383483098,0.2117515632842621,4,0.41222222222222216,1,0,0
24,38091.0,700595.0,648.4134150224619,120,2,4,6,26340.0,79,290750.4664364345,35689.399464009075,0,1,0.0,0.16666666666666666,0.636087410054069,0.9369509717258427,0.09059314787293248,4,0.7088888888888889,0,0,1
41,28035.0,786157.0,632.8060687261411,30,5,1,8,29625.0,85,503366.4075034824,22305.339881197426,1,7,1.0,0.875,1.496244003042276,0.7956247505331702,0.058853748598221754,1,0.4263888888888889,0,1,1
44,81621.0,298874.0,565.1746571608154,45,3,4,9,22567.0,121,230039.70798010816,10334.13013919261,3,7,0.75,0.7777777777777778,0.23486572897917218,0.12661116794933425,0.09810045490907769,1,0.4472222222222222,1,1,1
32,124360.0,724348.0,685.4621507864059,0,6,3,0,17189.0,102,621051.5098275607,30096.005004798175,1,0,0.3333333333333333,0.0,0.4161651052237863,0.24200711647473605,0.02767725338075846,0,0.6,0,0,0
59,68758.0,228269.0,691.3408926391684,5,2,6,3,29453.0,140,142537.5034791366,9989.79683948807,1,3,0.16666666666666666,1.0,0.17275262936571817,0.1452892294640343,0.20663333705933104,0,0.4013888888888889,1,0,1
49,151007.0,1421449.0,735.2689377937838,180,1,2,4,20661.0,3,706468.2189009787,42815.6083593438,0,1,0.0,0.25,0.38986504979955605,0.28353393127036364,0.02924547693333099,6,0.615,0,0,1
57,155187.0,901244.0,743.7495259327615,60,3,1,7,24956.0,20,176172.73836586013,18173.146400930687,0,0,0.0,0.0,0.09460239279378005,0.11710482450804956,0.14165642330071274,2,0.5111111111111111,1,0,0
26,104268.0,100042.0,666.1804657634757,0,0,0,10,12085.0,171,35688.556413966806,2330.24897061722,0,2,0.0,0.2,0.028523097861573705,0.022348649351835847,0.3386239516056891,0,0.43,1,0,0
60,79372.0,783201.0,718.921951233171,120,4,5,5,7228.0,78,659716.7170736293,16918.76619194286,0,2,0.0,0.4,0.6926421545314356,0.21315786665250794,0.010956217741551184,4,0.75,0,0,1
31,24757.0,1393184.0,630.9552792507425,30,0,6,5,17203.0,148,818039.2031059962,34502.915322074354,6,0,1.0,0.0,2.753561965996137,1.3936630174122209,0.021029554494066155,1,0.3583333333333334,1,0,0
42,151091.0,1127156.0,717.592977335248,60,4,4,1,12276.0,154,458761.47119253484,44123.48336959009,4,0,1.0,0.0,0.2530271333128903,0.29203250603669373,0.02675900390695181,2,0.55,0,1,0
42,163035.0,445776.0,644.4937545270809,120,2,2,6,10532.0,21,150053.84289694435,16239.776957992524,1,1,0.5,0.16666666666666666,0.07669817467463241,0.09960914501789508,0.07018813911505942,4,0.505,1,0,0
61,89667.0,1343844.0,712.1620961176857,120,2,6,5,20898.0,126,316129.58603691787,29222.180621069085,5,0,0.8333333333333334,0.0,0.2937996383256176,0.3258967136300878,0.0661058025665447,4,0.625,0,1,0
34,101667.0,319008.0,706.4950927699756,5,4,1,7,18320.0,31,227677.20073900092,13481.488681202882,1,3,1.0,0.42857142857142855,0.1866200444744451,0.13260437193192365,0.08046479814639516,0,0.2690873015873016,0,0,1
32,140067.0,407688.0,684.8162537986545,30,4,4,10,9481.0,27,187243.8017647725,7154.1856573540945,3,8,0.75,0.8,0.11140133041376181,0.05107688218748238,0.05063451986469828,1,0.30916666666666665,1,1,1
37,130650.0,274748.0,735.6177802711549,15,6,4,6,7247.0,43,234198.49877866343,14117.728401212662,3,2,0.75,0.3333333333333333,0.1493803411013289,0.10805762266523278,0.030943836266213654,0,0.4288888888888889,1,0,0
38,39915.0,1388338.0,570.0720650047521,180,2,5,0,16395.0,135,681387.6596534651,52267.639880450006,3,0,0.6,0.0,1.4225806080702015,1.3094736284717525,0.024061193019459793,6,0.7766666666666667,1,0,0
29,126914.0,1089520.0,605.4558647245342,120,5,6,9,9815.0,16,832156.2251772074,42073.65935201392,3,2,0.5,0.2222222222222222,0.5464042745331533,0.3315131455317295,0.011794660309018176,4,0.5883333333333334,0,0,0
29,167793.0,801088.0,661.0958228512876,60,5,2,5,7129.0,120,198412.0478468533,21177.365025303585,0,3,0.0,0.6,0.09854008999523882,0.12621125449395137,0.035930277810058205,2,0.6733333333333333,1,1,1
32,139611.0,1018475.0,578.9715628628674,0,6,0,5,6663.0,68,268042.9842679888,36120.704866025975,0,3,0.0,0.6,0.15999395001587077,0.2587239176427787,0.024857953354743827,0,0.5411111111111112,0,0,1
43,95850.0,425310.0,651.5194839811707,120,6,1,10,19888.0,47,150946.3195942309,13631.309532441766,1,3,1.0,0.3,0.13123484576093802,0.14221501859615823,0.13175544825115504,4,0.6077777777777778,1,0,0
37,102752.0,152453.0,653.7758793445715,60,5,5,7,12459.0,43,44733.67315078316,8084.560917802519,2,0,0.4,0.0,0.036279645125142056,0.0786803265902612,0.2785150228554813,2,0.5688888888888889,0,0,0
40,60087.0,1276389.0,771.6778650666686,15,2,2,9,10264.0,61,1126484.0560711669,23037.36419200187,0,2,0.0,0.2222222222222222,1.5622958599907453,0.3834001396641848,0.009111535973085765,0,0.45916666666666667,0,0,1
56,125043.0,1448108.0,689.9773591604023,30,4,0,10,3455.0,62,1094923.6006943563,48293.56975429212,0,0,0.0,0.0,0.7296980510000268,0.3862156998335942,0.003155471302115489,1,0.5794444444444444,0,0,0
32,57121.0,101518.0,752.0600703244714,45,5,5,5,1655.0,56,41755.28559364762,4736.900335435468,2,0,0.4,0.0,0.06091642535676841,0.082927475629549,0.039635700641735785,1,0.5686111111111111,0,0,1
65,73381.0,124943.0,701.1172303166803,15,2,4,11,20847.0,93,67452.64854491412,4595.788818454157,4,7,1.0,0.6363636363636364,0.07660094636771794,0.06262913858429507,0.30906125185164207,0,0.3321969696969697,1,1,0
57,60942.0,861288.0,642.5032910137554,180,5,0,2,29033.0,178,473653.3529963052,32391.937914062903,0,0,0.0,0.0,0.64768325210351,0.5315207560313561,0.06129588192786735,6,0.9666666666666666,0,0,0
29,72321.0,112386.0,689.3601765422559,180,4,4,10,9742.0,81,68039.24764114416,5782.1051227524995,2,4,0.5,0.4,0.07839959767465439,0.07995056930563045,0.14318206531885422,6,0.7983333333333333,1,1,0
36,77409.0,1096351.0,731.0598433752521,0,3,4,10,25317.0,33,249652.89382749636,32920.91141202263,2,4,0.5,0.4,0.26875954758436393,0.4252853209836405,0.10140879847959378,0,0.30833333333333335,1,1,1
29,31442.0,1420764.0,763.5380928509807,180,6,6,1,18046.0,110,584978.4413788015,21428.778480861172,1,1,0.16666666666666666,1.0,1.5504167498324997,0.681533569138769,0.030849000105825017,6,0.875,0,1,0
34,134238.0,455967.0,670.7382955945897,30,0,6,1,9111.0,149,97780.91465393615,23722.529698734492,5,0,0.8333333333333334,0.0,0.06070121392224764,0.17671992802883305,0.09317769252052337,1,0.3833333333333333,1,1,1
38,89440.0,476806.0,564.674254930294,120,4,6,0,17003.0,107,400182.7579899745,7782.613454031475,0,0,0.0,0.0,0.37285960605804125,0.08701490892253438,0.042488087406369376,4,0.8166666666666667,0,0,0
27,171835.0,1302063.0,559.7538419804669,120,5,6,3,3888.0,95,589301.2207757841,61061.761231473254,5,0,0.8333333333333334,0.0,0.28578831474756994,0.35535112888220244,0.006597644571110259,4,0.7250000000000001,0,0,1
21,47303.0,566468.0,657.151117291818,60,0,5,11,10132.0,120,393844.11826443527,11660.046309075586,5,6,1.0,0.5454545454545454,0.6938321710822345,0.24649697289972275,0.025725914213595442,2,0.3621212121212121,1,1,1
42,126384.0,398412.0,516.346894919642,90,2,4,1,22056.0,158,334913.01859754923,6305.813144269262,0,1,0.0,1.0,0.22083031251157137,0.04989407792338636,0.06585590519102441,3,0.5916666666666667,1,0,1
55,47028.0,172202.0,805.6573126015782,90,3,3,0,25535.0,13,65794.5948186287,5026.026968088169,2,0,0.6666666666666666,0.0,0.11658762655338079,0.10687307493595664,0.3881017896742206,3,0.4538888888888889,1,0,1
35,106640.0,1267817.0,721.7853261979814,120,1,5,5,6620.0,176,273705.0775334849,62835.872072018356,3,3,0.6,0.6,0.21388556321383853,0.5892336090774415,0.024186617433833005,4,0.5666666666666667,0,1,0
63,97522.0,1392565.0,635.5033093351929,30,6,6,4,27322.0,160,560036.9813159646,22946.01034557785,6,3,1.0,0.75,0.47855610470454923,0.23529060463872614,0.04878606397705963,1,0.4833333333333334,1,1,0
39,90672.0,163890.0,602.3246684193844,90,4,0,7,18163.0,172,107059.61123097865,4180.375712500728,0,6,0.0,0.8571428571428571,0.09839459005258758,0.04610437304240259,0.16965314735557693,3,0.6726190476190477,1,0,1
65,124063.0,1214275.0,751.9683367183277,180,1,0,7,6878.0,89,637309.9264781226,31767.825058963088,0,4,0.0,0.5714285714285714,0.4280821884030174,0.25606204153505147,0.01079223736245399,6,0.773968253968254,0,0,0
32,152167.0,281895.0,602.0453991044296,180,3,3,9,23372.0,153,58131.02700308872,5297.449009599523,1,5,0.3333333333333333,0.5555555555555556,0.03183510386783858,0.03481338929991078,0.4020572352653972,6,0.7944444444444443,0,0,1
47,69308.0,251352.0,608.7241265479263,5,0,2,4,26430.0,14,50935.773375795274,4700.865974421934,2,3,1.0,0.75,0.06124325880585607,0.06782573403390567,0.5188887543731605,0,0.06583333333333333,1,1,1
58,155644.0,602427.0,626.3837841981316,45,0,3,5,8172.0,74,406440.1493328883,30920.905937862153,0,1,0.0,0.2,0.2176120662820755,0.19866429761418464,0.02010628136372141,1,0.48194444444444445,0,0,1
23,47945.0,683200.0,687.9861190202028,45,5,2,0,3172.0,158,479885.83171590156,29249.039659040016,2,0,1.0,0.0,0.8340908536098681,0.6100540131200337,0.006609905503269503,1,0.5541666666666667,1,0,0
66,65472.0,1288380.0,723.4558207403179,60,6,5,11,8539.0,48,299072.7261093174,35360.23510526163,4,2,0.8,0.18181818181818182,0.38066237744037834,0.5400817922968846,0.028551583793965937,2,0.5351515151515152,0,0,1
38,68328.0,1064637.0,763.4870563390964,60,1,6,2,22696.0,137,794260.1045549125,26118.559872445097,1,1,0.16666666666666666,0.5,0.9686854883245919,0.3822526617557238,0.02857502204862522,2,0.525,1,1,1
45,172454.0,259648.0,753.1479909262691,120,1,1,7,1848.0,57,106240.00093170117,4340.080846544582,0,6,0.0,0.8571428571428571,0.051337361910857957,0.025166600058824855,0.01739457816070643,4,0.5576190476190477,0,0,0
51,37208.0,896906.0,680.0541596464319,45,4,5,10,8675.0,106,180418.78893768621,26325.52681653498,0,9,0.0,0.9,0.4040770554219662,0.7075232965097554,0.048082575274331366,1,0.5808333333333333,0,1,1
52,82008.0,1319385.0,751.4365381629434,90,3,0,7,9595.0,117,528276.1853265485,35683.27218373823,0,4,0.0,0.5714285714285714,0.5368136699331656,0.43511940522556614,0.01816284789379432,3,0.6678571428571428,1,0,0
22,86758.0,1010049.0,633.0300270216547,180,0,5,7,500.0,158,704869.0898735475,52202.556742968656,4,4,0.8,0.5714285714285714,0.6770452387421981,0.6017030907002081,0.0007093515763185179,6,0.6228571428571429,0,0,0
63,147612.0,383110.0,552.5393789876623,0,4,4,2,17923.0,61,245892.90088109687,9125.811455283469,3,2,0.75,1.0,0.13881713596065862,0.06182296463216723,0.07288945689679258,0,0.3063888888888889,1,1,0
51,96715.0,236808.0,633.0208249802645,60,1,4,8,24181.0,141,121033.3166512298,7389.8043443865845,1,2,0.25,0.25,0.10428692261733771,0.07640804781457462,0.19978796474428678,2,0.5375,0,0,1
69,174624.0,706137.0,623.5617640006599,30,0,3,2,4673.0,78,254025.37836010323,29855.870229308654,2,0,0.6666666666666666,0.0,0.12122492629883981,0.17097231897854048,0.01839579978255406,1,0.3816666666666667,1,1,0
44,137931.0,734681.0,635.7609049740577,180,3,0,8,26598.0,70,340486.72441547806,20458.8197581651,0,6,0.0,0.75,0.20571078076204652,0.14832648032831705,0.07811758313238626,6,0.7805555555555556,1,0,0
51,131992.0,561464.0,612.8437689530678,45,5,5,6,28592.0,14,244915.09434682308,25979.7468873534,3,0,0.6,0.0,0.15462748648076088,0.1968281932795427,0.11674249835949681,1,0.4452777777777778,0,0,1
42,139972.0,208432.0,647.7223295694201,60,3,0,5,26119.0,13,92234.7123305433,9181.48316623258,0,0,0.0,0.0,0.054912597001866625,0.06559514164427585,0.28317971986942225,2,0.4955555555555555,0,0,1
64,44171.0,221283.0,723.4012049865505,90,4,3,8,21672.0,138,114462.99385983363,3633.1920268858985,0,3,0.0,0.375,0.2159467257171629,0.0822528814581037,0.1893363022335287,3,0.7208333333333333,0,0,0
61,90746.0,817029.0,800.06799718638,15,1,1,8,13441.0,18,401539.423962705,40224.97268037878,0,7,0.0,0.875,0.3687393236457668,0.4432699257309278,0.033473674558163434,0,0.265,1,1,1
65,112954.0,1419249.0,559.2257468018684,45,3,5,2,6117.0,20,321959.0189797509,41947.32751404321,3,1,0.6,0.5,0.23752959831712536,0.3713664634633852,0.018999312457169334,1,0.34194444444444444,1,1,1
45,51773.0,917007.0,589.8585761169479,90,4,4,4,27389.0,33,337116.69253131334,17271.12049604582,3,0,0.75,0.0,0.5426198541893029,0.3335931952184695,0.08124486448399748,3,0.5191666666666667,1,0,0
59,37241.0,685358.0,624.5987618890283,90,3,3,5,15918.0,60,169168.2666068889,29425.039710131616,0,0,0.0,0.0,0.3785439582872124,0.7901248545992754,0.09409566178856729,3,0.6583333333333333,0,0,0
38,39994.0,1400361.0,733.6019314205615,15,1,2,1,13560.0,29,842418.1928662789,62856.41610601428,2,0,1.0,0.0,1.7553011969842953,1.571646149572793,0.016096518468888817,0,0.22694444444444448,1,0,1
43,145841.0,1050980.0,665.6536789918865,120,6,5,4,11743.0,106,490924.5950037454,18749.89088984129,0,0,0.0,0.0,0.28051359300182244,0.12856392159846194,0.023920170469174416,4,0.8833333333333333,0,0,0
58,124414.0,1090978.0,629.3123543827464,5,0,1,0,6546.0,147,713438.8237451847,31809.455943963498,1,0,1.0,0.0,0.4778661188620149,0.25567424842834,0.009175278639360957,0,0.30972222222222223,0,1,0
24,63573.0,884138.0,730.1713105393795,15,6,5,5,11470.0,95,190710.68975021853,44931.203128370355,5,1,1.0,0.2,0.24998910668341714,0.7067654999507709,0.06014345611681611,0,0.5091666666666668,1,1,1
55,137427.0,1156184.0,746.9473186439378,120,5,6,2,23946.0,119,472511.3635489853,48302.49876643311,5,0,0.8333333333333334,0.0,0.28652264083779344,0.3514775027209581,0.05067814627810008,4,0.7250000000000001,0,0,1
21,130624.0,777488.0,678.6868028403459,60,0,1,2,16799.0,160,221789.18347263293,28267.02857352259,1,2,1.0,1.0,0.14149338525885552,0.2163999615194956,0.07574309863525364,2,0.31666666666666665,1,1,1
49,150273.0,951995.0,622.864654136562,45,1,4,9,11865.0,161,208549.53283332253,33476.4467736826,0,0,0.0,0.0,0.11565036790448192,0.22277086884325592,0.05689295889951849,1,0.5708333333333333,0,0,0
44,165434.0,944037.0,698.9195697064775,60,2,2,1,3244.0,118,689227.332754776,37135.25617423801,0,0,0.0,0.0,0.347181420160898,0.2244717299602138,0.004706719896081371,2,0.6333333333333333,0,0,1
43,160921.0,1141342.0,663.6712254083203,180,6,6,1,12448.0,12,283283.8989470038,46932.93880954887,3,0,0.5,0.0,0.14669925975427064,0.2916520454729269,0.04394178435933186,6,0.7516666666666666,1,0,0
45,47323.0,1352596.0,663.1290729350178,15,3,6,3,6459.0,142,380331.31389466143,24013.26324406366,0,1,0.0,0.3333333333333333,0.6697435952473101,0.5074332405820353,0.016982561687752376,0,0.5458333333333334,0,0,0
45,142619.0,476685.0,644.1319846978714,15,1,2,0,11931.0,136,202630.8204827868,13521.614104964005,2,0,1.0,0.0,0.11839868255210666,0.09480934591438732,0.058880480134133995,0,0.36250000000000004,1,1,1
40,81642.0,1064002.0,744.7488273125463,45,6,1,10,4490.0,54,393225.4456506928,38374.379218509224,1,8,1.0,0.8,0.40137168537710655,0.47003232672532796,0.011418386194642461,1,0.4275,1,1,0
43,83305.0,95901.0,697.4916158428756,120,0,0,11,28433.0,29,80543.79902559255,4240.134104148677,0,6,0.0,0.5454545454545454,0.0805711932312912,0.05089891488084361,0.3530128991179755,4,0.4932323232323232,1,1,0
48,122833.0,822096.0,752.4990617322741,45,5,4,9,5219.0,23,732886.1096906597,36756.72526854523,3,9,0.75,1.0,0.4972103789227784,0.29924145195953233,0.0071211610248731036,1,0.34277777777777774,1,1,1
58,115554.0,1353130.0,773.5428301834688,90,5,6,9,3724.0,49,631641.7957930845,53070.26370795151,6,6,1.0,0.6666666666666666,0.4555170423878912,0.4592680799275794,0.005895746647550729,3,0.48388888888888887,0,1,0
48,85984.0,985519.0,712.1286538206648,120,2,1,1,19656.0,133,296494.50041049294,37904.03958336161,0,0,0.0,0.0,0.28735433376218533,0.4408266605805919,0.06629465292876095,4,0.75,1,0,0
52,179916.0,438161.0,644.5466019580393,180,0,5,6,10313.0,170,229413.98593331443,13017.778239528747,1,6,0.2,1.0,0.10625976656389391,0.07235475577229789,0.04495366731040435,6,0.67,1,1,1
61,46320.0,929271.0,752.8228362553849,45,6,5,1,29884.0,27,484848.4942966703,44965.56762062981,0,0,0.0,0.0,0.8722806820248099,0.9707592318788819,0.061635748798911406,1,0.5974999999999999,1,0,0
69,33700.0,568730.0,712.5965291594848,45,6,3,3,12122.0,74,284097.1165601391,29378.322106893793,1,0,0.3333333333333333,0.0,0.702515125025072,0.8717602999078277,0.042668507680661216,1,0.6519444444444444,0,0,0
26,22709.0,678025.0,850.0,0,2,1,5,19533.0,150,112045.10367614572,33123.34949758266,0,1,0.0,0.2,0.4111626215602688,1.458600092367901,0.17433158040049682,0,0.49666666666666665,1,0,0
55,149906.0,380741.0,701.707202194628,0,1,4,8,25024.0,15,93769.92751569225,18990.157845014844,3,8,0.75,1.0,0.052127070472880926,0.1266804387083562,0.26686594159745164,0,0.10416666666666666,1,1,0
32,83868.0,955907.0,728.8381627309859,45,1,4,3,29541.0,169,244479.37276344324,49088.121624548425,4,3,1.0,1.0,0.24292079295583857,0.5853021608306914,0.12083227990192731,1,0.3208333333333333,1,1,1
30,88849.0,337590.0,700.3296723907222,90,0,5,3,24288.0,3,139701.77270938986,7792.436508440734,0,2,0.0,0.6666666666666666,0.13102921127361203,0.08770426801022785,0.17385606158716635,3,0.365,1,0,0
59,123171.0,693176.0,673.0630985692318,120,4,3,9,17310.0,50,405917.5588583289,24645.91625811963,2,9,0.6666666666666666,1.0,0.27463009343265926,0.2000951218884285,0.04264412716879153,4,0.5277777777777778,0,1,0
24,88534.0,1411911.0,661.8845915288704,30,3,0,2,24432.0,5,1141364.3493256401,51367.59805249967,0,1,0.0,0.5,1.0743182932787028,0.5802019343133674,0.021405960344245308,1,0.3694444444444444,1,0,1
62,110985.0,1148540.0,700.5970691260997,60,2,1,5,8499.0,136,364681.13678564527,39529.29677449791,1,1,1.0,0.2,0.2738216401508051,0.35616792156145344,0.023305290958867443,2,0.4633333333333333,0,1,1
58,27469.0,650815.0,716.4823026269698,120,4,2,3,26105.0,76,474053.6742178128,31850.587234536866,0,0,0.0,0.0,1.438147469929171,1.1595102564540707,0.055067603986137595,4,0.7855555555555556,1,0,0
69,43311.0,1454923.0,760.8071529751097,15,4,3,10,26169.0,78,465074.7130252237,40740.10979448217,0,0,0.0,0.0,0.8948356326437927,0.9406411718612401,0.05626837853594655,0,0.5858333333333333,1,0,1
53,168990.0,70224.0,701.6195390812635,5,0,2,6,11515.0,98,12251.456423905,1506.4837484086222,2,5,1.0,0.8333333333333334,0.00604150956856668,0.008914632513217481,0.9398882550430471,0,0.2263888888888889,1,1,1
63,91012.0,1441804.0,647.597757720234,180,2,6,1,2015.0,53,918996.8567849639,37446.568869852454,1,0,0.16666666666666666,0.0,0.8414612512498021,0.4114465001302296,0.0021926081521642135,6,0.7594444444444444,1,0,0
26,45116.0,560591.0,657.1202202380712,45,6,1,1,20539.0,136,174329.6169732956,11618.307912897,0,0,0.0,0.0,0.3220025729476897,0.2575207889196072,0.11781704311979434,1,0.7374999999999999,0,0,0
64,77854.0,1240066.0,587.3944139967773,5,5,4,11,3072.0,77,1041334.580679656,38679.64488179719,3,4,0.75,0.36363636363636365,1.1146232913312697,0.4968228335319597,0.00295006048679856,0,0.44863636363636367,1,1,1
28,72235.0,1423903.0,796.2849690500617,15,5,2,11,522.0,143,1210409.477675063,28011.652025901647,0,1,0.0,0.09090909090909091,1.3963792686775376,0.3877850353139288,0.00043125901575279303,0,0.6367424242424243,0,0,0
36,62420.0,922550.0,642.1178470535406,15,6,6,9,28428.0,116,211055.3070230153,17069.970817988513,2,0,0.3333333333333333,0.0,0.2817677387362695,0.2734695741427189,0.1346945518735521,0,0.6291666666666667,0,0,1
27,65565.0,935214.0,747.7208322096535,5,0,6,0,17028.0,121,276859.82678625645,30899.66693669253,0,0,0.0,0.0,0.3518897617965079,0.4712829548797763,0.06150404772573268,0,0.45972222222222225,0,0,1
40,136141.0,1136531.0,699.3585600209774,30,1,5,8,19505.0,177,349835.84193550044,44376.56882976148,3,6,0.6,0.75,0.2141381863506098,0.3259603560261896,0.05575472167770664,1,0.3766666666666667,1,0,0
57,35296.0,397634.0,701.2612281587585,120,3,5,7,26414.0,91,331459.30422194116,15629.272839423396,1,5,0.2,0.7142857142857143,0.7825705089857707,0.44280578080868643,0.07969002427614312,4,0.6819047619047619,1,0,0
34,68163.0,308170.0,671.7786487309364,90,3,4,11,27868.0,54,64258.94711170083,5760.149117297314,1,2,0.25,0.18181818181818182,0.07856039580576563,0.08450551057461253,0.43368279831222994,3,0.5893181818181819,0,0,1
61,93808.0,548321.0,624.8540777961329,180,5,4,5,28695.0,131,391159.05707220745,29534.212935891304,1,0,0.25,0.0,0.34748196411127646,0.3148368256000693,0.07335890472479317,6,0.9291666666666666,0,0,0
50,105502.0,744576.0,612.2025219655618,120,5,3,5,3986.0,127,272349.87025847554,14794.614586123062,1,3,0.3333333333333333,0.6,0.21512220167901677,0.1402306552114942,0.014635586189988116,4,0.7400000000000001,1,0,0
51,160641.0,1127170.0,800.9925772163456,15,4,0,7,9717.0,87,661452.5734333945,46685.73412054895,0,0,0.0,0.0,0.34313187658266703,0.2906215357259289,0.014690395638741076,0,0.6058333333333333,1,0,0
67,167562.0,423091.0,687.9772755186073,0,1,6,1,23047.0,60,119718.48237055005,21385.39685720664,5,0,0.8333333333333334,0.0,0.0595393955523677,0.12762677013407958,0.19250995789159292,0,0.29166666666666663,0,1,1
42,66180.0,868936.0,758.7687422331355,5,4,6,8,863.0,167,655957.3909545993,43786.24262212803,6,6,1.0,0.75,0.8259763661662628,0.661623490814869,0.0013156342346323693,0,0.3680555555555556,1,1,1
37,105362.0,55067.0,776.9434856351676,120,5,3,5,7044.0,45,35963.09885242254,1954.0612313269985,2,1,0.6666666666666666,0.2,0.028444077602632307,0.01854616684693721,0.19586743703332182,4,0.6300000000000001,0,0,0
69,21621.0,94840.0,651.240714893055,30,5,6,2,15443.0,14,15730.167465688723,2475.1449469155805,3,2,0.5,1.0,0.06062843017470947,0.11447874505876604,0.9817441571226051,1,0.33111111111111113,1,1,0
48,117957.0,1451769.0,709.6454036149491,90,4,2,9,10300.0,113,475961.61838376586,69851.54483589681,1,8,0.5,0.8888888888888888,0.3362536195278547,0.5921780380638437,0.021640400406604116,3,0.5944444444444443,1,1,1
51,42770.0,1282923.0,683.1507542843943,45,0,0,3,5183.0,14,641157.0588445169,50680.06656483743,0,0,0.0,0.0,1.2492343910149577,1.1849442732017168,0.008083822720973736,1,0.3686111111111111,1,0,1
35,29865.0,1302580.0,598.9950337888178,180,1,5,10,26969.0,137,714310.8899550254,60754.75893024316,3,7,0.6,0.7,1.9931661642810017,2.0343130396866953,0.03775526928015619,6,0.6733333333333333,0,0,1
31,126818.0,526640.0,667.0164016867021,45,5,3,3,13437.0,151,405751.6890393685,16325.672187904058,0,3,0.0,1.0,0.26662335593749076,0.1287330835362808,0.033116313161413016,1,0.6041666666666666,1,1,0
29,46857.0,794862.0,721.1254613167459,180,6,6,5,12337.0,129,349916.87586302793,40964.919264945915,3,3,0.5,0.6,0.622313414329819,0.8742539911847945,0.035256944866040744,6,0.865,1,0,0
31,95334.0,1028320.0,645.06795214924,15,5,1,5,19723.0,42,869067.4799200824,53661.54934045113,1,1,1.0,0.2,0.7596690581884763,0.5628794484701274,0.02269444025429842,0,0.3691666666666667,0,0,0
30,34354.0,418520.0,657.2609763239698,90,2,3,8,20116.0,169,123636.68861395425,18621.580259887847,3,8,1.0,1.0,0.29990852257367956,0.5420498416454517,0.16270251351369183,3,0.44166666666666665,1,1,1
57,138798.0,1129448.0,667.8643201230049,45,4,4,2,14779.0,15,895973.8597376924,59524.92888852565,0,0,0.0,0.0,0.5379363413844174,0.4288601340691195,0.016494900871691434,1,0.5041666666666667,1,0,1
23,141899.0,1054814.0,827.8070531917073,5,1,0,2,26618.0,19,873622.9533482498,34956.46033245521,0,0,0.0,0.0,0.5130544456199185,0.24634747484094469,0.03046852180106278,0,0.3352777777777778,0,0,1
51,111118.0,640541.0,551.6165744026893,15,4,6,2,8879.0,54,397145.1723341108,14590.59186702802,4,0,0.6666666666666666,0.0,0.29784041314496806,0.1313071857577352,0.0223570639114562,0,0.4325,1,1,1
67,153419.0,680461.0,715.1150309319081,15,1,4,2,26126.0,97,595840.8136982099,28059.599938496678,0,2,0.0,1.0,0.3236457097329372,0.18289520814564478,0.04384728168895237,0,0.4125,0,1,0
58,88762.0,495662.0,662.2662645923484,5,5,1,5,26049.0,127,226983.69033760353,20388.85987852807,0,1,0.0,0.2,0.21310141195707202,0.22970257405790845,0.11476154943668461,0,0.6063888888888889,0,0,1
40,48205.0,1214856.0,635.1541564048297,180,5,5,7,267.0,52,819374.6600970714,42098.26043319632,0,1,0.0,0.14285714285714285,1.416475918986743,0.8733172997240187,0.00032585825874621076,6,0.8679365079365079,1,0,0
23,42516.0,1481008.0,660.5487004990614,5,0,6,10,22641.0,164,233367.25818898337,37654.24700266459,0,0,0.0,0.0,0.45741065753477783,0.8856488616677154,0.09701875136941905,0,0.45972222222222225,1,0,0
61,53522.0,1499301.0,726.7163370683396,60,6,2,5,4746.0,147,533766.659815586,59932.635534734225,0,1,0.0,0.2,0.8310704940890133,1.1197757097031917,0.008891525749547042,2,0.7466666666666666,0,0,0
21,50449.0,1168525.0,730.7166515814392,60,5,4,4,14567.0,41,671641.0073404056,25977.700767987484,2,3,0.5,0.75,1.1094389174222243,0.5149299444585123,0.021688669751841187,2,0.4744444444444445,1,1,1
54,70359.0,556169.0,693.0211985704327,45,2,5,1,27558.0,11,448800.7529570228,25100.996025312572,5,1,1.0,1.0,0.5315604648505318,0.3567560088306055,0.06140364029790065,1,0.1786111111111111,0,1,0
53,52722.0,1182567.0,756.4918921519638,60,3,1,1,5866.0,126,1022558.8903500153,60633.1443970915,1,1,1.0,1.0,1.6162748162532012,1.1500539508571659,0.00573658891958008,2,0.4166666666666667,0,1,0
30,113754.0,404384.0,768.8183096570403,180,0,3,9,16872.0,31,236392.78866630295,8760.917988424764,2,6,0.6666666666666666,0.6666666666666666,0.17317544047264488,0.07701635097161211,0.07137273558635018,6,0.5022222222222222,0,1,0
57,42034.0,1350031.0,737.146315936543,180,6,3,7,23329.0,50,1069093.4639138873,64546.13262576472,0,0,0.0,0.0,2.119501403454916,1.5355696014123026,0.02182129139073952,6,0.9111111111111112,1,0,0
29,118730.0,437704.0,641.7665284196946,120,0,2,6,14405.0,138,328026.0167878056,10040.43982959978,2,5,1.0,0.8333333333333334,0.2302324719867245,0.08456531482860086,0.04391419967556521,4,0.45,1,1,0
32,72124.0,634157.0,714.6109084449014,45,6,2,5,2344.0,34,463096.6319269182,22206.257549573584,1,1,0.5,0.2,0.5350699627573325,0.30788998876342943,0.00506157859591151,1,0.5180555555555555,0,1,1
60,129254.0,185352.0,714.9440461396998,90,4,4,6,1957.0,63,43297.11892964379,9669.785051009896,0,6,0.0,1.0,0.027914751142223703,0.07481226926060235,0.04519931229558374,3,0.5983333333333334,1,0,0
68,101093.0,167968.0,622.9057996447414,5,6,5,10,15535.0,166,85492.22601392698,3075.2301523098204,3,3,0.6,0.3,0.0704732490659813,0.030419812967364904,0.1817124284197407,0,0.5397222222222222,1,0,0
33,164641.0,621366.0,570.1392774162019,120,2,2,2,751.0,122,319813.72777555895,11551.609510935024,2,0,1.0,0.0,0.16187428393472209,0.0701624110090137,0.0023482419132647174,4,0.6,0,1,0
66,89260.0,847792.0,538.4057065037812,5,6,1,5,464.0,111,627869.3931091283,45228.80398235221,0,2,0.0,0.4,0.5861802534815225,0.5067085366609031,0.0007390071965482053,0,0.6197222222222223,1,0,1
65,65796.0,75266.0,684.8898843078506,5,2,5,2,28602.0,179,44375.376020596195,1607.2282232797743,4,1,0.8,0.5,0.056203234265249404,0.02442744579123008,0.6445466509787949,0,0.35638888888888887,1,0,1
58,113437.0,1276945.0,700.8627800406842,120,2,1,1,15987.0,138,976721.8544735681,36625.215370700695,1,1,1.0,1.0,0.7175215130230643,0.32286833546991456,0.016368017083652382,4,0.5,1,1,0
27,124718.0,215873.0,597.275289564331,90,2,0,8,14215.0,82,187234.84198084899,7201.4714722738,0,4,0.0,0.5,0.12510546591834446,0.05774203781550217,0.07592069857091,3,0.6238888888888889,1,0,0
35,89156.0,1497680.0,753.2222632785954,5,6,2,8,3011.0,119,847683.7206034997,22866.33736149278,1,0,0.5,0.0,0.7923225587766571,0.2564755861803219,0.0035520323521800673,0,0.5847222222222223,0,0,1
54,108675.0,443958.0,690.6552704507488,180,3,5,10,23592.0,95,330208.5353561068,9999.3617868929,2,0,0.4,0.0,0.25320798662380706,0.09201161064543731,0.07144576070560284,6,0.8399999999999999,1,1,1
69,94280.0,599544.0,774.4616830440747,5,3,5,0,15312.0,65,341991.8823743801,28859.779976082627,5,0,1.0,0.0,0.30228387283833624,0.3061071274510249,0.04477299254500399,0,0.35416666666666663,1,1,0
60,67545.0,281801.0,705.9375108988513,0,4,2,2,6600.0,175,174512.88080144988,10075.556232257044,1,1,0.5,0.5,0.21530446467965786,0.14916805436756303,0.03781955790133955,0,0.45833333333333337,1,0,0
41,68797.0,1245416.0,605.3566499684594,180,3,3,6,22586.0,106,631431.822007007,38303.91437197562,1,0,0.3333333333333333,0.0,0.7648490268555884,0.5567672190935015,0.03576949911743498,6,0.8499999999999999,0,0,0
32,165001.0,1111630.0,712.0796849303105,15,3,6,9,7112.0,134,966780.7456696245,46998.36811414792,5,5,0.8333333333333334,0.5555555555555556,0.4882701446605498,0.2848368683471489,0.00735637323338912,0,0.3986111111111112,0,1,0
68,127404.0,163899.0,726.9077486410471,15,2,5,11,15093.0,73,125084.92743401298,4587.658650033836,1,10,0.2,0.9090909090909091,0.08181645751180822,0.03600874894064422,0.12066201987415412,0,0.3871464646464647,1,1,0
34,33468.0,203126.0,641.6663489879096,120,1,5,9,16807.0,35,145023.03387392528,6610.032425062126,5,8,1.0,0.8888888888888888,0.3610987457519752,0.19750306038789667,0.11589193489505291,4,0.35555555555555557,1,0,1
37,173856.0,933228.0,579.0534901883087,60,6,0,10,8370.0,22,370666.49057783524,51093.35026028506,0,6,0.0,0.6,0.17766930226635608,0.2938831576723556,0.022580945979098176,2,0.5555555555555556,1,0,0
68,133344.0,1305691.0,687.0207245014624,45,3,1,9,26280.0,144,671205.1385209946,60024.503273311835,1,3,1.0,0.3333333333333333,0.41946965400330133,0.45014776272882046,0.039153454721619345,1,0.4541666666666667,0,1,1
48,26126.0,209229.0,609.9408755278671,180,6,0,3,21105.0,93,166793.53640479097,7774.726226423084,0,2,0.0,0.6666666666666666,0.5320164344739308,0.2975857852875712,0.12653368023075132,6,0.9333333333333333,1,0,0
33,135915.0,370616.0,758.4621364142793,0,3,6,6,8657.0,92,315871.357352446,13368.051819341645,4,0,0.6666666666666666,0.0,0.1936696693720622,0.09835597115360074,0.02740672681613423,0,0.45000000000000007,1,0,0
21,113519.0,840751.0,651.4976323701385,180,4,2,7,4697.0,21,755131.0266299418,41004.164751972035,0,5,0.0,0.7142857142857143,0.5543352703291532,0.36120970720295315,0.006220112582265546,6,0.7085714285714285,0,1,0
42,166282.0,207456.0,800.7220774545309,15,3,3,4,9863.0,141,145389.714304699,8097.9781539654805,1,0,0.3333333333333333,0.0,0.07286302501408201,0.0487002691449795,0.06783836151799376,0,0.5291666666666667,1,0,0
69,97278.0,491606.0,531.3088932736815,60,6,3,10,13960.0,47,343204.36303190794,14045.74689371148,3,0,1.0,0.0,0.29400649258817335,0.14438770219074695,0.040675473576954876,2,0.5211111111111111,0,1,1
42,102010.0,64654.0,689.4356922901603,15,0,3,9,16518.0,107,14250.16268768244,2050.286199593934,2,6,0.6666666666666666,0.6666666666666666,0.011641148488450838,0.02009887461615463,1.159144661153787,0,0.3125,1,0,1
55,68983.0,773778.0,780.0574848070924,15,3,0,6,12005.0,63,552211.0218535371,17282.786462465283,0,4,0.0,0.6666666666666666,0.6670858784694986,0.2505368926034716,0.021739877555692986,0,0.4525,1,0,1
33,70102.0,1087047.0,617.6786978878893,15,1,6,5,1200.0,40,445750.12931874616,58027.46372394059,0,3,0.0,0.6,0.5298828009171709,0.8277576064012524,0.002692091198793363,0,0.34138888888888896,1,0,1
59,118103.0,647369.0,668.8559345061075,60,6,2,9,20284.0,29,516903.20530994213,26599.26089617446,2,4,1.0,0.4444444444444444,0.3647262737539423,0.2252208741198315,0.03924138947414234,2,0.4366666666666667,1,1,0
59,152093.0,422094.0,651.7874999945169,120,3,6,2,11362.0,146,66875.76476473933,13060.777327178055,0,1,0.0,0.5,0.03664192564458332,0.0858736255263428,0.1698971225221889,4,0.7333333333333334,1,0,1
50,162288.0,665322.0,632.1362650493402,5,6,5,2,10063.0,17,566048.7930346488,19557.484058045116,2,1,0.4,0.5,0.29066063265852926,0.12051096851304542,0.017777619392227956,0,0.3875,1,1,0
58,142871.0,788772.0,697.1235848779997,60,1,4,4,16688.0,0,404569.54370715324,40447.985663565814,2,0,0.5,0.0,0.23597601082278957,0.2831084381264624,0.04124877974521871,2,0.32499999999999996,1,0,1
49,116782.0,290292.0,589.3204879300628,120,1,4,1,25057.0,55,71402.19905631173,8538.24890828292,1,1,0.25,1.0,0.05095120185210601,0.07311271350279083,0.35092756709409834,4,0.5013888888888889,0,1,1
39,99051.0,211843.0,672.2321853068842,90,4,6,5,144.0,159,127264.45725109386,9586.868486049476,3,0,0.5,0.0,0.1070698068428502,0.09678719534431228,0.0011315020950106028,3,0.6833333333333332,0,1,0
57,73016.0,313635.0,716.1195966379202,180,1,2,5,28823.0,126,209830.24874971935,15185.282407768753,0,0,0.0,0.0,0.23947975871694716,0.20797198432903408,0.13736341719910652,6,0.8333333333333333,1,0,0
61,142392.0,1478679.0,664.943440202935,0,2,2,6,19140.0,147,1086605.3964030435,75992.29122804625,1,3,0.5,0.5,0.6359237155195069,0.5336837127650869,0.01761449010225658,0,0.39166666666666666,0,0,1
62,69539.0,1098279.0,609.9857060009957,30,2,4,5,16403.0,36,742860.1465877446,32862.78570170231,3,4,0.75,0.8,0.8902200522821062,0.4725806482937965,0.02208087225481886,1,0.2625,1,0,0
31,61395.0,231807.0,752.1129779021051,30,1,1,10,1528.0,174,130978.25010587767,10573.430338985527,1,0,1.0,0.0,0.1777808319161138,0.17221973025467102,0.011666059049993604,1,0.3916666666666667,1,1,1
54,158594.0,486975.0,731.1179873131795,45,0,5,3,21336.0,21,102974.76877824911,13671.954936198388,2,1,0.4,0.3333333333333333,0.05410816759474355,0.08620726468970068,0.20719638658228973,1,0.29083333333333333,1,1,0
21,113500.0,647292.0,607.1168980087381,15,4,0,4,21598.0,6,516004.2114236995,34151.62110694377,0,4,0.0,1.0,0.3788577176385459,0.3008953401492843,0.04185624753024647,0,0.3258333333333333,0,0,0
49,75383.0,312749.0,589.4124704484221,15,5,6,8,16812.0,85,277581.4291542186,4830.848176267312,3,7,0.5,0.875,0.30685679480587863,0.06408405311896995,0.06056601139069572,0,0.47222222222222227,0,0,0
48,158159.0,1284891.0,613.3652908804323,120,2,2,3,24050.0,78,942474.2807521552,48578.66807563017,0,3,0.0,1.0,0.4965858623032071,0.3071508297070048,0.025517937721129695,4,0.6233333333333333,1,1,0
38,173954.0,1413847.0,718.169121584105,15,1,0,7,25160.0,52,248917.1403680398,50047.46564486685,0,5,0.0,0.7142857142857143,0.11924471429613567,0.2877051728897688,0.10107781233063878,0,0.3566269841269841,1,1,1
69,69513.0,405086.0,699.2901029273781,180,1,4,11,25163.0,30,290354.87217313657,20296.793156692038,1,2,0.25,0.18181818181818182,0.3480822198403375,0.29198557329840513,0.08666291635359741,6,0.6443181818181818,0,0,0
64,102469.0,73992.0,735.3057898712,0,4,1,4,9803.0,57,26062.259700956773,1750.0950458376717,1,1,1.0,0.25,0.021195239292661497,0.017079263443945697,0.3761377605964122,0,0.335,1,0,0
22,96335.0,437109.0,657.169484736457,30,5,2,2,20201.0,67,380973.3372669263,8082.808089756423,1,1,0.5,0.5,0.32955600877746605,0.0839031306353498,0.053024708093538604,1,0.49888888888888894,1,0,0
31,131667.0,894668.0,615.2686033749925,60,3,3,2,1719.0,108,176813.83627716076,43711.315621357375,3,1,1.0,0.5,0.11190720800527136,0.3319838351398405,0.009722089832977879,2,0.4666666666666667,0,1,1
31,172069.0,1222324.0,744.3192541890149,180,3,4,0,16847.0,64,267925.83581788995,35452.37796888932,1,0,0.25,0.0,0.1297569753112075,0.20603582265770895,0.06287934102574176,6,0.8047222222222222,1,1,0
64,106861.0,542341.0,641.2586040584185,90,4,0,3,4378.0,43,155124.57760645467,15183.79618504306,0,0,0.0,0.0,0.12097068279233043,0.14208922043629632,0.028222478136938588,3,0.6538888888888889,0,0,0
46,147310.0,446342.0,693.0583639097784,0,6,0,10,9226.0,107,319075.8731686231,8575.309386763267,0,10,0.0,1.0,0.1805013651305767,0.058212676578394316,0.028914752809042085,0,0.55,1,0,1
56,114487.0,410852.0,571.5052612619238,90,6,3,3,20300.0,104,262351.0736498515,21283.101770032426,0,3,0.0,1.0,0.19096132723209586,0.1858997245978358,0.07737723241450699,3,0.725,0,0,0
60,161700.0,54163.0,640.113270297404,15,1,2,11,12738.0,78,37666.44125993149,2183.760797001941,2,0,1.0,0.0,0.019411688961003655,0.013505014205330493,0.3381790148980793,0,0.3358333333333333,1,1,0
58,83543.0,70328.0,750.6577424659059,120,3,4,11,25902.0,19,29215.178341519404,3002.116025401933,2,7,0.5,0.6363636363636364,0.029141857428229976,0.03593497989540635,0.8865939374804072,4,0.4869191919191919,1,0,1
25,80410.0,670474.0,629.8607803331099,90,6,5,8,2611.0,173,542870.6069961481,34138.87325165681,0,1,0.0,0.125,0.5626068554866187,0.4245600454129687,0.004809617552232895,3,0.8125,1,0,0
27,86431.0,945451.0,737.015267501605,5,4,4,11,29157.0,93,458252.5901358747,46094.689258262806,4,3,1.0,0.2727272727272727,0.44182892532374063,0.5333119975270771,0.06362648161214926,0,0.4157828282828283,1,0,1
40,179433.0,68176.0,516.8286212668264,30,5,0,4,21213.0,49,17083.9396509454,2254.754498204567,0,4,0.0,1.0,0.007934224125878648,0.01256599676873578,1.2416925155097993,1,0.4838888888888889,1,0,1
37,117053.0,340406.0,640.8425838249769,120,6,6,11,12915.0,130,247000.47536439207,7281.584462907256,1,8,0.16666666666666666,0.7272727272727273,0.1758466074943203,0.06220758513585518,0.05228734876298074,4,0.7856060606060605,0,0,0
57,42715.0,1369198.0,668.0051747885307,180,0,5,6,740.0,75,749161.8652544023,57359.20403534436,5,2,1.0,0.3333333333333333,1.4615511047141954,1.34283516411903,0.000987770513050219,6,0.5833333333333333,0,1,0
28,24624.0,1485602.0,801.9778212339684,60,4,0,0,1253.0,29,884019.7380124672,60952.18393635873,0,0,0.0,0.0,2.991728049912237,2.475316111775452,0.001417389166917367,2,0.5644444444444444,1,0,0
39,102040.0,980629.0,598.1655983989883,5,3,5,9,12403.0,126,430339.82775276457,16556.139255647482,2,0,0.4,0.0,0.35144700424079167,0.16225146271704707,0.028821408570915898,0,0.4997222222222222,0,0,1
32,148522.0,806426.0,726.9695306812963,30,1,6,11,17173.0,16,550820.9368953321,41108.415188077925,2,10,0.3333333333333333,0.9090909090909091,0.3090568719871647,0.2767833397616375,0.031177101031770044,1,0.2363131313131313,1,1,1
30,95642.0,895370.0,753.9852246874156,120,4,3,10,15186.0,49,158190.35937675028,25437.07638585449,0,3,0.0,0.3,0.13783201886265994,0.2659613599240343,0.09599826474780696,4,0.6955555555555555,1,0,0
29,108753.0,587205.0,629.4957246929008,60,0,5,5,8918.0,119,304396.39913850627,18879.339465042285,1,3,0.2,0.6,0.23324751128590038,0.17359833259811025,0.029297324229982553,2,0.4766666666666667,1,0,0
30,147346.0,342304.0,653.8533235859118,5,3,6,1,19502.0,130,161009.1671480097,12169.337072776254,5,0,0.8333333333333334,0.0,0.09106070470638819,0.08259020993292152,0.12112353815278444,0,0.43472222222222223,0,1,0
48,101647.0,595120.0,689.9140141668332,15,2,6,7,18428.0,178,422451.00464491354,30637.23551885754,2,6,0.3333333333333333,0.8571428571428571,0.34633831187419334,0.30140816274811394,0.04362162664399259,0,0.41011904761904766,1,1,1
41,165196.0,1064921.0,576.2960522965229,5,2,6,10,10295.0,127,372085.4283282715,23236.144737999475,3,3,0.5,0.3,0.18769896987430662,0.1406580349282033,0.027668377249423646,0,0.4213888888888889,1,0,0
42,121345.0,1010811.0,648.142775169705,45,4,1,10,9767.0,41,328800.2146321062,30069.192986440772,0,8,0.0,0.8,0.22580261144677446,0.24779919227360642,0.029704968443917453,1,0.4819444444444445,1,0,0
44,136444.0,1032019.0,769.3278428662491,45,6,0,7,13283.0,128,402357.5850475551,36176.002113458744,0,0,0.0,0.0,0.24574036787226206,0.2651344296081817,0.03301292306551166,1,0.7374999999999999,1,0,0
57,144597.0,932645.0,716.5858367605094,45,6,4,9,22296.0,135,476029.1827981053,50993.250509311394,2,6,0.5,0.6666666666666666,0.2743424729870521,0.35265773501048703,0.046837464604467825,1,0.5958333333333333,1,0,0
63,119544.0,137672.0,669.027409736173,180,4,4,0,17621.0,121,42321.48095053722,4486.736246386545,2,0,0.5,0.0,0.029502025021844968,0.03753209066441264,0.4163606661258938,6,0.8583333333333333,0,0,1
46,26110.0,958375.0,687.9150653285539,60,2,3,7,3813.0,134,635551.4224643058,29653.57203003426,1,7,0.3333333333333333,1.0,2.0284419202869457,1.1357170444287346,0.005999514540012139,2,0.4833333333333333,1,1,1
52,87243.0,1327227.0,720.663375587084,60,6,1,1,27695.0,147,529176.6136612209,69548.11815081372,1,0,1.0,0.0,0.5054623424049502,0.7971770589137664,0.05233602408917177,2,0.6166666666666666,1,1,0
57,40920.0,990895.0,734.068710353708,30,6,6,8,6064.0,102,461901.1510006636,41082.303023244116,3,4,0.5,0.5,0.9406589096624788,1.003966349541645,0.013128350052523009,1,0.5833333333333334,1,1,0
54,100672.0,890149.0,641.0510096834629,60,5,2,0,20159.0,179,505778.27364566264,19176.453615040224,2,0,1.0,0.0,0.4186684427693091,0.1904844804418331,0.03985738623111154,2,0.5833333333333334,0,1,0
27,41192.0,374732.0,787.4304660295769,180,6,5,7,503.0,115,162130.23583423556,8256.1233272073,4,5,0.8,0.7142857142857143,0.32799701364794853,0.2004302613907385,0.003102444139501992,6,0.8085714285714286,1,1,0
69,100506.0,1199076.0,772.1443740843263,0,5,4,11,7633.0,9,810479.8116195906,48896.049946340725,3,10,0.75,0.9090909090909091,0.6719995254177119,0.48649881545719387,0.009417878015674312,0,0.2332575757575758,1,1,1
29,73701.0,704778.0,727.4080341247248,30,5,6,1,16941.0,31,452570.65450401406,23738.483309958257,0,1,0.0,1.0,0.5117192603718788,0.32209173973159466,0.037432829175736454,1,0.4438888888888889,1,0,1
41,21299.0,431225.0,620.9928093907877,0,5,4,5,25417.0,89,309458.3426225885,6623.065010423305,4,0,1.0,0.0,1.2107702342151765,0.3109566181709613,0.08213383353829389,0,0.46444444444444444,1,1,1
52,38229.0,760272.0,608.5843265260585,5,4,4,0,16882.0,78,412260.1022698772,25046.159944552957,3,0,0.75,0.0,0.898663541355771,0.6551612635578477,0.04094987583578622,0,0.4538888888888889,0,0,0
40,99493.0,226969.0,657.1377342382385,0,4,5,8,1651.0,146,96590.37817915076,11935.803195637762,4,2,0.8,0.25,0.08090215574558911,0.11996626089913624,0.01709279983289652,0,0.43833333333333335,0,1,0
32,30768.0,1393277.0,684.2535568351087,60,2,0,11,28668.0,121,419161.5104044298,62551.38745143514,0,10,0.0,0.9090909090909091,1.1352745016587305,2.0330014122281312,0.06839368426824198,2,0.5424242424242425,0,0,1
66,156667.0,1068551.0,556.2055694108664,120,6,4,0,8168.0,0,510408.9693513286,39904.07578960954,3,0,0.75,0.0,0.27149355498782374,0.25470632481383787,0.01600285357520381,4,0.5708333333333333,1,0,0
24,140908.0,523498.0,714.628519348168,180,4,4,6,10939.0,82,421290.778566321,11939.861041587768,2,6,0.5,1.0,0.24915238936417203,0.08473515372858723,0.02596543897121628,6,0.7405555555555554,1,0,0
33,132902.0,1201129.0,770.122358469393,15,4,5,9,3244.0,98,289195.31778036413,34142.81543831996,3,6,0.6,0.6666666666666666,0.18133368809371073,0.2569021943862392,0.011217332372108903,0,0.45583333333333337,1,0,0
69,45883.0,128551.0,720.3531897881614,90,5,1,0,20887.0,176,40050.23335773229,7053.024059462161,0,0,0.0,0.0,0.07273978263142539,0.15371758732999502,0.5215200574097892,3,0.7916666666666667,0,0,1
56,146904.0,609748.0,632.6763038037036,15,0,4,5,13411.0,118,395686.4260017459,25220.486117626915,4,0,1.0,0.0,0.22445861810079254,0.17168005035687875,0.03389299990781292,0,0.3291666666666667,1,0,1
25,120820.0,994508.0,624.3917621819656,15,6,1,1,6587.0,32,578021.7463385806,25908.4282276476,1,1,1.0,1.0,0.3986796793705379,0.2144382405863897,0.011395765023936686,0,0.3002777777777778,0,1,0
57,81258.0,84353.0,700.9896640921855,60,4,0,11,19107.0,34,70615.19826622901,3755.3646438644223,0,11,0.0,1.0,0.07241871391763376,0.04621532210815455,0.27057914541235134,2,0.4755555555555555,1,0,1
68,18067.0,1077652.0,669.2687399263274,90,6,4,6,5879.0,56,185113.62228784355,20103.161452329765,4,5,1.0,0.8333333333333334,0.8538293679445192,1.1127005840665172,0.031758872887584756,3,0.5161111111111112,0,1,0
25,103693.0,1236468.0,711.0128821979135,60,0,0,6,15929.0,72,1000163.1567067871,36875.549776322805,0,5,0.0,0.8333333333333334,0.8037854987855071,0.3556223638656689,0.015926401500780164,2,0.4433333333333333,0,0,1
41,146936.0,911488.0,722.1204960823944,0,1,0,11,19908.0,19,632679.716622828,22026.319774866886,0,6,0.0,0.5454545454545454,0.35881819103942536,0.14990417443558343,0.03146615811593681,0,0.27101010101010103,0,0,1
43,23424.0,348836.0,756.4323370226264,30,6,3,9,24337.0,142,255221.5043035098,17734.935051240187,2,9,0.6666666666666666,1.0,0.9079772324094583,0.7571266671465243,0.09535638490343824,1,0.5083333333333334,0,0,1
27,26526.0,1136172.0,600.7513599749335,15,4,6,3,20844.0,12,493098.99958574004,50452.64995106623,1,2,0.16666666666666666,0.6666666666666666,1.5491059073667974,1.9020074625298287,0.04227143031624757,0,0.34750000000000003,0,1,0
30,80045.0,541596.0,695.5133263494519,0,4,5,7,17024.0,12,206073.98381634706,18901.69741693837,2,4,0.4,0.5714285714285714,0.21453972121551113,0.2361383898674292,0.08261110735439449,0,0.29285714285714287,1,0,1
29,100874.0,1117049.0,654.5567497227073,0,2,0,3,1019.0,22,179602.90880583742,34977.043645549034,0,3,0.0,1.0,0.14837231662423536,0.3467399294719059,0.005673627486187354,0,0.26555555555555554,1,0,0
30,94855.0,960934.0,673.0955469245247,45,3,0,6,6980.0,24,711623.3957437185,47415.83524188481,0,0,0.0,0.0,0.6251852790607757,0.49987702537435885,0.009808558911564723,1,0.49083333333333334,1,0,1
40,87044.0,185442.0,740.508619686812,0,3,3,9,17335.0,101,50285.36352577101,4231.279742845398,3,1,1.0,0.1111111111111111,0.04814170948578785,0.048610814563271425,0.3447325182628121,0,0.38888888888888895,1,1,1
43,59343.0,194934.0,748.1188111135871,90,1,3,11,16092.0,147,62300.29844073465,3506.9625115728923,0,10,0.0,0.9090909090909091,0.08748616579424512,0.059096481667136685,0.2582973180346492,3,0.5674242424242424,1,0,0
32,27698.0,71987.0,777.8910555268558,0,3,0,11,16008.0,169,25729.67168801488,3532.4619324726477,0,0,0.0,0.0,0.07741134043377043,0.12753490983004723,0.6221610673507612,0,0.55,1,0,0
35,23061.0,154393.0,709.7913175257787,15,3,1,5,22064.0,145,123862.67093121396,7605.37521494593,1,5,1.0,1.0,0.44759070483794416,0.3297938170480868,0.17813276456998936,0,0.3291666666666667,0,1,0
30,34007.0,484503.0,672.2988246470944,180,2,0,10,27146.0,123,177291.90459213612,11978.395408699957,0,10,0.0,1.0,0.43444953635069283,0.352233228708794,0.1531147181392741,6,0.7666666666666667,1,0,1
60,129846.0,87270.0,662.2985071384732,90,2,3,10,15088.0,106,40952.531832863875,1990.7467803839324,2,2,0.6666666666666666,0.2,0.02628275792917756,0.015331598820017039,0.3684265495861742,3,0.5716666666666667,1,0,0
31,145328.0,1410784.0,558.5671498323732,60,5,4,6,4036.0,55,1002373.8719190314,61866.10472536567,0,6,0.0,1.0,0.5747767532289209,0.425699828837978,0.004026441743012647,2,0.5555555555555556,1,0,0
65,88484.0,1379127.0,773.7814531429023,0,4,2,0,13259.0,74,1129785.3213626477,28596.759482620415,0,0,0.0,0.0,1.0640203514784665,0.3231856548372634,0.011735857909720548,0,0.5477777777777778,0,0,1
47,30541.0,300281.0,657.4671110350031,0,3,4,1,7585.0,157,223224.96030543497,11974.617693216516,0,1,0.0,1.0,0.6090854924675981,0.39208335330265925,0.03397917504217078,0,0.45000000000000007,0,0,1
60,85339.0,501504.0,715.4127942002037,180,4,1,7,15872.0,19,276609.7469128827,21589.43857286866,1,4,1.0,0.5714285714285714,0.2701087690591667,0.25298443352826566,0.05738047981728869,6,0.5684126984126984,1,1,1
52,177674.0,1126178.0,727.5297568019703,120,1,5,9,17692.0,148,170767.3239103817,44911.075505307206,1,9,0.2,1.0,0.08009393791925179,0.25277235557992284,0.10360295866254085,4,0.5866666666666667,0,1,1
34,58497.0,1007955.0,592.8279143664903,180,3,0,10,16441.0,146,270516.6862640511,32332.308555516778,0,8,0.0,0.8,0.38537116755852313,0.552717379618045,0.060776287877310285,6,0.82,0,0,0
50,97560.0,893347.0,615.3657525278256,120,3,3,2,17451.0,10,303918.50479743845,42565.401611994166,0,2,0.0,1.0,0.2595996521776671,0.4362997295202354,0.057419998205213214,4,0.5055555555555555,0,0,0
34,105128.0,1484391.0,788.2913934938846,0,1,2,10,9316.0,43,683301.0483457502,77484.22868986698,2,9,1.0,0.9,0.5416421317709128,0.7370465403114963,0.013633814879332814,0,0.1388888888888889,0,1,1
26,71449.0,963202.0,700.330486097848,120,1,3,9,5307.0,55,406126.62088948,41637.6305437002,2,7,0.6666666666666666,0.7777777777777778,0.4736789188669307,0.5827601582065557,0.013067353202252172,4,0.4611111111111111,1,0,0
33,88960.0,1020703.0,639.3590034991039,45,3,3,5,25626.0,164,546897.523299378,32415.537028474868,0,2,0.0,0.4,0.5123065828269053,0.36438328494238836,0.04685704159967832,1,0.5974999999999999,0,0,1
34,94421.0,778030.0,671.1557092210719,90,6,4,4,12045.0,78,357131.8329943671,42657.869848980146,1,0,0.25,0.0,0.3151945656460313,0.45178371176941723,0.03372704107334498,3,0.7608333333333334,0,0,1
27,94785.0,811387.0,756.0365833382987,30,3,6,5,6230.0,139,563548.8637063446,26756.811827125774,3,0,0.5,0.0,0.49546241819762676,0.2822895165598541,0.011054941995671103,1,0.5333333333333333,1,1,1
22,134264.0,471999.0,745.4020135814013,90,6,3,8,29861.0,108,89289.4816746661,9275.033826189798,1,2,0.3333333333333333,0.25,0.05541910072361547,0.06908057130868883,0.3344290888461098,3,0.75,0,0,0
67,112101.0,805333.0,577.374276643225,120,5,1,9,984.0,14,721615.5195451936,17961.574680148016,1,4,1.0,0.4444444444444444,0.5364325619643548,0.1602267123410854,0.001363607036362213,4,0.4866666666666667,0,0,1
46,26650.0,1381348.0,794.3998690570324,180,5,3,2,10391.0,120,1080620.4448759996,39945.51409216506,3,0,1.0,0.0,3.3790507969856147,1.4988935869480322,0.009615772169841151,6,0.8166666666666665,0,1,1
40,19024.0,596529.0,747.6303621699076,45,6,3,4,22244.0,114,239342.34828082856,13030.977136668002,0,1,0.0,0.25,1.0484228180229735,0.6849756695052566,0.09293800349071679,1,0.7124999999999999,0,0,0
66,84532.0,243173.0,669.3267325460889,15,2,6,1,12326.0,156,108844.61930610544,11217.983286887968,2,1,0.3333333333333333,1.0,0.10730119886167905,0.1327069427777406,0.11324399936881947,0,0.39583333333333337,0,0,0
32,165046.0,919680.0,596.5794289839296,60,5,3,11,25269.0,165,802678.3398437082,14314.109163867857,2,0,0.6666666666666666,0.0,0.40528011374793904,0.08672799803611028,0.03148085446646062,2,0.6333333333333333,1,0,1
40,23976.0,1188535.0,753.7806048042648,45,1,6,4,10766.0,105,1012457.3667325954,37124.28533250451,0,1,0.0,0.25,3.518995963785297,1.5483936158034912,0.010633534165240023,1,0.5458333333333334,1,0,0
62,29516.0,1440247.0,713.3499250206233,5,2,4,3,19282.0,158,640737.3361878118,72197.11045266241,2,3,0.5,1.0,1.8090113164267172,2.4460330143875324,0.030093454698179308,0,0.3513888888888889,0,1,1
51,128040.0,836137.0,577.9541135345564,90,3,4,2,12825.0,25,162805.80016745024,16479.816608421635,0,0,0.0,0.0,0.1059602469068587,0.12870834589520178,0.0787748347221606,3,0.5805555555555556,1,0,0
40,91049.0,1192663.0,663.7545347249136,0,0,2,0,14068.0,110,1062632.648166164,45372.899221127125,1,0,0.5,0.0,0.9725831220607988,0.49833495393828736,0.01323881778362242,0,0.375,1,0,0
33,55362.0,413183.0,850.0,30,5,1,5,14937.0,103,264567.2871982317,21631.765996431706,0,4,0.0,0.8,0.3982383933598131,0.3907331020633595,0.05645822716097244,1,0.5950000000000001,1,0,1
22,51594.0,665128.0,681.1551230190095,90,6,0,9,29256.0,30,445470.38112694875,11881.748776300521,0,6,0.0,0.6666666666666666,0.7195125743415719,0.2302932274353708,0.06567440000385281,3,0.625,1,0,0
25,125731.0,657610.0,628.062058396504,180,0,3,3,22796.0,96,234074.04087142835,19063.476266512425,2,3,0.6666666666666666,1.0,0.15514208964073323,0.15162112976523232,0.09738798849771357,6,0.6000000000000001,0,0,0
28,102852.0,532045.0,609.4052362285352,60,6,6,4,11122.0,122,406497.4647036318,8782.185185861672,3,3,0.5,0.75,0.3293546914527929,0.08538662530492039,0.02736056424880485,2,0.6166666666666666,0,0,0
59,121393.0,1088435.0,804.0469288400594,180,0,0,7,12498.0,74,618352.3395701457,46027.492202420144,0,4,0.0,0.5714285714285714,0.42448379750764437,0.37916100765629107,0.020211777655257387,6,0.7073015873015873,0,0,0
52,63397.0,1331120.0,739.3431642704381,120,0,6,4,12176.0,119,669129.73154789,42196.467468064846,6,4,1.0,1.0,0.8795496784126089,0.6655909186249325,0.018196770261326458,4,0.43333333333333335,0,0,0
42,103272.0,523540.0,778.520737974206,15,5,6,8,22083.0,134,369567.667752418,27691.525514976354,0,2,0.0,0.25,0.298215447033415,0.26814166003346845,0.05975360381036881,0,0.6208333333333333,0,0,1
59,157321.0,246889.0,697.3729698864511,120,4,3,3,17733.0,105,105896.7672739136,10530.210228436541,3,1,1.0,0.3333333333333333,0.056093786628355194,0.06693454928735859,0.16745553671276528,4,0.6333333333333333,0,0,0
28,69286.0,1246877.0,767.7813464732951,30,6,2,5,16032.0,71,588592.793317191,48724.98921226693,1,3,0.5,0.6,0.7079265572135677,0.7032443670044011,0.027237846236014652,1,0.5311111111111112,1,0,0
31,82210.0,1281898.0,620.6175727316463,60,2,4,11,12912.0,47,819447.0421267942,65906.08461173128,2,8,0.5,0.7272727272727273,0.8306441249308623,0.8016796571187359,0.015756966998731452,2,0.3900505050505051,0,0,0
40,44526.0,1405626.0,691.3813686640541,5,4,5,10,11953.0,118,885108.3760335637,28374.656715596462,4,7,0.8,0.7,1.6565384569943473,0.6372604032609366,0.013504560937006358,0,0.40305555555555556,1,0,1
65,121478.0,419861.0,700.0937460480916,45,1,0,6,16658.0,162,368801.4834723418,19455.434701235557,0,6,0.0,1.0,0.25299607300110705,0.16015603402456047,0.04516793111340417,1,0.4708333333333333,0,0,0
51,23266.0,1092607.0,776.7712852312654,90,4,3,4,24935.0,83,625122.5103489152,48284.695182939606,2,2,0.6666666666666666,0.5,2.239041628516989,2.075332897057492,0.039888181255994776,3,0.5927777777777778,0,1,1
62,58318.0,1087662.0,702.3190128098319,180,6,0,11,28996.0,90,424992.05680629256,45605.709701063635,0,9,0.0,0.8181818181818182,0.6072911405373592,0.7820177252488706,0.06822715750947814,6,0.9181818181818182,0,0,1
33,133515.0,1195531.0,636.214178078465,180,4,4,5,1828.0,164,437061.216465203,48446.58779955798,4,0,1.0,0.0,0.27279158176060303,0.36285501853393237,0.004182480465286349,6,0.7833333333333333,1,1,0
62,21143.0,1219019.0,684.4851687244262,120,6,0,4,7124.0,53,671087.3363754124,24349.807001472527,0,0,0.0,0.0,2.64503356656818,1.1516722793110026,0.010615607855867465,4,0.8011111111111111,1,0,0
24,178232.0,1431145.0,562.6510758277832,60,2,2,7,20555.0,145,343001.386325262,68067.7392190034,2,6,1.0,0.8571428571428571,0.16037214899927343,0.3819052651544246,0.05992687149231538,2,0.3976190476190476,1,1,1
32,83473.0,741644.0,517.5321886710813,120,6,5,4,4456.0,45,438366.62002819957,29966.98805315376,1,2,0.2,0.5,0.4376331468740387,0.3590021690025968,0.010165007544856748,4,0.7033333333333334,0,0,0
46,82589.0,160073.0,738.1938959075801,0,3,5,10,18314.0,46,70862.90935189677,7340.774766827308,1,3,0.2,0.3,0.07150156129740519,0.08888320196185094,0.25844267710001656,0,0.3922222222222222,1,0,1
23,104910.0,328811.0,653.7679279585559,180,1,1,2,12706.0,50,136127.0335382614,16454.8873055426,1,2,1.0,1.0,0.10813001107160217,0.1568476532794071,0.09333928514962245,6,0.4944444444444444,1,1,1
63,121547.0,1335599.0,661.7007890713812,5,2,3,0,5723.0,9,393144.2711545805,49012.52908443686,3,0,1.0,0.0,0.2695420092327663,0.4032393155276301,0.014556997061645524,0,0.1963888888888889,1,1,0
63,92446.0,1274913.0,738.166267555663,30,3,1,5,15119.0,82,664943.652106633,67921.5121221814,1,2,1.0,0.4,0.5993982542120382,0.7347155325506934,0.022737264957866623,1,0.40055555555555555,1,1,0
47,161248.0,66052.0,777.790726953122,180,0,4,11,15271.0,63,11772.09827515604,1279.298783132606,4,0,1.0,0.0,0.006083847176996532,0.007933734267293895,1.297219887488374,6,0.59,1,1,0
35,173846.0,582887.0,717.4141568379308,90,6,0,0,21395.0,41,352872.76274016144,8837.449770001693,0,0,0.0,0.0,0.16915007283273772,0.05083493304419827,0.06063091929754366,3,0.7161111111111111,1,0,0
25,50456.0,405513.0,814.9650981152469,120,1,5,9,24777.0,136,147672.34935940948,11434.551991998655,3,5,0.6,0.5555555555555556,0.24389624847954897,0.22662422689072964,0.16778361086202387,4,0.571111111111111,1,1,0
51,132507.0,514986.0,715.1882393840094,90,4,0,0,28655.0,93,426821.69454761123,12185.600684415163,0,0,0.0,0.0,0.26842713626928594,0.09196193925162567,0.06713576269915583,3,0.7583333333333333,0,0,1
47,66747.0,976253.0,701.1549424505996,60,6,4,6,13172.0,35,531834.7341742668,36262.32760935484,4,0,1.0,0.0,0.6639933057843633,0.5432802614253052,0.024767092394691013,2,0.49444444444444446,1,1,0
58,179298.0,789523.0,696.8272175753219,5,3,2,5,20660.0,34,580647.1328490637,20694.831490981825,2,5,1.0,1.0,0.2698706124483001,0.11542142963659285,0.0355809902972008,0,0.18527777777777776,0,1,0
50,59037.0,747301.0,590.0153106506468,180,4,1,1,23616.0,145,589165.8661072934,31779.352752121187,1,0,1.0,0.0,0.8316336451537361,0.5382955223355046,0.04008378855352641,6,0.7833333333333333,0,0,0
27,65799.0,680875.0,746.9199023948086,60,3,3,8,29615.0,48,550989.5054418006,35959.14681923422,1,2,0.3333333333333333,0.25,0.6978189960356548,0.5464998984670622,0.053748755116948675,2,0.49833333333333335,0,1,0
26,133706.0,980341.0,508.81737859892996,90,5,0,2,19507.0,71,787187.5914822674,44870.46105980538,0,2,0.0,1.0,0.4906209590957445,0.3355904825498136,0.024780624353171635,3,0.6494444444444445,1,0,1
59,145826.0,1040425.0,638.9622999906956,30,0,4,5,7390.0,21,332001.2325374354,33095.99630939346,4,0,1.0,0.0,0.18972453045492313,0.22695538730674542,0.022258953509055802,1,0.20500000000000002,1,1,0
28,38830.0,113036.0,681.6051245397329,180,2,4,6,10259.0,144,42669.58243986618,6151.432402953486,0,4,0.0,0.6666666666666666,0.09157348793859169,0.15841958287286856,0.24042888196663062,6,0.8,1,0,0
66,108000.0,248936.0,624.7166373610646,45,4,3,6,6266.0,64,169513.8613677554,11413.042335329412,3,6,1.0,1.0,0.1307977325368483,0.10567631791971678,0.03696452873789533,1,0.3630555555555556,1,1,1
26,73999.0,544694.0,648.3770853849026,5,0,2,0,5932.0,126,301332.23246614455,25837.703302131955,2,0,1.0,0.0,0.33934268533600065,0.3491628711486906,0.019685912626909156,0,0.30972222222222223,1,0,1
56,117105.0,681749.0,808.756289635906,5,6,3,5,9196.0,73,413821.10841968784,15809.733307741086,3,0,1.0,0.0,0.29448010220150567,0.1350047675824353,0.02222216270000811,0,0.4719444444444445,1,0,1
68,108190.0,1494514.0,757.2816720047175,90,4,6,7,14950.0,144,983834.0620957784,63480.944731702315,6,7,1.0,1.0,0.7577980575036035,0.5867542724068981,0.015195651966098105,3,0.5083333333333333,0,0,1
42,177708.0,1342967.0,631.9920623435282,90,0,5,6,23613.0,72,316523.168682871,23938.94397286228,2,4,0.4,0.6666666666666666,0.148428493503796,0.13470943329992052,0.07460117405705045,3,0.45833333333333337,0,0,1
23,169254.0,990718.0,647.1303442319337,5,0,0,8,8734.0,161,273665.8641590075,24185.780858780457,0,1,0.0,0.125,0.13474120954256497,0.14289636202855152,0.031914831712168905,0,0.44722222222222224,1,0,0
63,123945.0,102290.0,590.6097236013709,90,1,2,9,5595.0,130,64276.700595248556,1601.6068845446591,0,8,0.0,0.8888888888888888,0.04321587572125308,0.012921916047800712,0.08704553824614937,3,0.5694444444444444,0,0,0
30,128065.0,195999.0,729.3495650204296,180,4,0,2,3796.0,86,121328.96499149833,8469.008149502379,0,2,0.0,1.0,0.07895011972533371,0.06613054425098489,0.03128684070012458,6,0.8244444444444444,1,0,1
46,163608.0,713140.0,662.5180284712667,45,3,1,9,5885.0,87,544178.3854932578,11294.60354656728,0,9,0.0,1.0,0.27717592532825297,0.06903454321651313,0.010814468484751887,1,0.5308333333333334,1,0,1
69,47725.0,901221.0,542.3473470373816,180,3,5,10,12983.0,111,604121.2222161476,29710.616740079036,1,10,0.2,1.0,1.054865064110612,0.6225378049257001,0.021490719945863504,6,0.7699999999999999,0,0,0
57,135571.0,1007771.0,687.0548514267041,5,3,5,10,12352.0,124,308133.51942216017,41272.953068594485,5,6,1.0,0.6,0.18940476418393323,0.30443791864480224,0.04008651841306842,0,0.34972222222222227,1,0,1
23,143076.0,255808.0,710.7285218521278,30,3,3,10,11965.0,127,51815.004047227485,6957.932122739872,0,0,0.0,0.0,0.03017918451686952,0.04863102213327093,0.23091766989141482,1,0.6083333333333333,0,0,0
61,38636.0,1337181.0,747.4198681222537,60,2,4,2,9526.0,5,592730.3223189977,39702.53221680805,1,2,0.25,1.0,1.2784499825702231,1.0276046230667786,0.01607138970506939,2,0.3069444444444444,1,0,0
28,160772.0,765175.0,674.8651643796258,30,0,2,7,13597.0,47,327842.48908460495,38049.36778352293,1,6,0.5,0.8571428571428571,0.16993137750178564,0.23666663214690947,0.04147418486836549,1,0.25206349206349205,1,1,1
57,131306.0,910990.0,653.9130186049533,0,0,3,5,19394.0,78,660979.7500831657,46511.98067591862,1,4,0.3333333333333333,0.8,0.4194906998938648,0.35422585925942923,0.02934129222197777,0,0.29333333333333333,1,0,1
51,74235.0,106999.0,819.038527634267,45,4,5,11,1335.0,96,69935.88583671351,5280.186900353931,5,2,1.0,0.18181818181818182,0.07850731442571283,0.07112799758003545,0.019088912423544064,1,0.5026515151515152,1,0,0
35,96459.0,1245502.0,680.4610309269686,30,5,1,9,26705.0,16,1001572.7294763452,56044.32335542801,0,7,0.0,0.7777777777777778,0.8652836347363001,0.5810170471954718,0.026663066209842035,1,0.43277777777777776,1,0,0
41,97314.0,837424.0,730.3693282118554,5,1,2,1,9168.0,35,442324.2872810415,21857.74962171759,0,1,0.0,1.0,0.37877753738845515,0.22461053519244498,0.020726874520853266,0,0.2708333333333333,1,0,0
26,166845.0,372901.0,642.2322249636619,30,1,0,11,4159.0,83,136677.28144633144,6707.402150449292,0,0,0.0,0.0,0.06826559653487341,0.04020139740746976,0.0304293438967258,1,0.5261111111111111,0,0,1
69,175017.0,512339.0,728.2936756145083,30,2,1,8,5240.0,80,270611.1994847105,17700.193053795472,0,0,0.0,0.0,0.1288499590919313,0.10113413584849171,0.019363574050068312,1,0.5527777777777778,0,0,1
32,148707.0,561573.0,578.1059705317132,120,4,0,6,16402.0,110,175001.03377342617,29188.1600022041,0,0,0.0,0.0,0.09806814394156864,0.1962796640521569,0.09372516062525475,4,0.8166666666666667,0,0,0
36,123657.0,89232.0,647.6552717996957,45,4,5,5,15622.0,12,17435.75037856319,2135.7630768628214,3,4,0.6,0.8,0.011750076406621535,0.017271671452993534,0.8959752038665827,1,0.3275,1,0,0
45,34869.0,1416091.0,595.4208032401763,30,3,5,5,2652.0,143,743111.1537703816,33111.00519636169,2,1,0.4,0.2,1.7759594333323334,0.949582872934747,0.0035687796994357287,1,0.5283333333333333,0,1,1
53,166201.0,1214334.0,637.6518674691373,30,0,2,9,14976.0,54,558841.164440748,56085.17195411171,2,8,1.0,0.8888888888888888,0.2802034707175589,0.33745387785940945,0.026798312209135502,1,0.18944444444444444,1,1,0
45,39694.0,1334663.0,767.532902816175,60,3,4,9,6644.0,99,232460.64373909467,51624.1341567055,0,9,0.0,1.0,0.48802640982494133,1.3005525811635386,0.028581182143920168,2,0.5666666666666667,1,0,1
45,45022.0,562778.0,637.1371877487411,15,5,1,6,27333.0,170,388854.4476069284,17542.913030896398,0,0,0.0,0.0,0.7197489516364748,0.38965201525690546,0.07029108235282273,0,0.6458333333333334,0,0,0
49,29276.0,859031.0,730.2779287831859,120,4,0,11,9273.0,68,543992.8428301853,42527.88536941121,0,8,0.0,0.7272727272727273,1.5484607495052412,1.4526535513530268,0.017046180151481682,4,0.695050505050505,1,1,1
63,171535.0,714478.0,786.2085627439928,30,5,3,2,29984.0,56,146719.22029011408,27365.315150980263,2,2,0.6666666666666666,1.0,0.07127759169174128,0.15953196228746475,0.20436313620472749,1,0.39944444444444444,0,0,0
40,97905.0,739458.0,678.0695880477676,30,4,1,5,17373.0,47,504693.16040747863,38311.838099401044,1,0,1.0,0.0,0.42957727763944525,0.3913164608487926,0.034422895657974455,1,0.3961111111111111,1,0,1
61,56226.0,903947.0,749.5636973539396,0,6,5,7,28931.0,117,191742.2740648304,26870.737419163128,3,0,0.6,0.0,0.28418388003300726,0.4779059050824019,0.15088482777782264,0,0.56,1,0,0
59,31085.0,704047.0,717.1760170697073,120,4,1,1,16646.0,172,378947.99964683375,23066.70600363234,0,1,0.0,1.0,1.0158919083342282,0.7420526300026488,0.0439268712739307,4,0.7166666666666667,0,0,0
68,84742.0,1171200.0,688.1505851408473,45,3,5,5,3779.0,100,722261.6414877049,21048.970898281965,0,0,0.0,0.0,0.7102554828063464,0.2483888850662241,0.0052321759635691936,1,0.6375,1,0,0
65,135235.0,135245.0,732.5220912521851,5,3,1,10,19291.0,35,70900.72548635979,4017.801235929414,0,2,0.0,0.2,0.04368982726757114,0.02970977362317014,0.2720846629941931,0,0.41750000000000004,0,0,1
60,179118.0,329338.0,808.7956662994297,5,1,0,8,14329.0,170,234012.56386635537,7307.539545851758,0,8,0.0,1.0,0.10887262580456988,0.04079734893116135,0.06123175509577894,0,0.3930555555555556,1,1,1
33,107482.0,1343946.0,635.3911761244013,30,3,3,8,24567.0,7,590227.4394675221,21924.173146888257,0,6,0.0,0.75,0.4576172750379304,0.20397995149781598,0.04162293779862775,1,0.3488888888888889,1,0,0
58,116355.0,1329397.0,612.8559369876748,120,1,1,1,11741.0,73,411736.42268744623,33541.319423004934,1,1,1.0,1.0,0.2948852095508331,0.28826710861591626,0.028515815830344272,4,0.4288888888888889,1,1,1
57,153413.0,1236316.0,608.7459818041259,0,3,2,1,5616.0,22,636462.8780352114,42807.52255975818,2,0,1.0,0.0,0.3457241118392897,0.27903451832477155,0.008823766780140952,0,0.2488888888888889,1,1,1
35,164096.0,584690.0,749.6099578815588,5,1,2,5,3408.0,5,237780.38524639962,14555.454335515828,0,4,0.0,0.8,0.12075268199021691,0.08870084789096522,0.014332553109746477,0,0.22416666666666665,1,0,0
54,63326.0,711564.0,759.0557336189847,60,3,6,3,22301.0,179,187466.70353588767,13778.40098648697,0,2,0.0,0.6666666666666666,0.24669527989541903,0.21757889313215692,0.11895979168231766,2,0.6,0,0,1
33,178686.0,86642.0,642.4074146666245,45,6,3,0,6985.0,15,43608.00908627055,2864.5024835541294,2,0,0.6666666666666666,0.0,0.020337355792782938,0.016030928464200494,0.16017699836242105,1,0.4708333333333333,1,1,1
46,102100.0,455187.0,530.4790515392457,180,3,5,6,20010.0,163,137044.425461452,9519.732137921603,3,6,0.6,1.0,0.11185473837859287,0.09323929615985899,0.1460110466560235,6,0.71,1,0,0
60,168682.0,1103332.0,632.767028205384,90,5,4,9,4034.0,98,554669.4363288864,20345.142531165413,1,2,0.25,0.2222222222222222,0.27402125317109827,0.12061240992616529,0.007272800222596139,3,0.7319444444444445,0,0,1
30,37031.0,547234.0,718.3497924464897,60,3,6,8,2391.0,57,325273.7096898031,29226.293807785172,0,0,0.0,0.0,0.7319851603831994,0.7892385786985275,0.007350732410191327,2,0.5933333333333334,0,0,1
37,33783.0,746377.0,675.3293802712017,30,6,3,1,21314.0,155,549817.2785719337,25405.367560294646,3,0,1.0,0.0,1.3562474187508848,0.7520163265634978,0.03876560601252811,1,0.5583333333333333,0,1,0
59,161306.0,228582.0,692.6243422728757,60,1,6,9,10340.0,0,180551.0902969294,10764.633561581844,4,5,0.6666666666666666,0.5555555555555556,0.09327566359224569,0.06673424151353231,0.05726910861072684,2,0.24444444444444446,1,1,0
43,126956.0,769749.0,643.3658907207082,60,5,6,4,17018.0,124,501200.87859403464,16804.66931037252,4,2,0.6666666666666666,0.5,0.3289859469645879,0.13236608990809823,0.03395444965647063,2,0.5833333333333334,0,1,0
68,46350.0,1096595.0,750.9862387296835,15,5,6,1,830.0,138,899379.6774908444,36694.25676181701,1,1,0.16666666666666666,1.0,1.6170076905624675,0.7916776000392018,0.0009228582997512186,0,0.5208333333333334,1,0,0
21,162977.0,879581.0,704.0234261228245,30,6,4,5,5642.0,65,499902.7302552236,16357.554669952386,4,4,1.0,0.8,0.25561006065028785,0.1003672583858605,0.011286195610733105,1,0.4227777777777778,1,0,1
56,34582.0,857171.0,721.0524430654662,180,0,6,2,2705.0,54,585297.0957497283,26976.911082099745,0,2,0.0,1.0,1.4104088247974096,0.7800853357845048,0.004621584524582455,6,0.62,0,0,1
60,128532.0,1376146.0,691.1345978118677,45,6,5,8,8395.0,1,1001520.4642858153,66132.05971710396,4,6,0.8,0.75,0.6493327629733032,0.5145182500630501,0.008382255080515483,1,0.3447222222222222,0,1,1
65,51218.0,389449.0,716.7057714527591,45,6,2,8,8513.0,3,299343.92021260085,19748.921840705116,2,3,1.0,0.375,0.48704218603583516,0.38558557227351936,0.02843886053858677,1,0.35666666666666663,0,1,1
28,29436.0,484200.0,712.1000181726673,120,2,1,8,11235.0,7,345664.8540478144,17315.11008656789,1,7,1.0,0.875,0.9785774053534628,0.5882290422125251,0.03250258123854822,4,0.32805555555555554,0,1,0
69,148609.0,953358.0,615.0347760304953,15,4,1,1,7293.0,82,788246.4947013028,25222.126201799914,1,0,1.0,0.0,0.4420136592788811,0.16972139104495632,0.009252181962145738,0,0.44472222222222224,1,0,0
40,155278.0,746274.0,706.114416676259,5,4,4,4,13699.0,95,376600.54491124925,33088.86966725085,1,4,0.25,1.0,0.20211091553603283,0.2130943834107269,0.03637541205158996,0,0.45555555555555555,1,1,0
38,35141.0,1469883.0,735.4055720362564,180,0,1,5,27005.0,76,1271612.8080372927,59614.24377487248,0,4,0.0,0.8,3.0155013802426716,1.6964299187522403,0.02123681031624842,6,0.6888888888888889,1,0,0
38,33087.0,136534.0,760.8599026336391,120,3,1,11,2583.0,126,61469.64749486119,4617.451780421678,0,2,0.0,0.18181818181818182,0.15481822542302914,0.13955486385655025,0.04202073877544095,4,0.7651515151515151,0,0,1
52,117537.0,227472.0,709.1275003798598,30,4,4,6,26813.0,65,46095.57122854663,7737.355773714105,4,0,1.0,0.0,0.03268160326007032,0.06582910720636145,0.5816827796114807,1,0.4361111111111111,1,0,1
53,22650.0,545893.0,612.4324636887925,180,1,2,7,12377.0,142,156445.62792752596,18958.0821215335,2,7,1.0,1.0,0.5755909783941352,0.8370014181692496,0.0791137481050841,6,0.5833333333333333,0,1,0
44,138881.0,714803.0,623.2077869298198,30,2,4,4,17336.0,117,406508.05013108853,20421.70071457708,2,3,0.5,0.75,0.2439186846599418,0.14704459727808036,0.042646141926118264,1,0.42500000000000004,1,0,1
24,166336.0,1341159.0,649.5396343122949,90,4,6,3,20156.0,168,215847.37781842673,47958.278750088975,5,0,0.8333333333333334,0.0,0.10813823516778626,0.2883217027588073,0.09338079620756597,3,0.6333333333333333,1,0,1
69,139675.0,766530.0,693.2624735695567,0,6,0,9,22051.0,130,205465.00197752856,13257.102850150013,0,2,0.0,0.2222222222222222,0.12258516912924561,0.0949139276903527,0.1073224139769151,0,0.6277777777777778,1,0,0
31,55371.0,683868.0,671.4434729084685,90,0,4,10,28314.0,23,294444.8463585169,25855.238875835188,4,5,1.0,0.5,0.4431393785533295,0.4669454926917554,0.09616062345857734,3,0.2761111111111111,0,1,0
25,48789.0,291855.0,601.3387554058361,5,6,5,0,29988.0,100,180431.42554646335,10170.616823222643,4,0,0.8,0.0,0.3081832406663786,0.20846126838473103,0.16620164646583538,0,0.5397222222222222,1,0,0
50,128257.0,679658.0,600.9195975979464,15,5,0,6,2951.0,118,186336.7980580193,21628.421058160795,0,3,0.0,0.5,0.12106993384247988,0.1686334551576974,0.015836914827103303,0,0.5958333333333334,0,0,0
41,27983.0,820791.0,533.1034757565321,120,5,5,9,12305.0,2,477001.1680789699,22949.108724473863,2,3,0.4,0.3333333333333333,1.420508785330885,0.8201089491646307,0.025796582531560693,4,0.5611111111111111,0,0,0
51,105107.0,896486.0,461.63675532923924,5,0,3,1,16171.0,7,580348.4828995463,35743.984824246916,0,0,0.0,0.0,0.4601251446141759,0.3400723531662679,0.02786429270773001,0,0.2752777777777778,0,0,0
63,90706.0,928667.0,670.7752723931552,45,3,4,7,15672.0,4,671189.035006254,31945.22721071749,4,5,1.0,0.7142857142857143,0.6166341761719677,0.3521842789971721,0.023349606716763442,1,0.22496031746031747,1,1,1
25,138624.0,672978.0,842.4161262599998,180,2,0,5,29740.0,30,434312.4548587265,12809.183936005009,0,4,0.0,0.8,0.26108541501875965,0.09240235410899274,0.06847604683516123,6,0.6533333333333333,0,0,1
34,50802.0,278149.0,805.7745666653999,180,6,3,6,19534.0,158,93892.55436509891,8338.38063070301,0,4,0.0,0.6666666666666666,0.15401715543531572,0.16413488899458703,0.20804631562203021,6,0.9333333333333333,0,0,0
46,141496.0,271460.0,611.523801151392,30,5,2,7,12073.0,43,243776.55098359432,4902.626145701443,1,7,0.5,1.0,0.14357093191303072,0.03464851406189181,0.04952486181007824,1,0.3955555555555556,1,1,0
59,131281.0,274349.0,690.4932308173427,0,4,1,10,27616.0,33,223919.95245016634,8276.224971538692,0,4,0.0,0.4,0.14213782678006612,0.06304206222940632,0.12332978681810847,0,0.4166666666666667,1,1,1
50,56671.0,946950.0,577.4794342964884,15,0,5,1,21926.0,80,407320.33576574025,34386.8566677432,5,1,1.0,1.0,0.5989546913555732,0.606780481511588,0.05382986822590211,0,0.20694444444444446,1,1,0
39,75784.0,1291705.0,588.1523328399315,60,6,3,2,23910.0,71,222034.07417622808,39579.33767542264,0,0,0.0,0.0,0.24415232126419395,0.5222650912517502,0.10768617424469125,2,0.7244444444444444,0,0,0
50,28694.0,1330515.0,596.1769181658734,30,3,6,4,18826.0,178,727167.9177806528,38139.47968457399,4,4,0.6666666666666666,1.0,2.1118466049251086,1.3291796084398826,0.02588948101211306,1,0.4083333333333333,1,1,0
69,90795.0,501511.0,664.2150920890717,90,1,1,9,1932.0,18,400653.25655013026,13162.643505062466,1,4,1.0,0.4444444444444444,0.36772698253403296,0.14497101718225086,0.004822124788490932,3,0.3038888888888889,1,1,1
44,60217.0,165462.0,667.2278272851617,180,6,5,7,29117.0,151,126819.58244013714,5008.683678585325,4,3,0.8,0.42857142857142855,0.17550357102941186,0.08317723696938281,0.2295938800598413,6,0.8371428571428572,0,0,0
64,36384.0,963983.0,697.6891379564801,60,6,4,2,21388.0,41,793519.7451488463,17132.318431951495,2,2,0.5,1.0,1.817464968916846,0.47087506684123503,0.02695333056392705,2,0.4827777777777778,1,0,1
59,108705.0,105648.0,726.4251472792998,60,3,4,0,4477.0,55,92667.7901442944,5784.86506861198,2,0,0.5,0.0,0.07103919640640143,0.05321618203957481,0.048312363907985684,2,0.513888888888889,1,1,0
35,109943.0,958820.0,656.4183353623389,45,4,2,11,7558.0,87,656572.2316620275,35681.11084821026,1,3,0.5,0.2727272727272727,0.4976610847302902,0.3245419066990191,0.011511300106110034,1,0.5618939393939394,1,0,0
33,31923.0,605498.0,682.5341379463839,5,4,4,1,10226.0,175,164573.2401551057,24490.595774881647,3,0,0.75,0.0,0.4296098950472118,0.7671771379532515,0.06213646878655533,0,0.4805555555555555,0,0,1
58,48054.0,1266797.0,603.4331245316854,60,2,1,0,7647.0,42,224615.58986053284,28282.036154191785,0,0,0.0,0.0,0.3895194119472067,0.5885469712030588,0.03404483190480294,2,0.5266666666666666,1,0,1
31,31381.0,956791.0,585.8852083019973,180,5,5,4,18627.0,61,252167.49365814868,49692.079612879796,5,4,1.0,1.0,0.6696395208835194,1.5835084800637262,0.07386757004156819,6,0.6522222222222221,1,1,0
37,127995.0,1122847.0,575.0719357766184,90,6,3,6,16417.0,118,337780.34382426424,42495.89774397778,3,0,1.0,0.0,0.21991766854451622,0.33201217035023073,0.048602591299809955,3,0.6749999999999999,0,0,0
32,72761.0,638300.0,725.4473460789759,90,6,3,3,6368.0,120,125134.07103463478,20154.295507169583,3,0,1.0,0.0,0.14331632678064116,0.2769931076698999,0.05088941762501642,3,0.6749999999999999,1,1,1
50,29529.0,1268835.0,656.346450633823,120,4,4,2,20889.0,66,621841.8144991463,55230.56180758016,0,2,0.0,1.0,1.7548901489472108,1.8703837518229591,0.033592144357202404,4,0.6633333333333333,1,1,1
35,49029.0,811436.0,549.0215816022918,30,2,0,1,8605.0,23,598765.3471062283,22049.974468513825,0,0,0.0,0.0,1.0177060975922896,0.44973331025543706,0.014371239153346272,1,0.4261111111111111,0,0,1
53,176094.0,956561.0,675.5837733121473,30,6,2,4,4776.0,141,146534.47624763934,50110.04824443812,0,3,0.0,0.75,0.06934481784711544,0.2845642000547328,0.0325930123906724,1,0.6333333333333334,0,0,0
66,59432.0,572909.0,592.5825067749741,180,6,1,11,28699.0,162,431239.9123847751,12473.69842824611,0,8,0.0,0.7272727272727273,0.6046685180609424,0.20988185536825466,0.0665499625053101,6,0.9272727272727272,1,0,0
61,128893.0,701712.0,796.226517328108,45,0,6,1,9435.0,108,592231.2470882387,33909.825680261296,2,0,0.3333333333333333,0.0,0.38289592083371393,0.26308508359849875,0.01593127692331007,1,0.48749999999999993,1,0,1
67,93886.0,1268207.0,639.4824794889222,90,2,2,6,6980.0,157,334793.29094192205,68057.48229760226,2,1,1.0,0.16666666666666666,0.29716295200377946,0.7248948969772091,0.02084868540932276,3,0.525,1,0,1
22,47440.0,620671.0,727.7054190073385,60,3,0,2,21483.0,45,103037.35620066735,21518.479618269128,0,2,0.0,1.0,0.1809959180028586,0.45359358385896137,0.20849719744518116,2,0.4666666666666667,0,0,1
43,67796.0,80998.0,756.2274119169491,5,4,0,8,22905.0,155,41270.40128446296,4055.2779415677546,0,8,0.0,1.0,0.05072865813674229,0.059815887981116214,0.5549982381349664,0,0.4930555555555556,1,1,1
31,20283.0,599593.0,613.1550083210071,15,4,6,0,4560.0,145,480512.4259128995,10710.238207767865,5,0,0.8333333333333334,0.0,1.9742001754872698,0.5280401423738039,0.009489869052473936,0,0.48750000000000004,1,1,1
65,139012.0,618340.0,685.3232982288296,15,3,1,2,1675.0,162,434460.25592856394,24624.498009844647,1,0,1.0,0.0,0.2604452948477853,0.1771393693339039,0.0038553584065360667,0,0.4291666666666667,1,1,0
55,72182.0,656669.0,718.7427530971703,5,0,0,0,25491.0,167,115589.71347973523,19207.112045315203,0,0,0.0,0.0,0.1334470660734154,0.2660928215526752,0.22053000420724278,0,0.45972222222222225,0,0,0
36,98877.0,152459.0,688.0882320687075,120,1,1,7,15122.0,62,99852.7645435531,4508.586914210993,0,3,0.0,0.42857142857142855,0.0841557056945777,0.045597933940259044,0.15144297775956106,4,0.6115873015873016,1,0,0
48,42755.0,237498.0,705.2770531516873,180,5,1,8,13681.0,21,181284.28805085138,7840.885580237064,0,7,0.0,0.875,0.3533393522216727,0.1833910789436806,0.07546710278699054,6,0.7258333333333332,1,1,1
50,151522.0,519853.0,586.9259424508592,180,4,0,2,12612.0,134,183657.4297200434,20207.23460048287,0,0,0.0,0.0,0.10100702082868242,0.13336172041342426,0.06867133020006319,6,0.9333333333333333,0,0,0
45,53382.0,664739.0,718.7825353800167,5,4,6,5,17579.0,120,425472.85378444166,26350.613078862014,4,3,0.6666666666666666,0.6,0.6641952558672113,0.4936235637267621,0.041316384450007924,0,0.4330555555555555,0,1,1
44,109737.0,92068.0,645.9685064079104,45,3,0,3,20205.0,116,47917.869607320536,2405.820143213082,0,1,0.0,0.3333333333333333,0.0363884177680276,0.021923509328786842,0.4216589795326216,1,0.6041666666666666,1,0,0
23,159385.0,614695.0,704.4615856298899,15,1,5,0,2411.0,113,187003.61929610622,18660.811518300907,0,0,0.0,0.0,0.0977735354101213,0.11708009861844532,0.012892798594354275,0,0.5125,1,0,0
43,133537.0,514184.0,744.3992191886025,0,2,5,0,7963.0,7,424783.8817541588,12844.85633208257,1,0,0.2,0.0,0.2650850087454905,0.09618949304000068,0.018746003184293467,0,0.3022222222222222,1,0,1
38,115719.0,100128.0,726.8165955262791,60,4,4,11,28635.0,120,31766.236165161747,4035.3197966021594,2,10,0.5,0.9090909090909091,0.02287598706432662,0.03487171334527744,0.9014287953762745,2,0.5340909090909092,1,0,1
61,161862.0,413091.0,704.4103807842631,120,3,0,7,5008.0,87,322358.27518427325,7882.351854384303,0,2,0.0,0.2857142857142857,0.1659635343606865,0.04869797638966714,0.015535509355660938,4,0.748095238095238,0,0,0
63,46586.0,448939.0,724.9489807329162,0,0,5,7,27225.0,5,303591.1364801034,14340.449179628173,4,3,0.8,0.42857142857142855,0.5430657573808001,0.30782744128339357,0.08967653112555299,0,0.09825396825396825,1,1,0
57,174095.0,258118.0,728.188773772215,60,2,2,3,12040.0,153,81483.1441597679,13974.378193133887,1,2,0.5,0.6666666666666666,0.03900319947910044,0.08026869348995598,0.14776062121992492,2,0.49166666666666664,1,1,0
22,108178.0,1140265.0,784.6850812968748,0,5,2,3,5702.0,5,779362.4912503567,62202.74740666701,0,2,0.0,0.6666666666666666,0.6003704475111673,0.5750036736366637,0.007316236108376342,0,0.3611111111111111,0,0,0
62,84396.0,154941.0,677.616451037606,120,4,1,9,17842.0,42,26263.071039298113,5534.264777901351,0,1,0.0,0.1111111111111111,0.02593238131279732,0.06557496537633717,0.679356956134435,4,0.6988888888888889,0,0,0
40,59436.0,888021.0,691.4769895409672,0,6,5,5,19893.0,53,290563.7432210954,22110.30241341493,5,0,1.0,0.0,0.4073902225658627,0.372001857685829,0.0684634627138013,0,0.4177777777777778,0,0,0
41,138677.0,1014737.0,745.2446766283279,30,3,4,1,10494.0,140,369418.81570144417,38904.85145194907,2,1,0.5,1.0,0.22198995729972296,0.2805429267430725,0.028406782637950448,1,0.43333333333333335,0,0,1
67,176144.0,1218942.0,645.6728673165541,5,3,1,5,23793.0,14,995744.5194844786,42100.34467866155,1,4,1.0,0.8,0.47108451015668934,0.23901094944285103,0.02389468335946074,0,0.16083333333333333,1,1,1
63,129798.0,841093.0,586.531276912541,30,6,2,6,1915.0,69,703608.4572987458,14045.805993692225,1,1,0.5,0.16666666666666666,0.45173298593374944,0.10821280754474048,0.002721684169846339,1,0.5700000000000001,1,0,0
23,23306.0,836897.0,714.526112220794,30,3,5,6,3659.0,65,295628.88457471173,45664.270265978725,4,4,0.8,0.6666666666666666,1.0570557101701699,1.9593353756963325,0.012377004382585263,1,0.3661111111111111,0,1,0
38,93992.0,1153170.0,665.5783420768839,45,0,6,6,18647.0,74,583497.0163950005,32388.72833909528,4,1,0.6666666666666666,0.16666666666666666,0.5173286169700617,0.3445902666088101,0.031957318505595994,1,0.3852777777777777,1,1,1
57,136635.0,1288421.0,595.4730811785943,120,2,6,10,17323.0,157,1141821.3477675966,39903.92578063525,0,4,0.0,0.4,0.6963938886861569,0.29204761430552384,0.015171375131379904,4,0.71,1,0,0
47,82384.0,355874.0,715.0379350565886,180,4,0,2,20972.0,58,231134.16550975523,12648.6306807403,0,1,0.0,0.5,0.23379758762801356,0.1535326116811553,0.09073517951682854,6,0.8122222222222223,1,0,1
33,143225.0,1204297.0,780.1793110520474,30,2,6,7,25513.0,63,243610.37224471133,60473.530474870495,5,5,0.8333333333333334,0.7142857142857143,0.14174106722796959,0.42222747756935236,0.10472870988584877,1,0.3185714285714286,0,0,0
46,132581.0,720435.0,565.918021759764,180,2,3,10,27900.0,73,319566.2354243624,33835.07405896786,1,3,0.3333333333333333,0.3,0.20086226245613525,0.2552030385874889,0.08730584432035093,6,0.7488888888888888,0,0,1
63,28880.0,192512.0,751.5627496651537,30,6,5,11,15201.0,70,89725.74311158784,4470.514789522157,5,9,1.0,0.8181818181818182,0.25890392172087906,0.1547962184737589,0.16941626196503276,1,0.4320707070707071,1,1,1
31,108390.0,938020.0,502.4052738978023,5,3,2,11,15039.0,171,356257.6496914972,40951.938640849774,1,6,0.5,0.5454545454545454,0.27390107458521484,0.3778202660840463,0.04221383039219813,0,0.4301767676767677,0,1,1
57,45842.0,1466659.0,651.979935887294,60,2,4,8,27713.0,48,791900.3847131555,73307.4132009759,0,7,0.0,0.875,1.4395466761069824,1.5991320884991036,0.034995563248827424,2,0.45249999999999996,0,1,1
57,96816.0,254020.0,808.8361138569805,90,0,1,1,28823.0,20,178325.98759589184,11067.792798408305,0,1,0.0,1.0,0.1534921806966237,0.11431780695761347,0.1616309568144178,3,0.36944444444444446,1,1,1
64,80257.0,71383.0,657.0173166040993,15,2,3,11,1434.0,75,47728.49453840299,1468.1607828918295,0,4,0.0,0.36363636363636365,0.049557976810333255,0.018293242743833305,0.030044945139557758,0,0.47613636363636364,1,0,1
35,148717.0,1378952.0,686.2956877074695,60,5,1,0,15172.0,15,570418.8384644196,50408.88671911344,0,0,0.0,0.0,0.31963328473118946,0.3389584695704825,0.026597999534593506,2,0.5666666666666667,1,0,0
31,158641.0,915415.0,733.4006340541489,30,2,2,6,27576.0,143,643060.5464723012,44436.365482430985,0,1,0.0,0.16666666666666666,0.3377965272072905,0.28010643832572274,0.04288243175743917,1,0.5583333333333333,0,0,1
47,92757.0,367685.0,559.8468540157544,5,3,2,5,1533.0,160,202430.98815906807,8392.293672165351,1,0,0.5,0.0,0.1818649699026022,0.09047612225670679,0.007572951226199544,0,0.4847222222222223,1,0,1
47,104993.0,1199141.0,685.0466360587828,30,4,6,8,29316.0,149,871937.2859720944,43818.40097947076,1,4,0.16666666666666666,0.5,0.6920598563492284,0.4173459276282301,0.03362168411838995,1,0.5666666666666667,0,0,0
41,119426.0,620837.0,684.4949150372915,30,6,4,9,22471.0,144,146155.43471067824,25939.823664166677,2,5,0.5,0.5555555555555556,0.10198465626599891,0.21720415708611757,0.15374727627804216,1,0.5777777777777777,0,1,0
59,124159.0,531246.0,810.3624681274118,30,5,4,8,4678.0,75,240957.25225549677,21470.20044146119,1,8,0.25,1.0,0.16172626246419025,0.17292504322249044,0.019414232010911737,1,0.5041666666666667,1,0,0
60,120929.0,470218.0,593.4981418301523,180,2,1,2,19224.0,125,209711.25849220157,9058.355512588449,1,0,1.0,0.0,0.14451403887970185,0.07490639559235955,0.09166889817083843,6,0.7166666666666667,0,0,0
33,144848.0,917926.0,653.2922478484915,30,1,3,9,12928.0,71,379885.6120715196,23956.24646448869,0,0,0.0,0.0,0.21855416946932854,0.16538886601464078,0.03403129676194763,1,0.49944444444444447,0,0,1
59,177080.0,245085.0,615.0150946423469,60,4,3,9,10031.0,153,165070.97461528884,9089.054279789847,1,8,0.3333333333333333,0.8888888888888888,0.07768192089041151,0.05132739033086654,0.06076780017430715,2,0.5611111111111111,1,0,0
32,152155.0,575077.0,607.5911737416035,0,1,5,0,18622.0,35,326555.3979509134,13428.351654060722,4,0,0.8,0.0,0.17885018454367443,0.08825442249062286,0.05702554640606244,0,0.2411111111111111,0,1,1
40,39823.0,492363.0,758.9181908945204,15,2,1,7,22056.0,25,216353.6765227369,13957.74364416414,0,4,0.0,0.5714285714285714,0.4527402014805868,0.35049452939668385,0.10194418858272605,0,0.34424603174603174,1,0,0
22,95158.0,137891.0,681.8656051400573,120,0,0,1,26797.0,175,76147.09626886083,4357.776690990094,0,0,0.0,0.0,0.06668479114460583,0.045795168992518696,0.3519109895587472,4,0.6833333333333333,1,0,0
37,92729.0,1156576.0,641.1102962501435,180,5,3,6,12524.0,64,784499.3621791633,17978.92771720787,3,2,1.0,0.3333333333333333,0.7050108040447283,0.19388678533369139,0.015964321456184663,6,0.7255555555555555,0,1,0
67,100424.0,62269.0,643.7507869200225,180,1,5,2,4785.0,55,40869.98326225631,2205.3760610828485,1,2,0.2,1.0,0.03391452181272763,0.02196064746557445,0.1170785896655597,6,0.6255555555555555,0,0,0
42,103610.0,1441595.0,640.5741046138223,0,2,5,4,25913.0,120,1038677.2555692678,78985.36850781618,4,4,0.8,1.0,0.8354062152698162,0.7623334476191118,0.02494807685549816,0,0.29666666666666663,1,1,0
55,134316.0,187549.0,646.8337775814614,120,2,5,3,10020.0,61,147902.32599707693,5876.044016184832,1,2,0.2,0.6666666666666666,0.09176266292243473,0.04374790803913779,0.06774741325026917,4,0.5888888888888889,0,1,0
26,86204.0,569441.0,591.4888258997515,15,0,2,10,22779.0,134,401196.1842764562,14789.485017134955,1,1,0.5,0.1,0.3878360094238243,0.17156379074213443,0.056777708494613825,0,0.3941666666666667,0,0,1
52,60661.0,192693.0,661.888932020436,0,5,1,10,23937.0,77,54937.612777353854,4840.412601916974,1,7,1.0,0.7,0.07547080328568308,0.07979447424073086,0.43571241613664013,0,0.3677777777777778,1,1,1
39,92129.0,581970.0,654.8555315843499,0,4,4,9,1753.0,141,456808.1332456551,20722.192550489035,3,0,0.75,0.0,0.4131961102056673,0.22492583823214227,0.0038374973482735676,0,0.4708333333333333,0,0,0
57,156427.0,935790.0,626.954230551766,90,3,0,8,12300.0,14,373396.51386200864,31106.050317927497,0,3,0.0,0.375,0.1989194714158514,0.1988534608343029,0.03294085387349265,3,0.5186111111111111,1,0,0
66,68452.0,176847.0,690.8532379413482,60,1,6,4,2544.0,130,114858.88071685415,8750.28452034891,3,2,0.5,0.5,0.13982898079049816,0.12783095483475881,0.022148918604486267,2,0.475,1,0,0
47,21367.0,812504.0,696.7922636082711,60,0,4,1,18148.0,59,725750.7572187259,32963.11638919489,2,1,0.5,1.0,2.8304970172802526,1.5427114891746567,0.02500582992093328,2,0.3227777777777778,1,0,0
26,176158.0,1169221.0,641.0346949995804,120,0,3,6,23847.0,76,433759.41222059313,36182.81363106484,1,4,0.3333333333333333,0.6666666666666666,0.2051943010538802,0.20539977537815393,0.05497748135981046,4,0.5355555555555556,1,0,1
44,49714.0,710421.0,669.9106094463622,0,4,1,5,16800.0,167,250535.7905286545,21618.021988403434,1,2,1.0,0.4,0.41996183256335323,0.4348477690067875,0.0670562875050722,0,0.39333333333333337,1,0,0
27,115660.0,213046.0,831.10366088306,0,5,1,3,9715.0,86,61063.79607043208,7858.760663210845,0,0,0.0,0.0,0.0439966252164621,0.06794709202153593,0.15909590666119977,0,0.6077777777777778,0,0,0
43,147632.0,1053286.0,828.4303281021496,180,5,6,2,29195.0,13,935379.5493300224,26474.051367903903,0,0,0.0,0.0,0.5279905154539792,0.17932461368743838,0.031211928912612312,6,0.7955555555555555,0,0,0
23,62463.0,320397.0,606.2136866909185,60,5,0,1,2567.0,82,150651.20216627416,10225.09355437616,0,1,0.0,1.0,0.20098725400940579,0.1636984063265639,0.01703935954767088,2,0.6155555555555555,0,1,1
52,73121.0,74397.0,615.988670338801,90,2,0,9,4245.0,43,54897.47901078334,1964.2001598543966,0,6,0.0,0.6666666666666666,0.0625646519818558,0.02686232627910445,0.07732595515298923,3,0.5205555555555555,0,0,1
36,63440.0,683342.0,605.8417706105603,45,0,2,3,10985.0,85,127736.86576100539,24339.71823674301,0,1,0.0,0.3333333333333333,0.16779222593658757,0.3836651676661887,0.0859970998548911,1,0.4930555555555556,1,0,1
30,42272.0,442926.0,753.9937757980567,5,1,1,11,28453.0,39,126374.76085879371,16328.066122461882,1,9,1.0,0.8181818181818182,0.24913015877096287,0.3862619729954079,0.22514780488322575,0,0.14790404040404043,1,1,0
21,42777.0,91293.0,652.1029490297014,45,5,4,8,26833.0,115,18020.172206205585,4461.705312409072,3,8,0.75,1.0,0.035104869840891104,0.10430150109659564,1.4890534725722295,1,0.49166666666666664,1,0,0
64,48254.0,1177219.0,696.7771970517409,180,5,0,1,16924.0,42,896718.6393248922,29485.905922004942,0,0,0.0,0.0,1.548608473433795,0.6110562009782596,0.01887325550937748,6,0.86,0,0,0
62,92204.0,919612.0,819.7877133296619,5,3,5,0,28565.0,83,211432.7057466826,47074.01611483358,2,0,0.4,0.0,0.1910914075913939,0.5105420167762091,0.13510208791549833,0,0.48416666666666663,1,0,0
60,103982.0,1369466.0,679.2674643982676,5,0,5,4,27124.0,171,1153598.6982409242,49863.26210082371,3,4,0.6,1.0,0.9245179440038694,0.479537440141791,0.02351250919523426,0,0.2697222222222222,0,0,0
23,20589.0,746535.0,729.4374105230124,30,5,1,0,17609.0,114,483618.8836068997,32902.29031616192,0,0,0.0,0.0,1.957432300447244,1.5980518877148924,0.03641090246242977,1,0.675,0,0,0
38,155081.0,685588.0,716.4294524510275,45,5,4,11,3538.0,127,570514.4081821624,27058.007766101826,3,2,0.75,0.18181818181818182,0.3065679699544982,0.1744766139378894,0.006201420944430091,1,0.5734848484848485,1,1,0
68,127497.0,1271808.0,638.8247853812835,60,1,4,10,26986.0,139,580763.4750906002,61252.25037800848,1,8,0.25,0.8,0.379592902245151,0.48042111091248013,0.046466420767576906,2,0.4825,1,0,1
49,29445.0,168151.0,754.1413212219302,5,5,5,7,19245.0,165,91515.06939321879,6982.568983291618,3,4,0.6,0.5714285714285714,0.2590000265840799,0.23713937793484863,0.21029323506611516,0,0.47924603174603175,1,0,0
27,154520.0,574419.0,620.5209433629869,180,4,5,3,4235.0,159,98041.38213704014,8870.71888385044,1,2,0.2,0.6666666666666666,0.05287415983747527,0.057408224720750974,0.043196045462521204,6,0.8366666666666667,1,0,0
27,22937.0,1208156.0,773.7915850510923,5,6,6,10,25203.0,154,603388.6659258134,36982.87733881807,0,1,0.0,0.1,2.1921955280616956,1.6123676740122104,0.041769097471079625,0,0.6497222222222222,1,0,1
33,108805.0,474185.0,638.8784324353617,5,4,0,7,11963.0,61,281209.5834392614,24911.104630435315,0,4,0.0,0.5714285714285714,0.21537734436167258,0.22895183705193065,0.04254122442659887,0,0.47146825396825404,0,0,0
68,93357.0,1333497.0,646.5422595624734,180,0,4,4,23606.0,112,300626.97778236767,44082.88230396106,4,4,1.0,1.0,0.2683488988349094,0.47219686048138926,0.07852256033085975,6,0.55,1,0,1
29,99346.0,461847.0,603.8058523461245,30,4,5,10,7850.0,147,409162.47456819564,22231.183427999127,3,8,0.6,0.8,0.3432133440770939,0.22377532490486912,0.01918553261338151,1,0.4716666666666667,0,1,0
65,172902.0,649807.0,615.3018412428347,60,0,1,2,298.0,100,99611.03389440781,32333.35146339166,1,2,1.0,1.0,0.04800938966119912,0.18700391819291656,0.002991636451800043,2,0.31666666666666665,0,1,0
54,168184.0,1351180.0,650.1264974370025,30,1,1,6,13615.0,22,473707.43727489456,38242.60755020609,1,1,1.0,0.16666666666666666,0.23471685637699116,0.22738552745924756,0.028741368466417287,1,0.2238888888888889,1,1,0
66,63199.0,402865.0,509.8056009462572,15,6,0,8,13566.0,91,246439.04113706917,19864.865596221694,0,2,0.0,0.25,0.32495113469235953,0.31432246706786016,0.05504809602166324,0,0.6541666666666668,1,0,0
61,111905.0,1453763.0,663.6667361177083,45,6,6,10,25909.0,38,760650.564177126,43754.48626282665,6,8,1.0,0.8,0.5664407043006167,0.390996704908866,0.03406163252902919,1,0.39194444444444443,0,1,1
37,173385.0,113758.0,644.4418033930938,90,3,6,1,3460.0,124,37471.772993593906,1821.7680673326638,0,0,0.0,0.0,0.01800990713998419,0.010507068473816442,0.0923361699642959,3,0.725,0,0,0
61,136074.0,435408.0,735.3007769028283,0,2,0,3,27391.0,154,387541.53361388505,18625.14290372902,0,2,0.0,0.6666666666666666,0.23733503682670523,0.13687510401494057,0.07067887600220463,0,0.44999999999999996,1,0,1
29,161804.0,907070.0,709.6086516849778,120,2,1,10,4584.0,126,264554.2697981645,43368.44195093524,1,1,1.0,0.1,0.1362524359709713,0.2680307158718897,0.017327257668142176,4,0.59,1,1,0
35,88441.0,911466.0,630.4653798230493,5,1,3,5,28034.0,99,525244.972692015,30136.98583014717,1,4,0.3333333333333333,0.8,0.4949108941667468,0.3407580853919242,0.05337319052540107,0,0.3630555555555556,1,0,1
31,63867.0,1369310.0,647.9014468401865,180,4,6,9,21188.0,107,324407.4201788946,30037.69696075618,4,4,0.6666666666666666,0.4444444444444444,0.42328513444462007,0.4703163912624075,0.06531293269529985,6,0.788888888888889,0,1,1
27,100726.0,1441728.0,663.5767373035371,180,2,5,9,10798.0,96,276962.8851299449,57108.85193861216,5,4,1.0,0.4444444444444444,0.22913885617909385,0.5669723004846035,0.03898717329917262,6,0.6722222222222223,0,1,1
25,150345.0,1032937.0,784.0169588133094,180,0,6,3,28697.0,80,532896.1455103235,45996.965729579024,5,3,0.8333333333333334,1.0,0.29537405384855026,0.30594276982659235,0.05385101814260368,6,0.5527777777777778,0,1,1
30,168467.0,1006620.0,622.4386723680491,60,4,5,3,10774.0,40,758513.3852153196,41465.37362062964,2,2,0.4,0.6666666666666666,0.37520374178885657,0.2461335075749532,0.014204100033042368,2,0.4622222222222222,0,0,0
26,129110.0,510010.0,629.6167534534542,180,4,4,5,19022.0,121,279733.4832807936,14908.462175670762,4,2,1.0,0.4,0.18055242511604677,0.11547101057757542,0.06800044019366074,6,0.7433333333333334,1,1,1
39,132457.0,1218192.0,600.9991093867994,120,4,2,0,485.0,62,451002.4856346352,36220.71709446481,0,0,0.0,0.0,0.283741444163411,0.27345264572249717,0.0010753820997627644,4,0.7544444444444445,0,0,0
24,100915.0,982188.0,576.2572364394671,60,6,4,9,3071.0,28,159651.97783160937,36305.49602260834,0,3,0.0,0.3333333333333333,0.13183700625246442,0.35976312760846596,0.019235590073547932,2,0.5955555555555555,0,0,0
24,69776.0,84904.0,701.4902536537846,180,4,3,1,10600.0,144,72626.80293926845,1930.3558647451086,0,1,0.0,1.0,0.0867380414221562,0.027665040483047302,0.14595162627306985,6,0.8333333333333334,1,0,0
69,86512.0,1256499.0,694.2032331751248,30,4,6,11,7319.0,99,388149.43494772835,61376.27967777432,1,5,0.16666666666666666,0.45454545454545453,0.37388785654757756,0.7094539448605317,0.018856139777675165,1,0.5712121212121212,1,0,0
25,98628.0,571507.0,769.7933296984746,120,1,3,9,6822.0,93,332004.92808725307,10911.647034994094,2,2,0.6666666666666666,0.2222222222222222,0.2805195009592045,0.11063437396068149,0.02054788776571152,4,0.5944444444444446,0,1,1
24,150111.0,739953.0,752.898630540885,180,3,5,4,11366.0,93,119609.47584342181,25500.25079951158,2,1,0.4,0.25,0.06640057237834103,0.16987596378354405,0.09502591596404106,6,0.815,0,0,1
22,107966.0,754844.0,847.7981700172265,60,3,1,0,18258.0,14,168257.31169402815,37272.3556391633,1,0,1.0,0.0,0.12986905730664294,0.34522308540802943,0.10851237201032744,2,0.3477777777777778,0,1,0
27,146478.0,1238635.0,674.8289062721233,5,6,4,9,3760.0,96,343878.68752939673,44809.75143020364,3,2,0.75,0.2222222222222222,0.1956372785955324,0.3059145498313989,0.010934088492118528,0,0.5249999999999999,1,1,1
46,22432.0,438491.0,661.7629305342655,5,3,3,5,22562.0,97,102710.11476747104,19924.14448129594,2,4,0.6666666666666666,0.8,0.3815609945890953,0.8882018759493555,0.21966677820464797,0,0.37972222222222224,0,1,0
61,140623.0,618269.0,588.9841558406648,5,4,3,2,25439.0,91,338851.7561467178,15198.969633419896,3,1,1.0,0.5,0.2008038965571764,0.10808309901950532,0.07507412766361844,0,0.39305555555555555,1,1,0
57,100144.0,106727.0,728.7604717233428,45,3,5,5,25071.0,1,47791.28986549223,3502.8333765955563,2,1,0.4,0.2,0.039768807804671465,0.03497796549564184,0.5245934995804027,1,0.3597222222222222,1,0,0
49,179717.0,555333.0,688.2973969012437,30,0,3,10,5835.0,135,417034.9592239349,24169.427556297196,1,1,0.3333333333333333,0.1,0.19337577006438592,0.1344860394748254,0.013991632765891899,1,0.4483333333333334,1,0,0
25,94418.0,178135.0,725.5886413507478,120,6,0,8,26415.0,110,42245.272722162335,9001.733212521121,0,8,0.0,1.0,0.03728568062777784,0.09533916427504419,0.6252770617371918,4,0.7833333333333333,1,0,0
58,95519.0,895333.0,600.261304653312,15,4,2,8,3886.0,136,423762.0121124589,36459.59368207568,0,8,0.0,1.0,0.36970132653578425,0.38169990977790474,0.009170241524548749,0,0.5125000000000001,1,1,0
22,38650.0,1345129.0,704.612293231869,5,1,6,6,3209.0,90,633808.9061650009,33239.025647030394,5,5,0.8333333333333334,0.8333333333333334,1.366556503158691,0.8600006635712909,0.005063040245705531,0,0.28472222222222227,1,1,0
51,148721.0,723795.0,694.3639732567759,60,0,6,1,21770.0,59,233864.57007250513,15092.365316323074,1,1,0.16666666666666666,1.0,0.13104211357312526,0.1014810639810321,0.09308806371675127,2,0.37277777777777776,1,0,0
41,131647.0,1372553.0,689.7324527925581,5,6,4,11,22812.0,149,304667.11771939334,66790.61528339566,3,10,0.75,0.9090909090909091,0.1928560960494057,0.5073462766595187,0.07487516267183933,0,0.4563131313131313,1,1,1
64,157721.0,1466812.0,632.1713864266633,180,2,4,8,3804.0,63,231752.05673157307,54508.839594667304,3,5,0.75,0.625,0.12244831946473682,0.3456029291893109,0.01641409381063653,6,0.6316666666666666,0,0,1
36,33025.0,128015.0,763.2527253987379,0,0,1,6,12469.0,81,21009.93888950642,2861.76028204738,0,6,0.0,1.0,0.053015238176902395,0.08665436130347857,0.5934810217952486,0,0.33,1,0,0
52,52279.0,798764.0,823.5215305284607,45,4,5,8,12309.0,2,358620.09407390136,27499.103683223395,0,8,0.0,1.0,0.5716445960996152,0.526006688789445,0.03432323007941509,1,0.37527777777777777,1,0,0
42,160070.0,816004.0,602.275918159167,180,0,4,4,21680.0,29,155618.46324541673,16363.251477884925,3,2,0.75,0.5,0.08101583851097266,0.10222559803763932,0.13931508863321537,6,0.5019444444444444,1,0,1
46,24814.0,608499.0,730.4310785715071,45,1,0,8,15465.0,20,271340.75986191636,11687.35872291989,0,2,0.0,0.25,0.9112488912909257,0.47099857833964254,0.056994754521473456,1,0.3902777777777778,1,0,1
67,100329.0,1254179.0,478.5504894061728,120,6,6,11,18022.0,76,599569.2414930834,64965.31456812697,2,10,0.3333333333333333,0.9090909090909091,0.49800260600381696,0.647522795683471,0.03005824640890605,4,0.7113131313131313,0,1,0
55,83569.0,622653.0,726.8026964637721,30,0,5,4,2406.0,47,301388.6250870489,22904.344703337858,5,4,1.0,1.0,0.30053870163881435,0.2740770465524041,0.007983048462114601,1,0.16277777777777777,1,1,0
41,170186.0,130027.0,549.0891768420772,90,5,0,0,29307.0,59,38194.339479594855,3245.019494762653,0,0,0.0,0.0,0.018702252966163912,0.01906748789420195,0.7673126541606283,3,0.7227777777777777,0,0,1
42,156791.0,844512.0,643.252285647052,90,4,2,8,16673.0,137,442555.0866679366,42437.29514925044,1,3,0.5,0.375,0.2352149712398121,0.2706615504030872,0.03767440597177068,3,0.6458333333333333,0,1,0
55,163267.0,342767.0,588.0882736772024,45,2,5,10,20058.0,122,152270.11345711316,18836.887144248,2,9,0.4,0.9,0.07772039739461187,0.11537473674562528,0.13172644023575467,1,0.4541666666666667,1,0,0
37,64834.0,564622.0,664.9071953535423,0,2,5,9,14404.0,143,503724.8268611145,28438.926535050836,4,1,0.8,0.1111111111111111,0.6474545594147033,0.4386421713152179,0.028594977320765307,0,0.38555555555555554,0,0,1
29,113176.0,777739.0,738.715558885748,180,3,1,11,7388.0,146,143124.791029171,34923.3215604403,0,9,0.0,0.8181818181818182,0.1053851162710962,0.3085753301092131,0.05161928934096549,6,0.8181818181818181,1,0,0
43,131401.0,1098214.0,549.9880715391084,0,3,0,4,20052.0,44,209109.69855918843,58735.42391117391,0,0,0.0,0.0,0.13261549161167496,0.4469937360535605,0.09589225243096168,0,0.4477777777777777,1,0,1
24,174729.0,453332.0,654.8364217339052,30,6,6,11,8652.0,110,348339.13583383604,10379.257922972456,5,1,0.8333333333333334,0.09090909090909091,0.16613304785975044,0.059402033566107834,0.024837863765405786,1,0.5742424242424243,0,1,0
29,19190.0,601961.0,644.064186182876,60,1,6,2,6574.0,156,210393.95052953358,30162.90823766964,4,0,0.6666666666666666,0.0,0.913644044335303,1.571803451676375,0.031246145544841553,2,0.5,1,0,0
41,176278.0,148458.0,790.6734078710313,90,4,5,7,16572.0,54,42732.12933112362,4357.1797935067725,5,0,1.0,0.0,0.020201107214704247,0.024717660703586223,0.38781123850830224,3,0.5283333333333333,1,1,1
60,75569.0,607009.0,710.22327054952,45,4,4,10,10698.0,67,489166.668051519,9887.882914148853,2,2,0.5,0.2,0.5394260742406708,0.13084575572190785,0.021869846616109353,1,0.5247222222222223,0,0,0
59,38780.0,891331.0,597.5948020708604,30,0,4,10,26831.0,95,489828.1199926763,14524.343554444271,0,3,0.0,0.3,1.0525789066371762,0.37453180903672695,0.054776357062557304,1,0.47833333333333333,0,0,0
33,117713.0,944611.0,647.009393467872,30,6,3,7,19789.0,143,577952.9170755788,21266.38075403418,0,2,0.0,0.2857142857142857,0.4091539854530219,0.18066297481190846,0.034239813340040975,1,0.6797619047619048,0,0,0
41,144609.0,475195.0,788.9272966869872,180,6,4,6,11203.0,26,74116.4069492764,21944.29337843959,0,2,0.0,0.3333333333333333,0.04271080808091497,0.15174915377631815,0.151154116357355,6,0.8244444444444445,1,0,1
28,39020.0,138227.0,730.0055721741817,30,0,2,5,1067.0,84,47766.1718053944,7031.174988025931,2,5,1.0,1.0,0.10201215574362378,0.18019413090789163,0.02233798438667216,1,0.245,0,1,1
58,24605.0,887100.0,615.7236576316204,120,1,0,10,10231.0,43,305519.2225659167,17847.114131057264,0,5,0.0,0.5,1.0347464016999144,0.7253450165030386,0.03348725462861058,4,0.5622222222222223,1,0,0
33,163250.0,1000264.0,661.3050623131837,0,5,2,10,3473.0,128,720859.4047558568,48828.19157149329,0,2,0.0,0.2,0.3679731519938014,0.29910071406734023,0.004817860427549319,0,0.5966666666666667,0,0,0
60,169260.0,173498.0,663.5423596114297,60,5,2,2,6575.0,43,76194.10839497263,7845.3882670200865,0,0,0.0,0.0,0.037513346525548774,0.0463511063867428,0.08629276119246282,2,0.6288888888888888,1,0,0
62,43316.0,782209.0,642.3412650990936,90,1,2,1,8506.0,64,456087.6557117301,13367.141452862183,1,1,0.5,1.0,0.8774426226485404,0.30859593343942615,0.018649923744869366,3,0.4255555555555555,1,0,0
54,164457.0,187872.0,560.2851490574817,90,6,3,9,19575.0,62,159489.74253185635,8314.38471181715,0,2,0.0,0.2222222222222222,0.08081633422508434,0.050556587508085095,0.12273516584359716,3,0.7405555555555556,0,0,0
37,165386.0,706887.0,632.5664799227022,30,2,0,9,3190.0,12,628074.6568430379,11688.496179178224,0,8,0.0,0.8888888888888888,0.3164690768077094,0.07067403637054058,0.005079014039563791,1,0.31277777777777777,1,0,0
67,179582.0,979222.0,777.2439514105762,90,2,2,1,4860.0,120,240396.06982650343,24973.413242709405,2,1,1.0,1.0,0.11155352885520423,0.13906412247724942,0.020216636667594098,3,0.44166666666666665,1,1,1
54,53055.0,1092916.0,653.3198859057177,45,2,3,5,1185.0,45,619574.4407003087,39603.31511068689,3,5,1.0,1.0,0.97316376197705,0.7464577346279689,0.0019126031065138638,1,0.25416666666666665,1,1,0
52,111763.0,1084986.0,672.7722458677357,60,4,1,6,27511.0,88,731667.3153857071,55736.11868047245,0,1,0.0,0.16666666666666666,0.5455497461784513,0.49869919991833117,0.037600422243130066,2,0.678888888888889,0,0,0
62,179073.0,1149470.0,689.8367952797502,180,1,3,0,29621.0,125,846630.16296964,22085.998774900152,2,0,0.6666666666666666,0.0,0.3939874441194559,0.12333516931586645,0.03498694151895248,6,0.7333333333333333,1,0,0
64,164228.0,399792.0,835.2698976298489,90,3,4,7,8944.0,141,335857.7213099487,11566.867865643906,1,6,0.25,0.8571428571428571,0.1704224824177103,0.07043176477606684,0.026630324189408663,3,0.6017857142857144,0,1,1
24,115969.0,1277078.0,680.6212339991873,90,0,2,11,13672.0,165,889169.280852176,48626.88260709898,1,9,0.5,0.8181818181818182,0.638941786779352,0.41930932065551124,0.015376149732587269,3,0.4681818181818182,0,1,1
64,49933.0,557025.0,756.5761747508458,180,1,0,2,9035.0,22,371787.1150071893,24847.88825970444,0,2,0.0,1.0,0.6204766303633357,0.49762458213414856,0.024301541487862722,6,0.5822222222222222,0,0,1
58,31663.0,593464.0,638.1273879564162,5,5,4,9,16010.0,113,113098.36602904761,30631.968194499867,2,7,0.5,0.7777777777777778,0.29766174512061294,0.9674373304645759,0.14155819011468365,0,0.4736111111111111,1,1,0
31,59985.0,1191997.0,661.8420517648256,60,2,4,0,16535.0,59,665866.6523154989,40234.672348282664,1,0,0.25,0.0,0.9250460563967365,0.670745558861093,0.024832299293711193,2,0.5269444444444444,0,0,1
36,28574.0,524204.0,680.8786906177199,60,5,2,2,7647.0,138,314037.02382705506,25495.1743969612,1,0,0.5,0.0,0.9158588921952797,0.892250801321523,0.02435063199494375,2,0.6583333333333333,1,0,1
57,49632.0,158567.0,625.810694070543,90,5,0,6,19346.0,69,106616.20081173054,6292.076173115413,0,3,0.0,0.5,0.17901119038075325,0.12677458440351816,0.1814545993264416,3,0.6950000000000001,0,0,0
31,30137.0,1085796.0,665.739755357793,5,6,0,11,230.0,2,637929.5496056717,25149.379435059866,0,5,0.0,0.45454545454545453,1.7639710588470199,0.8345017564807335,0.0003605413797529393,0,0.4187121212121212,0,0,0
43,141481.0,1010047.0,742.1635655069289,90,0,0,10,19331.0,154,461679.93455283187,38567.13429617283,0,5,0.0,0.5,0.27193282404989116,0.27259585595361097,0.04187099883109145,3,0.5750000000000001,0,0,0
54,113562.0,893617.0,623.9744807235681,5,6,5,11,22521.0,136,460742.76103266346,24621.564993283937,1,4,0.2,0.36363636363636365,0.3380992769241057,0.2168116534869405,0.04887976959100485,0,0.5933585858585858,1,0,1
52,101897.0,257757.0,680.0062321674546,30,6,2,11,1588.0,59,225663.59658253146,11121.105323748745,1,9,0.5,0.8181818181818182,0.18455204486109458,0.10914065501191149,0.007037023357106799,1,0.4826262626262627,0,0,0
65,149151.0,966112.0,729.6113486159153,90,3,2,9,21712.0,150,383380.179180409,25487.61424305894,0,2,0.0,0.2222222222222222,0.2142013681774449,0.1708846353229877,0.05663307906636165,3,0.7027777777777777,1,0,0
26,84552.0,337692.0,622.2873765831079,15,0,4,4,22125.0,73,249332.43127963063,8615.794762363503,4,2,1.0,0.5,0.24573874783134506,0.10189936089463883,0.08873695205412901,0,0.24138888888888893,1,1,1
35,83279.0,855508.0,756.6789654830469,5,0,4,1,29176.0,74,518078.6104780001,45183.25418006803,4,0,1.0,0.0,0.5184166181130098,0.5425527945828844,0.0563157779725379,0,0.27416666666666667,0,0,1
69,51521.0,786490.0,685.1018435797926,90,3,0,9,24184.0,53,379774.94501237717,40384.67110500029,0,6,0.0,0.6666666666666666,0.6142720848656813,0.783848743327969,0.06367981963426214,3,0.5761111111111111,1,0,0
48,90063.0,1170404.0,668.4414205662497,15,0,6,2,633.0,88,539250.6304775393,38705.03654796013,1,1,0.16666666666666666,0.5,0.4989568695223892,0.4297551330508659,0.0011738512005807762,0,0.39972222222222226,1,1,1
33,46271.0,1466042.0,539.429653593985,120,0,1,6,2452.0,179,810603.8993110844,66878.92859635338,0,6,0.0,1.0,1.4598846997599007,1.4453746103683383,0.0030249052614771585,4,0.5833333333333334,0,0,0
35,113464.0,325559.0,653.8471290590569,180,3,5,9,4110.0,9,244118.5852075281,17672.156622810766,2,9,0.4,1.0,0.1792922462980388,0.15575122173386066,0.01683607987694194,6,0.5599999999999999,1,0,0
37,179588.0,216329.0,706.0114691301712,30,3,5,0,17451.0,106,52267.81554412894,4011.8223389796594,0,0,0.0,0.0,0.02425357649366371,0.022339033448669506,0.3338765896054405,1,0.6083333333333333,1,0,1
48,104352.0,855782.0,802.1741513161727,90,6,3,10,21364.0,31,712860.4455208892,33586.5423843365,1,5,0.3333333333333333,0.5,0.5692755014445413,0.3218581568569505,0.02996940023006784,3,0.5938888888888889,1,0,1
34,66443.0,1430377.0,719.7522407878129,15,6,1,3,19741.0,22,1045047.9359172069,35959.536839030436,1,1,1.0,0.3333333333333333,1.3107073430323823,0.5412088081367553,0.018890042572711197,0,0.34472222222222226,1,1,1
51,129466.0,279247.0,758.8351362244844,180,1,3,2,9902.0,10,114985.87238009372,13124.776985628489,1,2,0.3333333333333333,1.0,0.07401291483226852,0.10137624538974316,0.08611492694744496,6,0.5055555555555555,1,1,1
42,150841.0,756712.0,595.3626798464643,15,2,1,4,6025.0,49,119285.19241624649,14420.232682339381,1,4,1.0,1.0,0.06590007160754618,0.09559889341982207,0.05050920301134881,0,0.2047222222222222,0,1,1
50,94429.0,640515.0,671.1224253042932,120,1,5,5,1913.0,131,146626.2414720039,29817.522309134092,0,5,0.0,1.0,0.1293972556735783,0.31576657921966866,0.013046777853644016,4,0.6166666666666667,1,0,0
28,58552.0,511159.0,765.4522509630204,120,1,5,5,11220.0,132,132030.58424811068,11769.115533170525,4,1,0.8,0.2,0.18791072358489133,0.20100279295618467,0.0849803101599208,4,0.5766666666666667,1,0,0
51,133645.0,1012791.0,617.8586514720054,15,3,5,1,9028.0,143,230597.33985922605,33665.957105285604,3,0,0.6,0.0,0.1437872347507863,0.2519058483690793,0.03915049499491785,0,0.48916666666666675,0,0,0
66,48337.0,478451.0,747.5655840281172,120,6,5,2,9110.0,26,108648.67913791268,22751.69965813472,1,1,0.2,0.5,0.18731109905095594,0.4706891130631756,0.08384823517675963,4,0.6611111111111112,1,0,1
27,179564.0,764953.0,731.3322505220233,60,6,1,5,2631.0,19,665592.4012547736,13538.550876232694,0,1,0.0,0.2,0.3088928373053496,0.07539679933746571,0.003952869646708772,2,0.5888888888888888,0,0,0
37,69485.0,1275835.0,699.2306553914874,90,6,0,2,8736.0,176,821440.0022882143,66505.18439891859,0,0,0.0,0.0,0.9851526735844838,0.9571156997757586,0.010634982440184166,3,0.825,0,0,0
54,74748.0,600407.0,656.9908162404818,30,3,4,7,25128.0,165,459598.97697568825,14226.004115053858,1,0,0.25,0.0,0.5123871507996739,0.19031952848308795,0.05467375094120198,1,0.5708333333333333,0,0,0
51,135763.0,80598.0,610.9593391799295,15,4,4,10,7225.0,126,46110.94770920582,2823.2773130536666,3,10,0.75,1.0,0.028303580325767342,0.020795631453736783,0.1566873022338156,0,0.4,0,1,0
54,19978.0,1333206.0,804.276550587232,90,5,6,0,26307.0,151,819406.4377020083,59171.37075240651,6,0,1.0,0.0,3.4179532389879212,2.9618265468218294,0.032104946690163796,3,0.6416666666666667,0,1,1
48,50864.0,448029.0,724.2303762406822,0,1,4,0,2594.0,144,363238.94730196666,8933.64620275631,2,0,0.5,0.0,0.5951146641075001,0.17563790112370853,0.007141304695621101,0,0.4083333333333333,0,1,1
54,38351.0,1170597.0,703.8431287272814,30,3,5,7,19106.0,103,405584.8173229412,46062.78751305101,4,0,0.8,0.0,0.8812999602855667,1.2010843918815939,0.047107286032324815,1,0.4883333333333333,1,1,1
50,81351.0,1156028.0,651.1005176258424,5,3,2,0,3235.0,85,775571.6494499895,41180.83573361636,1,0,0.5,0.0,0.7944705140379237,0.5062117949824386,0.004171116881714485,0,0.4736111111111111,1,1,0
24,107669.0,813121.0,682.6510140712984,0,2,0,7,11567.0,176,670403.4122421623,31250.979557229894,0,5,0.0,0.7142857142857143,0.5188768449616898,0.29025048581513613,0.01725379046224452,0,0.4452380952380952,1,0,0
57,47096.0,177334.0,691.5302088979023,0,3,0,5,28612.0,121,151127.4392384943,7359.327758249854,0,5,0.0,1.0,0.26741025288505443,0.15626226767134904,0.18932366050911104,0,0.45000000000000007,1,0,1
42,73769.0,1427577.0,707.9912979313501,0,3,3,5,23063.0,158,689571.3401572003,45432.811501688644,3,0,1.0,0.0,0.778975970210161,0.615879454807421,0.033445415516750406,0,0.4,0,1,0
23,143096.0,1037266.0,731.4038201930354,180,0,0,7,15408.0,37,822068.7330795514,27955.11573177487,0,4,0.0,0.5714285714285714,0.47873964161562366,0.19535916959086816,0.018742958319653027,6,0.625079365079365,1,0,0
41,170277.0,665329.0,625.2269931901436,90,5,3,10,18947.0,40,351223.63420933875,14872.856882013173,2,10,0.6666666666666666,1.0,0.17188837120757097,0.08734507233515491,0.05394568632219971,3,0.48055555555555557,1,1,1
42,20313.0,1288142.0,577.3382124159097,180,6,2,1,19811.0,113,442366.62062942993,67708.14360727048,1,0,0.5,0.0,1.8147927461454485,3.3332419439408496,0.04478412040178695,6,0.9249999999999999,0,0,0
25,119646.0,1192705.0,685.8996595891448,0,5,1,1,23759.0,171,403395.85431095504,37039.49142061256,0,0,0.0,0.0,0.2809648562641424,0.30957567675152164,0.05889748183104909,0,0.6166666666666667,1,0,0
69,22160.0,1152440.0,557.6947863872667,180,6,4,8,17787.0,111,563341.3517414347,30296.46462160831,3,6,0.75,0.75,2.118461761963879,1.3671689811195085,0.03157410679158516,6,0.8125,0,1,1
31,102297.0,293507.0,657.3437303504453,60,3,4,0,15327.0,79,100795.11536383585,5019.517518088783,4,0,1.0,0.0,0.08210986585125978,0.04906808135222717,0.152060940102849,2,0.4922222222222222,1,0,1
37,160474.0,967621.0,644.3567118921766,120,0,0,5,2271.0,4,166899.12359509326,43589.63941088207,0,5,0.0,1.0,0.08666986739030064,0.27163054084077215,0.013607021721154,4,0.3922222222222222,0,0,0
42,147282.0,464399.0,714.4223734541168,120,1,3,5,28750.0,27,106421.78845236081,16769.366698044472,3,3,1.0,0.6,0.06021429890298928,0.11385890127812273,0.27015144565879756,4,0.3666666666666667,1,1,0
61,55700.0,163802.0,818.7817924840416,15,5,6,4,16984.0,41,128898.26749500367,3708.242764914127,5,0,0.8333333333333334,0.0,0.19284600163824608,0.06657527405590892,0.1317628260648137,0,0.41194444444444445,0,1,0
57,59891.0,540224.0,543.8786563267507,90,0,2,6,8701.0,36,438597.9054763752,27408.239595640367,1,4,0.5,0.6666666666666666,0.6102724191675644,0.45763536417225237,0.019838216031947454,3,0.36333333333333334,0,1,1
58,144929.0,200845.0,839.192952122288,60,3,5,1,4045.0,126,161636.61979989702,10514.481702012892,4,0,0.8,0.0,0.09294011768975212,0.07254919099705988,0.0250252696759412,2,0.5466666666666666,0,0,0
32,150797.0,203440.0,663.6847388616682,30,0,2,3,18125.0,123,115001.42918634765,10218.19154979045,0,3,0.0,1.0,0.06355200986886766,0.06776123894898738,0.15760673696176727,1,0.4083333333333333,1,0,1
62,63506.0,1104207.0,704.3466077520806,45,2,1,0,23473.0,68,940136.2135974473,41340.23088924323,1,0,1.0,0.0,1.2336579924173139,0.6509657495235603,0.024967658580218037,1,0.40527777777777774,1,1,1
61,18495.0,777616.0,580.9617489663399,5,0,5,11,24241.0,177,407719.2003606439,23274.97238463227,0,3,0.0,0.2727272727272727,1.8370694798623228,1.2584467361250213,0.05945513475587578,0,0.432449494949495,1,0,0
43,90001.0,626915.0,749.7810099158424,5,0,2,9,26577.0,70,311519.4160905718,13463.268861998567,2,6,1.0,0.6666666666666666,0.2884406988909121,0.14959021413093818,0.0853141044418013,0,0.19861111111111113,1,1,1
47,118387.0,328777.0,682.9030775446207,180,1,6,3,26816.0,80,166291.00669512482,9892.811982885964,5,2,0.8333333333333334,0.6666666666666666,0.11705325661821316,0.08356333028868004,0.16125947237281454,6,0.6194444444444445,1,1,0
22,89887.0,1167885.0,675.6972812168199,90,3,4,0,18690.0,94,397762.88636825024,46116.07084487883,4,0,1.0,0.0,0.3687619699996016,0.5130449435945,0.04698779257825662,3,0.5750000000000001,0,1,0
58,169430.0,969569.0,544.3830419567932,60,4,5,3,28402.0,103,591560.7359370016,23329.89996984042,1,1,0.2,0.3333333333333333,0.2909563123103945,0.13769639361293998,0.04801197624283278,2,0.6366666666666667,0,1,0
68,149803.0,899100.0,685.16577696932,90,2,5,11,2224.0,34,437603.9742973272,30172.455330303415,3,9,0.6,0.8181818181818182,0.24343302776386722,0.2014142262191239,0.00508222075352752,3,0.39540404040404037,0,0,0
44,145633.0,325633.0,739.2079826671602,30,5,6,9,11850.0,54,286880.47502685315,12349.213018278553,1,8,0.16666666666666666,0.8888888888888888,0.16415720511311147,0.08479680442124074,0.04130640120729998,1,0.4811111111111111,0,1,1
47,21286.0,229144.0,663.4604955161768,15,2,3,7,14514.0,123,63927.97878879722,10141.31298096782,2,5,0.6666666666666666,0.7142857142857143,0.25027396249803163,0.4764311275471117,0.22703674157993936,0,0.3744047619047619,1,1,0
45,156288.0,229084.0,762.1939541950906,180,5,6,11,20980.0,152,47541.388769251964,4273.343165388314,4,9,0.6666666666666666,0.8181818181818182,0.025349242407847458,0.027342746502535795,0.4412996873488285,6,0.7848484848484848,1,0,0
25,140349.0,86310.0,759.3026620323953,180,3,0,2,8974.0,76,35676.658361074784,4287.867889166159,0,0,0.0,0.0,0.021183299228515334,0.030551467336184506,0.25153701081464325,6,0.8688888888888888,0,0,0
51,82306.0,1455175.0,635.1233232081406,5,5,3,6,8705.0,20,453523.3831644959,48374.34805913803,2,1,0.6666666666666666,0.16666666666666666,0.4591842060567637,0.5877378084117565,0.019194159161673566,0,0.35416666666666674,0,1,0
56,113506.0,583223.0,791.6579701158175,120,6,2,9,27098.0,153,521359.6257694746,22324.167900646633,2,4,1.0,0.4444444444444444,0.38276950540755156,0.19667830687934235,0.05197563957892993,4,0.6888888888888889,0,1,0
66,151526.0,1004448.0,683.1706475027557,30,6,0,0,19481.0,104,571464.3118206294,52846.692419763815,0,0,0.0,0.0,0.31428286884793666,0.34876319852542675,0.03408961784146317,1,0.7083333333333334,0,1,0
66,164807.0,1474253.0,683.4821675551482,90,4,6,5,19051.0,78,618874.0466345641,32019.519885638085,0,0,0.0,0.0,0.312928681545972,0.19428495079479685,0.030783323526975,3,0.7316666666666667,1,0,0
45,107234.0,1407853.0,686.9286855821912,0,6,5,4,5526.0,105,889841.7285457435,70926.84695555644,2,2,0.4,0.5,0.6915108769495865,0.6614212559035049,0.006210093124123397,0,0.54,1,1,0
67,24697.0,514844.0,684.8521025658788,45,4,5,2,15010.0,148,252187.90445524314,24288.907099589986,1,0,0.2,0.0,0.8509397378063569,0.9834760132643635,0.05951911148325469,1,0.6408333333333333,0,0,0
46,118203.0,760337.0,495.8906650339044,5,1,4,2,12643.0,0,233133.65990859916,41636.886425681296,4,1,1.0,0.5,0.16435966085787385,0.3522489820535967,0.054230693263927356,0,0.09305555555555556,1,1,1
52,128163.0,721408.0,667.0145521267195,120,6,4,11,18615.0,64,321668.23832757614,22162.873936947515,2,0,0.5,0.0,0.20915308261587207,0.1729272405994516,0.05787018356796268,4,0.7505555555555555,0,0,1
50,27544.0,98433.0,584.5237469836281,30,1,2,6,27607.0,169,35904.988854270014,1975.9326492101131,0,2,0.0,0.3333333333333333,0.10862918982437196,0.07173731662830792,0.7688903654043838,1,0.5083333333333333,0,0,1
69,150404.0,1164026.0,793.8434991550973,15,3,4,0,8353.0,54,731234.653489857,18120.446464997065,1,0,0.25,0.0,0.40515026943535243,0.12047848770642447,0.011423145716815875,0,0.46166666666666667,0,0,0
57,50651.0,882838.0,791.025809420484,90,1,6,8,24327.0,175,673099.0434500481,41231.92074427022,3,3,0.5,0.375,1.1074132189723929,0.8140396190454328,0.036141783644958264,3,0.5458333333333334,1,0,0
26,162255.0,588607.0,739.6356832718911,180,5,1,7,19009.0,50,204207.08848633862,12045.16400207573,0,3,0.0,0.42857142857142855,0.10487971017140643,0.07423601122970466,0.0930868763709527,6,0.834920634920635,1,0,0
24,107256.0,859576.0,663.3072793862779,30,6,2,4,14895.0,84,529494.5216796244,23415.266883385408,1,4,0.5,1.0,0.41139463967798573,0.21831195348871305,0.02813060265996927,1,0.52,1,0,0
41,70184.0,1116409.0,609.4389544377411,90,5,0,4,28501.0,12,760676.3207263032,60836.0307503756,0,2,0.0,0.5,0.9031929413236435,0.8668076876549584,0.03746797320151479,3,0.5683333333333334,0,0,1
46,27525.0,71714.0,633.9693299107076,90,0,6,6,4405.0,130,30658.31675719066,2343.885886838197,5,1,0.8333333333333334,0.16666666666666666,0.09281960871084063,0.08515480061174195,0.14368042560480243,3,0.4833333333333334,0,1,0
53,20894.0,986767.0,815.9849334498223,45,1,3,11,20349.0,43,508828.1161530108,23927.351325444033,2,7,0.6666666666666666,0.6363636363636364,2.029402843531679,1.145178104979613,0.039991893832141946,1,0.3027525252525253,1,1,1
44,138114.0,1298800.0,631.5461829436027,120,2,4,9,11957.0,152,544343.3222340496,58613.989801950636,2,9,0.5,1.0,0.3284384169563124,0.42438847475238306,0.02196591656700601,4,0.575,1,1,1
46,79100.0,1103287.0,515.1083251929756,5,0,1,4,20460.0,23,474058.95281707455,28533.37098585539,1,1,1.0,0.25,0.4994299966467283,0.3607252969134689,0.04315918912282396,0,0.13583333333333333,1,1,1
66,154089.0,948957.0,752.1115855939776,120,3,0,2,4160.0,21,459923.783229206,34391.032030722505,0,0,0.0,0.0,0.24873275792410338,0.22318940372591492,0.00904497691072183,4,0.63,0,0,0
37,55344.0,181289.0,785.0352179532525,30,0,5,1,22088.0,84,67361.04508565647,3860.237346858974,1,1,0.2,1.0,0.10142780470881588,0.06974987978568542,0.327904651299766,1,0.365,1,1,0
45,167098.0,1129802.0,796.1450981016566,0,4,6,2,2055.0,15,583257.4295809893,37773.028385319754,4,0,0.6666666666666666,0.0,0.2908759278891176,0.22605314477324537,0.0035233155992137246,0,0.31666666666666665,0,1,1
48,170535.0,1138470.0,752.6843602974529,180,4,2,1,10465.0,59,813076.9636497492,22023.37017406452,0,1,0.0,1.0,0.397316759829238,0.1291428162785617,0.012870860284891837,6,0.7644444444444444,0,0,1
43,34486.0,766185.0,764.1063774064347,90,4,5,9,27195.0,124,341506.50451356213,35186.11796168346,4,4,0.8,0.4444444444444444,0.8252298143052305,1.020301512546641,0.07963245103848385,3,0.5938888888888889,0,0,0
68,122803.0,894857.0,683.7053851837479,120,6,4,6,18980.0,90,768752.276002335,26492.74333776491,1,5,0.25,0.8333333333333334,0.5216703962188322,0.2157336818951077,0.02468935779767675,4,0.7625,0,0,0
68,170234.0,946683.0,534.6593063555836,5,5,4,0,14742.0,100,296781.9458015653,26272.486423698734,4,0,1.0,0.0,0.14528137044771966,0.15433160487152234,0.04967283289481771,0,0.47638888888888886,1,1,0
46,70341.0,225629.0,681.9516729050009,90,1,1,11,9930.0,16,109910.33021947277,12353.51089754163,0,8,0.0,0.7272727272727273,0.13021131608814296,0.17562319127595044,0.09034637581537086,3,0.4211616161616161,0,1,1
43,28954.0,423331.0,723.5100940693592,90,4,4,1,2681.0,122,254533.58772626167,20399.51700769987,4,1,1.0,1.0,0.7325803795856118,0.7045491817261819,0.01053299104432254,3,0.5083333333333333,1,0,0
49,159827.0,1198839.0,670.5310960403625,180,5,1,7,3334.0,16,668290.781824337,44545.27297179874,1,6,1.0,0.8571428571428571,0.3484448715508732,0.2787093105157373,0.004988846308636285,6,0.5665079365079364,0,0,1
29,94797.0,1461948.0,667.341471688227,30,5,1,0,21500.0,102,1257575.7137659772,77144.78764335856,1,0,1.0,0.0,1.1054988675502893,0.8137893355629245,0.017096386137750226,1,0.525,1,1,1
41,22385.0,441638.0,612.5117372687174,180,4,2,7,8225.0,142,173672.38891069498,10359.038518695586,0,4,0.0,0.5714285714285714,0.646535585253127,0.46276696532032996,0.0473592840611493,6,0.8761904761904762,0,0,0
31,154120.0,631044.0,609.8782879709581,90,0,1,6,2225.0,130,273383.5115590423,23941.441627136122,1,1,1.0,0.16666666666666666,0.14781961651042602,0.15534286028507735,0.008138749799910553,3,0.45833333333333337,0,0,1
28,127975.0,1377175.0,808.6703960336249,15,3,6,10,13146.0,63,821844.5741412593,71836.60194316712,4,10,0.6666666666666666,1.0,0.5351595846462586,0.5613330880497528,0.015995725242496345,0,0.31916666666666665,0,1,0
25,29390.0,285373.0,811.20424589161,5,6,0,7,11884.0,27,170446.20715734505,10783.749462143662,0,1,0.0,0.14285714285714285,0.48328855380896296,0.3669190017741974,0.06972287737109603,0,0.505436507936508,1,0,1
49,59905.0,428714.0,679.8147008127728,180,0,6,5,28737.0,149,317497.32680700044,11712.291269158542,4,2,0.6666666666666666,0.4,0.4416678168308161,0.1955144189826983,0.0905109982783212,6,0.6600000000000001,1,0,1
21,20953.0,131077.0,699.7066523565048,60,4,1,6,6908.0,38,97768.60537725927,6221.732405693548,0,1,0.0,0.16666666666666666,0.38884091926875736,0.29693754620787227,0.0706566282023164,2,0.5677777777777778,1,0,0
52,172689.0,390415.0,611.3399360074087,5,3,6,7,8026.0,89,61745.38893019504,8023.967227060702,2,3,0.3333333333333333,0.42857142857142855,0.029796044203836105,0.046464842734978494,0.12998541492828924,0,0.46464285714285714,0,0,0
42,22041.0,972449.0,724.9802394957618,5,1,2,4,4938.0,42,703226.0434252691,20499.23651773267,0,1,0.0,0.25,2.6587800138577693,0.9300502027009967,0.007021924239250327,0,0.3613888888888889,0,0,0
38,146928.0,554926.0,803.1754420129939,120,2,6,8,5646.0,5,382011.8938864678,24552.698427280135,4,7,0.6666666666666666,0.875,0.21666615274514717,0.16710700769955444,0.014779644535565078,4,0.3736111111111111,0,0,0
58,100825.0,1475900.0,572.9538454038715,5,6,3,6,16006.0,74,869788.6565413728,26231.575067852238,1,3,0.3333333333333333,0.5,0.7188930130931257,0.260169353512048,0.01840217146961453,0,0.5241666666666667,1,1,0
47,112402.0,1342755.0,712.4718309791675,5,4,3,11,6687.0,99,520639.9088266779,22860.71446784313,0,10,0.0,0.9090909090909091,0.3859954366371579,0.20338352046977037,0.01284380987056856,0,0.5021464646464646,0,0,0
56,149478.0,1348902.0,717.7315569851528,60,6,0,2,21590.0,136,1119982.6068022172,40686.915997995,0,0,0.0,0.0,0.624385420598247,0.27219333947467184,0.01927708508049418,2,0.7666666666666666,1,0,0
55,162984.0,1103238.0,716.9324560422481,120,3,3,8,24525.0,130,776309.6580589458,34107.99274108976,1,4,0.3333333333333333,0.5,0.39692529024267503,0.20927203124901683,0.03159177493852305,4,0.6833333333333333,1,0,0
22,38643.0,1068051.0,794.9972367493929,30,5,3,9,14615.0,149,366304.7014406784,36085.184614761216,1,5,0.3333333333333333,0.5555555555555556,0.7899332812339415,0.9338090887032895,0.03989847780418631,1,0.5694444444444444,0,0,0
31,20896.0,789017.0,822.5212748519807,60,4,6,8,7183.0,146,298970.49487136654,35213.26549208492,3,7,0.5,0.875,1.1922955544576574,1.6851677590010012,0.024025782220049908,2,0.5375,1,0,1
48,38186.0,1486366.0,663.6561425489136,90,6,1,11,24624.0,72,1014952.8082513481,56116.43772929774,1,8,1.0,0.7272727272727273,2.2149321921021405,1.4695552749514937,0.024261226531728543,3,0.5622727272727273,0,0,0
68,128566.0,188280.0,727.122157050945,60,2,0,5,28990.0,61,157823.96635249036,8198.077045080066,0,3,0.0,0.6,0.10229763075806095,0.06376551378342693,0.18368566365422964,2,0.508888888888889,0,0,0
28,110104.0,1098100.0,685.8963594008242,90,2,1,6,27521.0,108,568712.450965356,18663.068069039306,1,5,1.0,0.8333333333333334,0.4304358083912755,0.1695039968487912,0.048391766266563566,3,0.4583333333333333,0,1,1
26,31589.0,253371.0,635.7519294942213,15,0,1,1,27601.0,86,205078.42855655015,7000.166957927169,1,0,1.0,0.0,0.5410069659178568,0.2216014105520013,0.1345875341169247,0,0.3202777777777778,0,0,1
67,55955.0,541914.0,698.956990981671,60,1,6,4,24215.0,53,236591.99379021043,29077.087423629648,6,4,1.0,1.0,0.35235456138892923,0.5196512809155508,0.10234919454405458,2,0.2677777777777778,1,1,1
68,105032.0,420649.0,727.0049669950174,0,0,1,1,22149.0,5,187766.2764660077,13507.296025466943,0,1,0.0,1.0,0.148975452295497,0.12860172162261924,0.11796047946879187,0,0.1611111111111111,1,1,0
29,136294.0,921766.0,695.185007979189,90,1,6,9,28694.0,85,612472.8583326725,22029.900311779224,6,9,1.0,1.0,0.3744802035383512,0.16163514396656656,0.046849422973800556,3,0.3972222222222222,1,1,1
40,73631.0,1191455.0,618.3173153359718,120,2,0,9,10182.0,84,223878.2829572933,65152.86722833023,0,5,0.0,0.5555555555555556,0.2533786527383092,0.8848564765972244,0.045480070087648046,4,0.6811111111111111,0,0,0
51,171840.0,165661.0,647.5507552101026,120,6,5,2,27871.0,169,42109.59706080191,5210.48997577668,3,0,0.6,0.0,0.02042093277700279,0.030321752652331703,0.6618681237855862,4,0.7933333333333333,0,1,0
30,178743.0,922396.0,648.086480587774,0,2,2,9,616.0,146,642281.636891865,31500.99869155985,1,8,0.5,0.8888888888888888,0.2994437250185392,0.1762362648694486,0.0009590808215862322,0,0.3527777777777778,1,0,1
36,142097.0,371439.0,621.0289231548506,180,5,0,3,24975.0,48,123155.84481126133,8896.665206919273,0,1,0.0,0.3333333333333333,0.07222521986815422,0.06260980321132235,0.20279183694671302,6,0.84,0,0,0
40,91590.0,161647.0,701.9477707123968,30,5,4,8,10021.0,19,45472.80345078865,6668.605213360212,1,7,0.25,0.875,0.04137351553188908,0.07280931557331817,0.2203734812797473,1,0.39222222222222225,1,0,0
52,160102.0,655433.0,709.2678467405154,0,6,5,11,8778.0,141,142091.02072803525,15264.512143725928,2,0,0.4,0.0,0.07395859136052603,0.09534242010546981,0.061777302710783175,0,0.59,0,0,1
36,135919.0,892835.0,748.5662320621037,45,3,5,9,20260.0,87,284493.7069734431,35174.96941285876,4,0,0.8,0.0,0.17442601045073602,0.2587936154096098,0.0712142290089082,1,0.5108333333333334,1,0,0
41,102172.0,342636.0,619.9664356287558,60,5,1,2,5229.0,7,115760.66274199732,15520.57812558696,0,1,0.0,0.5,0.094416492729578,0.15190637479531535,0.04517078492936917,2,0.4988888888888889,1,0,1
35,89892.0,615216.0,639.5764919639845,30,2,4,2,29814.0,135,249698.3206589629,25282.863395818895,0,2,0.0,1.0,0.23147992466790046,0.28125821425509384,0.11940008215241406,1,0.475,1,0,1
58,152835.0,1432576.0,788.8198616351866,90,4,3,1,21810.0,62,1223057.6988262066,26667.818800979214,3,0,1.0,0.0,0.6668726070741904,0.17448764223495414,0.017832355759610934,3,0.5461111111111111,1,1,0
28,108245.0,552794.0,668.4852895148956,45,5,3,10,575.0,30,350175.0321054942,10055.855673432283,2,1,0.6666666666666666,0.1,0.2695852249568834,0.0928990315805098,0.0016420359742460873,1,0.4608333333333333,0,0,0
32,47630.0,1493616.0,682.1091720476144,5,0,6,6,25365.0,118,1000700.6125846553,72730.2299542679,2,3,0.3333333333333333,0.5,1.7508233826451385,1.5269836228063804,0.025347241403686282,0,0.3597222222222222,0,0,1
33,179969.0,1259621.0,667.7427395023045,60,0,2,1,3237.0,141,314352.64422506094,64470.38061310508,2,1,1.0,1.0,0.14555870002845905,0.35823047643263606,0.01029735254169667,2,0.31666666666666665,1,1,0
65,29072.0,587857.0,759.3121573105151,15,1,2,7,24693.0,139,173123.8961667244,12007.810887986861,1,1,0.5,0.14285714285714285,0.49625039031463375,0.413036973307198,0.14263195634310225,0,0.42321428571428577,0,1,0
67,130592.0,886371.0,762.026607650052,5,5,3,6,24385.0,49,730372.6515073911,26607.44586562351,2,5,0.6666666666666666,0.8333333333333334,0.46606520786584116,0.20374483785854808,0.03338706610888652,0,0.35194444444444445,0,0,1
45,124264.0,1078382.0,757.9245670412193,15,3,6,7,19308.0,106,674777.9586713068,44389.08720214076,0,3,0.0,0.42857142857142855,0.4525163889456499,0.35721598533880095,0.028613856976032585,0,0.5363095238095239,1,0,0
28,112959.0,723731.0,681.8597327950283,180,1,6,7,18012.0,83,548036.7933733192,35042.50358221931,1,5,0.16666666666666666,0.7142857142857143,0.40430362150080945,0.3102232100339,0.0328664064489742,6,0.7213492063492063,0,0,1
58,26416.0,641267.0,618.9294815757698,60,5,4,1,24896.0,156,268111.7925320646,32935.09372152256,1,1,0.25,1.0,0.8457998704448838,1.2467858010873167,0.09285678844962623,2,0.5958333333333333,0,1,0
45,97800.0,528117.0,814.7649154431479,15,0,0,4,25513.0,34,307842.12168231467,22681.204629339136,0,4,0.0,1.0,0.26230582965432403,0.23191415776420385,0.08287689761418932,0,0.2547222222222222,1,1,0
62,162581.0,252288.0,739.9416283868862,30,1,2,8,21214.0,147,132868.91548647723,5272.562050904932,2,0,1.0,0.0,0.06810395817391394,0.03243037040555128,0.15966112105550423,1,0.3916666666666667,1,0,1
38,56804.0,86147.0,648.0338713025327,120,3,0,10,5127.0,62,26193.77132964593,3939.850209200499,0,6,0.0,0.6,0.03842712269330494,0.06935867560736038,0.1957335557173967,4,0.6611111111111111,1,0,0
69,130031.0,538543.0,779.6673192861088,60,6,0,2,19960.0,111,413911.83509133867,26583.019597628227,0,1,0.0,0.5,0.2652648439547356,0.20443601600870737,0.048222829858429614,2,0.7166666666666667,0,0,1
60,157118.0,1203821.0,642.5073759318634,90,5,5,6,6043.0,90,481910.2279597205,34973.69517867566,4,2,0.8,0.3333333333333333,0.25559888531746866,0.22259508890563565,0.012539679901761894,3,0.6383333333333334,1,1,1
31,172256.0,388388.0,778.7492382232059,60,4,5,11,1397.0,62,194258.31367652406,13502.73881958548,4,8,0.8,0.7272727272727273,0.0939775265092479,0.07838762550846112,0.0071914554057452736,2,0.44505050505050503,1,1,0
56,101614.0,310634.0,783.4799212569144,180,4,0,7,4553.0,41,77579.23327554682,6726.873815963062,0,4,0.0,0.5714285714285714,0.0636224940096401,0.06620026586851283,0.05868838615391572,6,0.7673015873015873,0,0,0
35,68849.0,525713.0,615.496205982326,60,2,3,2,13814.0,65,330551.26017238677,14289.289388664705,1,1,0.3333333333333333,0.5,0.40009206157967286,0.20754534399431662,0.04179079514867322,2,0.4777777777777778,0,0,1
38,131338.0,918398.0,720.7230812114673,30,3,1,7,28911.0,109,682692.606889631,45728.85907669155,0,5,0.0,0.7142857142857143,0.43316519647121104,0.3481769105414393,0.042348488482568204,1,0.5369047619047619,0,1,0
33,96757.0,361781.0,734.7533492772931,15,6,0,0,1015.0,110,165620.1691700531,6712.444599977586,0,0,0.0,0.0,0.1426427107513781,0.06937425302538923,0.006128480637873476,0,0.6791666666666667,1,0,0
54,119588.0,369572.0,850.0,0,5,2,5,2225.0,112,326553.45241553406,16814.389535070073,1,3,0.5,0.6,0.22755450129857932,0.1406026485522801,0.006813585903139444,0,0.4816666666666667,1,0,0
33,138153.0,212900.0,628.03892176563,90,4,0,6,2771.0,118,73064.7185467572,4024.977322729126,0,2,0.0,0.3333333333333333,0.04407234403569304,0.02913420137622148,0.037925281245375905,3,0.725,0,0,0
52,133066.0,531703.0,780.278029389568,180,0,5,0,5715.0,9,427920.12103265594,14199.03111145384,1,0,0.2,0.0,0.26798739036308794,0.10670668022976448,0.013355296278680642,6,0.59,1,0,1
49,57330.0,365271.0,681.2142212623488,60,5,6,2,16230.0,71,252369.9793200724,13988.599475343233,3,1,0.5,0.5,0.36683815820697774,0.24400138627844467,0.06431034326557532,2,0.5661111111111111,1,0,0
57,140439.0,1255248.0,593.1045071493602,45,2,2,11,24641.0,56,1061244.676510199,18995.084908620145,1,3,0.5,0.2727272727272727,0.6297186420855312,0.13525505670518975,0.023218962172822915,1,0.4263383838383839,1,1,0
69,105779.0,1363347.0,671.6008981115999,5,2,1,7,1424.0,71,961822.4398905997,57280.887456216245,1,2,1.0,0.2857142857142857,0.7577295114425672,0.5415147378611657,0.00148052274613386,0,0.30559523809523814,0,1,0
21,168784.0,587234.0,680.1725332769795,60,4,3,5,24132.0,68,306030.6618427962,16235.732135054888,1,2,0.3333333333333333,0.4,0.15109580975427972,0.09619236500530197,0.07885484367705704,2,0.5611111111111111,1,0,0
69,124833.0,173571.0,605.8776864819298,5,2,6,2,27396.0,31,79860.51136916755,7800.768891275828,0,0,0.0,0.0,0.053311565163837255,0.06248963728562021,0.34304814144449636,0,0.39527777777777773,0,0,1
26,162472.0,176809.0,701.852153319607,60,4,1,1,2380.0,173,136505.3203911294,9549.360414328385,0,1,0.0,1.0,0.07001479249302926,0.05877542231478892,0.017435217859498614,2,0.6,1,0,0
46,176567.0,520897.0,747.0466478849007,15,0,4,5,13510.0,0,406441.6588910356,16491.37172246875,4,3,1.0,0.6,0.1918259824368066,0.0934000788509107,0.03323970293021057,0,0.06916666666666667,1,1,0
37,179110.0,722030.0,696.6740457843408,120,1,0,6,24440.0,107,427209.22182000056,11696.767428915135,0,4,0.0,0.6666666666666666,0.19876482879236249,0.06530493790919063,0.05720850288736861,4,0.65,0,0,1
52,138641.0,816252.0,642.0709137434086,180,3,2,2,20998.0,83,552270.5893677316,39960.15789483902,1,1,0.5,0.5,0.33195482659514597,0.2882275654015697,0.03802121714292194,6,0.7594444444444444,1,1,0
56,114761.0,490995.0,669.6069552115124,15,6,3,9,5553.0,126,244094.80196788002,12757.588859475158,1,8,0.3333333333333333,0.8888888888888888,0.17724866023582345,0.1111665884706055,0.02274935785289975,0,0.5402777777777777,1,0,1
63,37137.0,564043.0,679.6819650244585,15,5,2,5,4433.0,149,176984.55520099748,11813.688502410421,1,4,0.5,0.8,0.3971433592755596,0.3181110079546119,0.025047383343510053,0,0.4908333333333334,1,0,0
40,80552.0,461343.0,695.2125139236734,180,2,1,0,13372.0,116,86495.05806695437,23144.876737567087,0,0,0.0,0.0,0.08948159580866435,0.2873283933057787,0.154598427919997,6,0.8666666666666667,0,0,0
66,95004.0,800530.0,757.6881533568022,0,6,5,1,25427.0,137,512562.57725001295,19453.830131762355,4,0,0.8,0.0,0.4495973654179587,0.20476853744855328,0.049607601351663755,0,0.53,1,1,0
36,144445.0,1060505.0,699.0357827370262,45,1,4,10,28458.0,49,691353.5753909021,41583.89813302638,3,3,0.75,0.3,0.3988562978936055,0.2878874182770354,0.041162729192380905,1,0.3372222222222222,1,1,1
30,113380.0,112959.0,581.8112359959202,5,6,3,4,14342.0,178,73304.4800003011,2841.974543612796,3,4,1.0,1.0,0.053878167813474674,0.025065924709938226,0.19564970653827826,0,0.4097222222222222,1,1,1
39,89139.0,744134.0,640.6375249607916,30,2,2,4,15887.0,15,425499.9877086618,32368.584658629337,0,2,0.0,0.5,0.3977869654029679,0.36312483490536507,0.037337251372326165,1,0.35833333333333334,1,1,1
46,41752.0,990425.0,691.6214735627645,0,0,0,2,16763.0,120,402905.529855015,40557.76874158068,0,2,0.0,1.0,0.8041641315685776,0.9713970286831931,0.041605286494906496,0,0.35,0,0,0
53,133960.0,1025201.0,758.688713946788,5,0,4,9,14704.0,26,339882.30459343566,36258.00545927255,3,1,0.75,0.1111111111111111,0.21143270664964398,0.27066292519612234,0.04326203453748144,0,0.1938888888888889,1,0,0
61,87978.0,867044.0,770.8492509075586,30,6,1,9,19454.0,42,172783.33066045627,32254.900504476725,0,3,0.0,0.3333333333333333,0.1636614936503598,0.3666246164322527,0.1125918798164035,1,0.5683333333333334,1,0,0
32,23855.0,811455.0,804.2279739111218,0,4,2,2,8212.0,148,211795.0697300896,19547.740968395945,0,0,0.0,0.0,0.7398695931324306,0.8194399902911735,0.03877332938139365,0,0.5833333333333334,1,0,1
35,64008.0,1037401.0,689.1430078305514,120,1,6,8,16196.0,121,644458.0235298902,16470.890539427004,5,4,0.8333333333333334,0.5,0.8390331723246707,0.257325498991173,0.025131194598663916,4,0.5416666666666667,1,0,0
66,160472.0,598643.0,733.4316422851746,60,6,4,5,18387.0,114,434646.85088098695,28153.196228764074,1,3,0.25,0.6,0.22571271565599552,0.17543992864028662,0.04230330891097298,2,0.6691666666666667,0,0,0
42,37250.0,872523.0,578.1876925917921,45,0,4,2,16895.0,149,724819.8008721287,44125.27799803441,1,2,0.25,1.0,1.6215208073201983,1.1845712214237427,0.023309241800060294,1,0.39999999999999997,1,0,1
32,83795.0,513222.0,710.0917101213038,45,2,1,9,29247.0,50,109284.246104597,23667.115335081366,0,1,0.0,0.1111111111111111,0.10868214701016071,0.28244066274934504,0.26762320318344346,1,0.5041666666666667,0,0,0
69,100950.0,684960.0,604.7315128977397,120,5,3,0,22335.0,115,520925.559012568,29670.41058302027,0,0,0.0,0.0,0.43001944775678386,0.29391194237761537,0.042875607874447066,4,0.8500000000000001,0,0,0
42,31566.0,229923.0,675.6222562971675,120,0,0,10,22026.0,36,137508.86082306533,7789.0934530971845,0,10,0.0,1.0,0.3630194429213535,0.2467557958910595,0.1601787686128909,4,0.4633333333333334,0,0,0
69,44832.0,557705.0,850.0,0,6,1,0,24194.0,86,209689.9915313316,21391.402201949124,1,0,1.0,0.0,0.3897699402423336,0.4771458378379087,0.11537985109978396,0,0.49111111111111116,1,0,1
66,170324.0,256018.0,701.24879653333,90,4,5,3,15830.0,72,177764.70526578158,10923.030555283014,3,3,0.6,1.0,0.08697379957501662,0.06413089497242323,0.08905029812488408,3,0.5283333333333333,1,1,1
65,113667.0,378331.0,619.533074657377,45,6,3,2,9184.0,111,337477.12551800814,6071.882143740048,2,1,0.6666666666666666,0.5,0.24741652188557228,0.05341816132861823,0.027213696293943133,1,0.5875,1,0,1
49,52075.0,658222.0,708.5452304170534,120,5,4,2,16073.0,11,286039.0790525805,21028.100654199872,0,0,0.0,0.0,0.45773576420640183,0.40380414122323327,0.056191622673506844,4,0.6744444444444444,1,0,1
60,45490.0,775098.0,643.8047369387451,120,5,5,5,27661.0,4,481009.10183648416,18592.632493069563,5,5,1.0,1.0,0.8811627131173227,0.40871911393865823,0.05750618833280035,4,0.4088888888888889,1,1,1
68,86969.0,1415886.0,612.7479120789715,90,1,6,9,26378.0,5,489364.8194024017,41879.02469130962,0,1,0.0,0.1111111111111111,0.468907330392057,0.48153968300554933,0.05390252620164249,3,0.4583333333333333,1,0,1
34,135222.0,87776.0,827.219767337335,90,1,0,4,10616.0,47,26663.808536641933,3947.2225092186786,0,4,0.0,1.0,0.016432119364601625,0.029190682797316108,0.398142672882281,3,0.46277777777777773,1,0,0
22,136323.0,1352915.0,754.6768418386727,5,1,4,6,14493.0,103,354258.7061262973,39958.958738007306,2,6,0.5,1.0,0.21655596519925552,0.2931197137534188,0.04091078002987195,0,0.3180555555555556,0,0,1
36,49629.0,525949.0,704.1875637497021,120,1,6,11,8169.0,28,91575.71871191276,23438.28071470962,3,3,0.5,0.2727272727272727,0.15376715010698175,0.4722698566303899,0.08920486909525421,4,0.47661616161616166,1,0,1
52,135551.0,1100039.0,652.5723696826722,90,4,1,5,365.0,178,762170.6524604943,59262.68651616455,0,3,0.0,0.6,0.468563279049026,0.43719844572275046,0.00047889537444361133,3,0.6983333333333334,0,0,1
47,163198.0,1032914.0,658.244736191946,15,0,6,9,9342.0,74,268009.39293425577,53644.71045885105,4,5,0.6666666666666666,0.5555555555555556,0.1368528785760527,0.3287093619949451,0.03485698727839604,0,0.28805555555555556,1,0,0
24,54666.0,1457728.0,787.9737306790905,15,2,4,4,3030.0,54,958025.6940463785,70129.82794229752,2,3,0.5,0.75,1.4604228314466923,1.2828783511194803,0.00316275442175491,0,0.31583333333333335,0,0,1
48,22245.0,207639.0,701.4604276365197,45,4,2,0,10755.0,160,166569.38787409323,10199.151346752862,1,0,0.5,0.0,0.6239956090285953,0.4584918564510165,0.06456768639943318,1,0.5958333333333333,0,0,1
29,173340.0,1452420.0,464.20363999358307,30,3,5,3,1610.0,31,1140076.6743205397,44672.50718274354,2,3,0.4,1.0,0.5480927052423655,0.25771609082002733,0.0014121857207187614,1,0.3172222222222222,1,1,1
45,102563.0,141192.0,849.4656960961186,90,3,6,1,9507.0,33,52837.40305765786,6249.623213309938,6,1,1.0,1.0,0.04293085149100054,0.060934481375446686,0.17992935780030025,3,0.3483333333333334,0,1,0
49,143785.0,1322094.0,692.81436498806,30,1,0,10,21432.0,68,321671.614279541,55105.60016227545,0,0,0.0,0.0,0.18643090626023867,0.3832499924350624,0.06662695447343711,1,0.49277777777777776,0,0,1
52,69856.0,995658.0,704.0358304014372,5,0,4,0,25312.0,12,480204.2229278994,54079.84723214024,0,0,0.0,0.0,0.5728501285118666,0.7741618076062219,0.052710906717287426,0,0.2863888888888889,1,0,1
41,66465.0,748775.0,756.0686369404358,30,6,6,9,26624.0,122,214124.87031710197,28450.410210950573,5,8,0.8333333333333334,0.8888888888888888,0.2684682042141252,0.4280510074618306,0.12433866257839159,1,0.4944444444444445,1,0,1
41,54462.0,626773.0,712.5781979118111,120,3,4,1,16834.0,139,269594.4490252898,20176.2262468865,1,1,0.25,1.0,0.41251155090596775,0.37046429155900445,0.062441938477823984,4,0.6458333333333333,0,0,0
54,53157.0,185715.0,732.2836032401767,120,4,3,1,16390.0,63,107086.24540341855,9005.445448805549,1,1,0.3333333333333333,1.0,0.1678773027751418,0.1694122213218494,0.1530542035371125,4,0.6066666666666666,0,0,1
57,94399.0,1212646.0,650.3393572844552,15,3,0,6,29029.0,156,767920.4736041285,54548.37492390664,0,1,0.0,0.16666666666666666,0.6779030794854187,0.5778490759849854,0.037802091489703885,0,0.5625000000000001,0,0,0
60,35137.0,1105529.0,593.914327322353,120,2,3,0,16668.0,1,346851.7849645771,22104.464593919405,0,0,0.0,0.0,0.8226176228395925,0.6290936788547515,0.048055108039020904,4,0.5522222222222222,0,0,1
37,154407.0,1409101.0,699.6162947031238,0,5,6,0,2518.0,95,451577.5324215909,54745.27543080354,4,0,0.6666666666666666,0.0,0.24371602994121103,0.3545517718160675,0.005576008147476225,0,0.5166666666666667,1,1,0
41,100818.0,1109107.0,780.2130256592213,180,2,5,9,28077.0,131,886703.9548324586,42913.864152325754,1,7,0.2,0.7777777777777778,0.7329246388148765,0.42565676915159745,0.031664457846367795,6,0.758888888888889,1,0,0
37,166274.0,1437708.0,634.6538209131818,90,2,3,0,18419.0,67,1234510.7124810915,57889.30426089796,1,0,0.3333333333333333,0.0,0.6187130441726164,0.34815608129291387,0.014920081141282212,3,0.5905555555555555,0,0,0
46,99354.0,1335869.0,629.0383203626157,0,5,2,7,19999.0,170,844048.2002311064,70346.75946001332,1,3,0.5,0.42857142857142855,0.7079468367580456,0.7080415429677045,0.02369414447483465,0,0.49880952380952387,0,0,0
27,67126.0,667109.0,765.4713482265956,90,2,5,1,2880.0,77,378662.6771960814,26071.570256661962,0,0,0.0,0.0,0.47008943032019557,0.388397495108631,0.0076057139333768065,3,0.6627777777777777,1,0,0
42,101416.0,1070395.0,647.9928356401236,45,4,6,1,14090.0,165,688857.9912619619,53306.478306672005,5,0,0.8333333333333334,0.0,0.5660332946000975,0.525621975888144,0.020454143203285848,1,0.5458333333333333,0,0,0
30,42987.0,433274.0,651.2608060315919,120,4,2,8,13765.0,118,106787.03043136785,12710.193567103734,0,3,0.0,0.375,0.20701419504999158,0.29567528711246965,0.1289014213092739,4,0.7791666666666667,0,0,1
47,151502.0,1203086.0,653.8799008937631,15,0,5,4,24441.0,41,989874.2340830476,20807.562681167077,5,3,1.0,0.75,0.5444780894438399,0.13734183496697785,0.024691015442623865,0,0.14527777777777778,1,0,1
62,134662.0,932489.0,675.4513313306664,180,4,2,0,11482.0,149,285758.22521120415,27982.97807393137,1,0,0.5,0.0,0.17683671291282627,0.20780159268339524,0.04018082066234015,6,0.8583333333333333,1,0,0
69,41838.0,688472.0,569.8453332868573,120,5,5,8,10292.0,5,449063.06149426615,24996.19890041667,1,1,0.2,0.125,0.8944481521867405,0.5974520507772042,0.022918830076455562,4,0.6186111111111111,1,0,1
42,112283.0,960879.0,642.2461921220861,15,1,6,11,20423.0,34,304097.0636399718,46442.025487724226,4,2,0.6666666666666666,0.18181818181818182,0.2256924197785742,0.4136158233011607,0.06715947781784341,0,0.2698737373737373,1,1,0
23,105155.0,451921.0,696.1257613397805,30,6,4,6,466.0,140,307009.6616509447,18200.64481806447,2,2,0.5,0.3333333333333333,0.24329930551007614,0.17308396955032543,0.001517867540370178,1,0.6,1,0,0
32,50564.0,952400.0,695.626655532238,60,0,3,4,22363.0,162,681037.7736082842,31132.13002152232,1,2,0.3333333333333333,0.5,1.122402258537504,0.6156975322664805,0.03283665145549274,2,0.4666666666666666,1,0,0
26,37778.0,738477.0,761.0595136805711,15,1,2,10,221.0,69,521205.603174431,24720.446910094015,2,10,1.0,1.0,1.1497114792878373,0.6543609219676535,0.0004240169304665712,0,0.21583333333333335,0,0,1
58,141167.0,516578.0,808.7574555536363,180,6,0,4,7142.0,118,243578.86980483675,28342.718947276422,0,1,0.0,0.25,0.14378883981669274,0.20077439449217183,0.029321098360142656,6,0.9750000000000001,0,0,0
69,60774.0,1464516.0,785.8738412665082,5,5,0,7,14924.0,125,886434.0301781568,30247.752495384477,0,7,0.0,1.0,1.2154787000172178,0.4977087651855148,0.01683599624102941,0,0.5263888888888889,1,0,0
48,102066.0,142440.0,744.0256668851754,15,5,5,5,5811.0,132,85249.12653376907,3307.548405116903,3,0,0.6,0.0,0.06960294199649333,0.03240597657512691,0.06816492128747072,0,0.5558333333333334,1,0,1
29,58129.0,1148663.0,669.5885786462954,45,4,4,8,1060.0,163,792846.9927029901,45959.453655363344,4,4,1.0,0.5,1.1366199784143745,0.7906458679035137,0.0013369540526176765,1,0.4708333333333333,0,1,1
22,123850.0,354507.0,636.3851651030184,45,1,1,6,12585.0,15,185850.5248450371,15263.73118008568,1,5,1.0,0.8333333333333334,0.1250508174169271,0.12324369140157998,0.06771570868843886,1,0.1708333333333333,1,1,0
68,25936.0,372654.0,681.2514902755881,0,3,3,5,21215.0,34,197681.87281004875,11477.433189379826,3,1,1.0,0.2,0.6351592150230334,0.4425290403061315,0.10731889423359196,0,0.2555555555555556,0,1,0
36,76212.0,273908.0,720.9905138841028,180,3,6,5,7259.0,165,181684.9153903894,4460.6663680455,3,1,0.5,0.2,0.1986617542626592,0.05852971143711621,0.03995378473992993,6,0.8049999999999999,1,1,0
26,106623.0,198493.0,737.5356458771968,15,0,4,3,8222.0,98,55104.273159742515,7122.023679223052,2,2,0.5,0.6666666666666666,0.04306784430481112,0.06679631673487946,0.14920802922425153,0,0.3375,0,0,0
29,89133.0,229655.0,723.6160013461096,0,4,6,5,20298.0,95,146832.19167516645,4770.946187800466,6,1,1.0,0.2,0.13727817949503032,0.053526148427635846,0.13823944033270857,0,0.4133333333333334,1,0,0
33,117207.0,1257377.0,671.5177170036764,45,0,0,0,28428.0,72,328393.20636689063,21679.60931266327,0,0,0.0,0.0,0.23348520592263447,0.18496855403400198,0.0865669552501016,1,0.49750000000000005,1,0,1
53,47215.0,1393110.0,735.0803567889583,180,0,0,4,15530.0,65,966297.6819908431,40108.17370927228,0,0,0.0,0.0,1.7054920434728427,0.8494794812934933,0.016071651924077744,6,0.7444444444444445,1,0,0
64,89572.0,897929.0,768.2610753558452,0,1,4,0,16768.0,44,396601.62335297064,18341.19537527272,4,0,1.0,0.0,0.3689784227148464,0.20476483025133657,0.04227920162867484,0,0.23111111111111113,1,1,0
34,140555.0,70079.0,741.6112268847279,45,1,4,3,24809.0,71,54639.68777535051,2281.763726233967,1,0,0.25,0.0,0.03239519984783567,0.016233956289238856,0.45404725045284816,1,0.49111111111111116,0,0,1
54,72043.0,1303521.0,677.7590861385621,180,0,4,4,1981.0,13,281963.2033907364,59268.20415865496,3,2,0.75,0.5,0.3261515152880183,0.8226781805124017,0.007025739444642313,6,0.46638888888888885,1,0,0
24,43435.0,922693.0,621.6305915245796,180,6,6,0,29438.0,52,457095.2786163583,15576.75694807395,4,0,0.6666666666666666,0.0,0.876971871026358,0.3586222389334396,0.06440232786720035,6,0.8155555555555556,1,0,0
21,155335.0,805264.0,619.9702799428325,5,5,0,3,14275.0,178,221780.23976595217,28180.745465668257,0,2,0.0,0.6666666666666666,0.11897953872058892,0.1814191615905511,0.06436551793371947,0,0.5597222222222222,1,0,1
23,144085.0,1423837.0,632.3147663485473,60,3,6,8,11343.0,29,1141415.2235463292,49662.31899372368,0,0,0.0,0.0,0.660151544543342,0.3446737619719171,0.009937663144843798,2,0.5311111111111111,0,0,0
66,128226.0,644206.0,697.9952639072451,120,2,0,11,18539.0,131,157145.0399154799,9708.838121228546,0,3,0.0,0.2727272727272727,0.10212764956371295,0.07571661068136373,0.11797381584535636,4,0.7227272727272728,1,0,1
49,147277.0,572077.0,716.3862627488943,90,1,3,7,27359.0,6,293988.3451086813,25474.613391298215,0,6,0.0,0.8571428571428571,0.166346603740277,0.17297075165367448,0.09306151231908855,3,0.38595238095238094,1,0,0
60,144168.0,1180736.0,580.9827377439179,60,6,5,8,28110.0,132,270315.8361096181,21949.21672439415,0,5,0.0,0.625,0.15625048329588748,0.15224749406521662,0.10398946804063997,2,0.7041666666666666,0,0,0
22,138949.0,814292.0,644.7203424145514,90,5,4,8,23315.0,47,609321.9521294879,42572.98800146765,1,5,0.25,0.625,0.3654350110049298,0.30639290676052117,0.03826384379968194,3,0.5961111111111111,0,0,0
22,100527.0,1089476.0,697.0299825713776,45,5,1,11,14508.0,126,393877.9116428348,44205.03197451478,1,8,1.0,0.7272727272727273,0.32651088069443596,0.4397329272187052,0.03683374865954843,1,0.48143939393939394,0,1,0
62,21146.0,1058886.0,617.0224062931678,0,3,4,11,4473.0,89,630613.6249264714,28073.86890008995,1,10,0.25,0.9090909090909091,2.4851572595544917,1.327620774618838,0.007093091273632956,0,0.4193686868686869,1,0,0
26,114726.0,1267191.0,710.3732907141723,60,0,6,1,5709.0,139,351782.0717760816,65908.17590170626,6,0,1.0,0.0,0.2555233569374579,0.5744833420646258,0.0162287974801454,2,0.41666666666666663,1,1,0
28,62247.0,509896.0,658.4800196358404,60,4,1,5,25077.0,120,210946.2240007284,15816.168715659674,0,2,0.0,0.4,0.28240480665832407,0.25408724461676346,0.11887863894597804,2,0.6599999999999999,0,0,1
46,143274.0,154442.0,629.360580983152,120,3,6,10,3753.0,100,36336.01407564022,3924.436594646124,3,2,0.5,0.2,0.02113433821188784,0.02739112884854282,0.1032859573476449,4,0.6883333333333332,1,0,0
50,93870.0,742595.0,683.7243802714228,180,2,4,10,14445.0,132,418172.5393220893,22560.058568673277,1,7,0.25,0.7,0.3712337446487068,0.24033299849444206,0.03454315776788494,6,0.7591666666666668,1,1,0
32,164654.0,988951.0,707.4596230705371,30,2,0,6,12230.0,173,150903.86527158806,39027.445677506636,0,2,0.0,0.3333333333333333,0.0763742278108377,0.2370270122651538,0.08104497507727289,1,0.5416666666666666,0,0,1
42,114478.0,1234799.0,620.602976001105,180,0,2,5,21274.0,107,1104902.6133120419,54261.85843847439,1,0,0.5,0.0,0.8043049125247077,0.47399376682396954,0.019254185612096013,6,0.725,0,0,1
54,107186.0,437229.0,663.0171334130167,0,6,6,0,10296.0,31,202091.24315250904,18133.14633177341,4,0,0.6666666666666666,0.0,0.15711881149940993,0.16917457813309023,0.05094728420384885,0,0.41888888888888887,0,0,0
42,166913.0,1130765.0,712.7374864114976,180,1,2,5,21078.0,20,703432.3948496996,58629.5634794544,0,5,0.0,1.0,0.351197128069563,0.35125822122575473,0.029964500006434417,6,0.5777777777777777,1,0,0
39,94960.0,1256685.0,626.6536871678263,5,5,6,6,15244.0,98,458797.7900031419,66914.5176842511,5,3,0.8333333333333334,0.5,0.4026237275371577,0.7046600430102264,0.03322596649799819,0,0.4513888888888889,0,1,1
24,78848.0,1222251.0,563.9570211703269,60,6,2,7,26578.0,77,415487.2643049278,27968.17362539228,2,0,1.0,0.0,0.4391225990776851,0.35470999423437855,0.06396826637866401,2,0.5877777777777777,1,1,0
43,78185.0,1221703.0,572.4398308017172,90,0,2,6,5604.0,109,958549.6414911832,62919.77657539728,2,1,1.0,0.16666666666666666,1.0216683096621082,0.8047550882573036,0.005846332581463436,3,0.45833333333333337,1,1,1
60,159753.0,1481643.0,650.7364395160121,60,4,5,2,22834.0,120,1064763.7263273725,28547.222584877636,2,2,0.4,1.0,0.5554218733124325,0.17869600311028674,0.021445133258586848,2,0.54,1,1,1
51,140516.0,1008665.0,587.7107206586403,180,0,5,11,21648.0,33,637949.3648833076,53737.304972653714,3,5,0.6,0.45454545454545453,0.3783373215406713,0.382428370951733,0.03393372764617425,6,0.5378787878787878,0,0,0
64,44475.0,586974.0,655.6594673376628,45,5,1,2,24738.0,133,419233.66576873546,14893.757290832484,0,2,0.0,1.0,0.7855230762014904,0.334879309518437,0.05900766570031706,1,0.6041666666666666,0,0,0
27,97783.0,682899.0,796.5459995820875,5,3,5,4,14707.0,178,192225.7326417135,17503.770875410493,5,0,1.0,0.0,0.1638199999332821,0.17900627793594484,0.07650900739398998,0,0.4097222222222222,1,1,1
21,78147.0,1133282.0,583.4981128617923,60,0,1,6,9627.0,58,963934.7475565188,36108.42940744705,0,0,0.0,0.0,1.0279076052786402,0.4620577809442084,0.009987190548326547,2,0.4955555555555555,1,0,0
47,122765.0,392975.0,660.217660396561,15,5,6,3,15513.0,167,192973.95673746968,8751.432032694325,1,2,0.16666666666666666,0.6666666666666666,0.13099143128298624,0.07128605085076631,0.08038908597964114,0,0.5541666666666667,1,0,0
29,26469.0,924037.0,829.2613187989969,60,5,0,0,29194.0,167,740646.8425552401,44454.261413571236,0,0,0.0,0.0,2.331805894175703,1.6794839779958153,0.039416896586341156,2,0.7333333333333333,0,0,0
50,133687.0,880460.0,708.5691058082997,30,6,4,7,5849.0,75,618120.507674507,17599.954470697292,2,2,0.5,0.2857142857142857,0.3853033002925409,0.13165045569649475,0.00946255613165968,1,0.5714285714285714,0,0,1
65,138283.0,1016576.0,654.259369876708,0,3,1,2,19847.0,143,370481.914118362,33111.45819486616,1,2,1.0,1.0,0.22326311146848735,0.23944706287010087,0.05357076619308131,0,0.30000000000000004,1,0,0
37,54706.0,660841.0,669.0182155836533,60,6,4,10,6729.0,167,381297.1117119864,33892.05041233899,4,8,1.0,0.8,0.5808276845196542,0.6195307719873321,0.017647655314742494,2,0.5366666666666666,0,1,1
47,42405.0,1122817.0,710.0553755875294,0,4,6,9,23210.0,153,982447.3014591363,45379.282260652166,2,0,0.3333333333333333,0.0,1.9306829018966638,1.0701398953107455,0.023624676830531648,0,0.5333333333333333,1,1,0
54,119660.0,153577.0,798.7040351439208,15,3,4,5,12705.0,69,27308.463743052525,6033.5172134308505,4,5,1.0,1.0,0.019018095536696002,0.05042217293524027,0.4652403782044402,0,0.28250000000000003,1,1,1
28,59637.0,1137110.0,642.840247476593,60,2,3,5,25766.0,119,534283.9799822445,62297.4457388704,1,5,0.3333333333333333,1.0,0.7465778794795241,1.0446106567880746,0.04822529023021851,2,0.4833333333333333,0,0,1
64,170535.0,1227237.0,626.9672801978202,120,2,5,11,4902.0,106,755247.4149743319,19515.477729363593,1,2,0.2,0.18181818181818182,0.3690578742263718,0.11443678851475411,0.006490588253342915,4,0.7018181818181818,0,0,0
30,143587.0,1334330.0,583.4833887053841,15,4,1,0,3713.0,74,540299.6327453785,37083.36231385656,0,0,0.0,0.0,0.31357274262606094,0.258264065088459,0.006872112759235925,0,0.5769444444444445,1,0,1
60,172712.0,1388047.0,687.2167222756863,15,5,3,4,28522.0,115,539168.914189636,27761.951491843338,1,3,0.3333333333333333,0.75,0.26014835592857666,0.16074130049934768,0.05289993404547108,0,0.5208333333333334,0,1,0
53,104624.0,556516.0,581.6018841127461,15,0,6,0,10092.0,168,395971.5536940476,12456.548359338854,2,0,0.3333333333333333,0.0,0.3153925435321147,0.1190601425995838,0.02548667929766922,0,0.4291666666666667,0,0,0
27,170033.0,117259.0,647.5352162624744,60,2,2,1,2545.0,4,98174.53149306183,2772.023859713422,0,1,0.0,1.0,0.04811543028562192,0.016302858031755144,0.025923220221120785,2,0.3422222222222222,1,0,0
56,20263.0,997547.0,616.3921591222753,5,0,0,11,25078.0,162,551864.1973496628,39977.29896504325,0,0,0.0,0.0,2.2695890594912846,1.9729210366206016,0.045442339112480065,0,0.45972222222222225,1,0,1
30,64969.0,180820.0,755.1886457163874,45,2,3,1,12420.0,66,155714.46344019458,4680.3956816952,1,1,0.3333333333333333,1.0,0.1997291829439099,0.07204044516146471,0.07976137685353912,1,0.4008333333333334,1,0,1
50,18362.0,456421.0,644.4122528843236,120,5,3,11,27659.0,149,103132.44329564637,18972.22530466204,0,11,0.0,1.0,0.4680519700815378,1.0332330522090207,0.26818912765123637,4,0.7500000000000001,1,0,1
68,127764.0,1068590.0,707.7851229603931,0,4,5,9,13134.0,19,342592.92302977055,47576.60391462933,2,4,0.4,0.4444444444444444,0.22345426139194827,0.3723787914798326,0.038337044104260976,0,0.3211111111111111,0,1,0
67,100727.0,912124.0,567.7135598818006,180,0,5,7,22682.0,160,196821.7273449321,28345.632511472475,3,7,0.6,1.0,0.16283430075429303,0.28141047099062294,0.11524134203054505,6,0.6100000000000001,0,0,1
63,64602.0,929637.0,689.2054868116992,45,5,2,8,17363.0,80,443112.13959563005,33888.14213557877,1,6,0.5,0.75,0.5715923908388157,0.5245680030893589,0.039184211960080616,1,0.5319444444444444,1,1,0
45,67402.0,1139203.0,595.7787785897476,60,0,5,2,14469.0,164,706346.9162920701,23107.237040564916,2,2,0.4,1.0,0.873301133858627,0.34282717190239037,0.02048426865930729,2,0.4066666666666666,1,1,1
48,122288.0,288849.0,650.2046050049098,60,0,1,1,14579.0,76,86756.93533506432,13028.700117287392,0,1,0.0,1.0,0.05912063825768154,0.10654111701301347,0.16804420238790574,2,0.4355555555555556,0,1,1
35,47210.0,1196951.0,834.7841801979357,180,6,1,4,7533.0,134,582201.7678893573,38020.82695404253,0,3,0.0,0.75,1.0276808725011601,0.8053553686516105,0.012938813338388188,6,0.925,0,0,0
66,101358.0,900477.0,745.2522064068619,60,0,4,9,22098.0,107,597282.7438028133,43569.947206632576,4,9,1.0,1.0,0.4910669309138675,0.4298619468283961,0.036997553050512076,2,0.31666666666666665,1,1,1
44,117402.0,659180.0,671.0111192018085,120,1,4,3,15750.0,36,415029.9165728467,23762.635319730834,4,2,1.0,0.6666666666666666,0.29459316179511896,0.20240400776588843,0.03794907155141317,4,0.38,1,1,1
58,56876.0,722308.0,850.0,15,0,5,2,45.0,44,449247.7391147175,30965.767041644147,2,1,0.4,0.5,0.6582268723695958,0.5444434742535366,0.00010016744900859488,0,0.26694444444444443,1,1,1
38,55006.0,787644.0,615.9377716738677,5,4,4,9,11919.0,96,476149.85833657015,23112.080280056758,3,1,0.75,0.1111111111111111,0.7213604854266961,0.4201738043132887,0.02503203516984975,0,0.46944444444444444,0,0,1
57,75384.0,848021.0,761.5651467452753,60,3,0,7,12178.0,87,754702.8533855425,25331.053106653155,0,4,0.0,0.5714285714285714,0.8342871756446356,0.3360269169406393,0.016136152056892818,2,0.6028571428571429,1,0,0
31,113937.0,534082.0,572.712788020702,5,5,4,6,26568.0,110,366081.7680510602,17336.48205950129,0,6,0.0,1.0,0.26775159960552775,0.1521584916181863,0.07257395018998695,0,0.5263888888888889,0,0,0
56,59211.0,373402.0,662.9254069646437,5,6,3,4,12806.0,145,310205.4852813555,15100.887778875403,0,3,0.0,0.75,0.4365820051473481,0.2550351755396025,0.04128231320082878,0,0.5847222222222223,1,0,0
23,79441.0,295102.0,585.6547174873608,5,5,1,9,17017.0,139,254908.41701278754,10405.692918247334,1,7,1.0,0.7777777777777778,0.26739804489368163,0.13098642915178982,0.06675730915211928,0,0.3986111111111111,1,1,0
26,106038.0,544024.0,698.0093140563613,15,3,2,8,2485.0,10,432368.0343390557,25662.18764052029,2,1,1.0,0.125,0.3397901651130221,0.24200935174673502,0.005747418408945803,0,0.23888888888888893,1,1,0
38,48252.0,427750.0,683.917917750513,0,0,5,4,11761.0,89,94693.61328389736,7353.8332104805195,4,4,0.8,1.0,0.16354004891662066,0.15240473369975377,0.12420056213020184,0,0.2277777777777778,0,1,0
44,110166.0,798399.0,658.4634640571493,90,6,1,1,8521.0,26,436671.07135401573,40735.681452066485,0,1,0.0,1.0,0.3303129454293337,0.36976636577588806,0.019513543623529618,3,0.5827777777777777,1,0,0
55,40372.0,1372598.0,756.4439917588414,60,3,3,10,14954.0,92,598637.1516854408,71432.0130423828,3,5,1.0,0.5,1.2356690108768469,1.769345413712048,0.0249800734182594,2,0.4666666666666667,1,1,0
38,41091.0,206741.0,640.3030718898046,5,1,0,1,26956.0,96,46062.1724940733,5119.533079600857,0,0,0.0,0.0,0.09341496616062174,0.12459013116256253,0.5852090455235988,0,0.4930555555555556,0,0,0
21,56371.0,498005.0,702.8796223465126,15,3,5,5,28007.0,179,285434.9132196926,9477.560052086685,3,5,0.6,1.0,0.4219588577159837,0.16812829384056846,0.09812044253480535,0,0.3891666666666667,1,0,0
36,64414.0,121270.0,737.4388458189937,180,2,1,10,8609.0,69,37547.42287549509,4593.010184898994,0,6,0.0,0.6,0.04857564980114971,0.07130453294158093,0.22928337927603998,6,0.76,1,0,0
42,22832.0,1463401.0,576.1745153772672,180,2,6,5,18397.0,81,857996.2677313148,25707.282672011235,3,1,0.5,0.2,3.131556104485352,1.1259321422569741,0.0214418182128516,6,0.7516666666666667,1,0,1
47,173780.0,1066110.0,627.6109960827931,5,3,6,9,28630.0,92,813486.3514224527,25787.735958877787,2,5,0.3333333333333333,0.5555555555555556,0.3900939652733594,0.14839300241039122,0.03519419834142013,0,0.45416666666666666,1,0,1
52,67916.0,400143.0,683.7702677121084,60,5,5,5,6869.0,23,178215.10904634462,14126.104741924633,0,5,0.0,1.0,0.21867099191936193,0.2079937679180846,0.03854330890774096,2,0.48444444444444446,0,0,0
33,148348.0,650651.0,724.1107393599823,15,1,2,8,13147.0,10,561102.8327980473,25734.845875489158,0,7,0.0,0.875,0.3151951451980295,0.17347619027886563,0.023430642712031862,0,0.24722222222222223,1,0,0
50,164116.0,1098453.0,779.4866436145073,30,6,5,7,15002.0,127,796215.1883653711,25014.18376444254,2,2,0.4,0.2857142857142857,0.4042949236949125,0.15241770311512917,0.018841640073205698,1,0.6197619047619047,0,1,0
51,147703.0,1438696.0,664.8884140890456,60,0,0,3,99.0,54,1083642.4645234756,75257.49500146857,0,3,0.0,1.0,0.6113859482223762,0.5095190686815337,9.135854605285755e-05,2,0.3866666666666666,1,1,1
59,152680.0,882159.0,657.8470270145081,180,1,2,10,13969.0,65,206617.99427414182,19630.617077899187,0,0,0.0,0.0,0.11277289880476696,0.12857359888589984,0.06760785791708857,6,0.7777777777777778,1,0,0
46,34212.0,442820.0,618.9182778850435,60,4,0,5,3640.0,178,379233.17909482284,9363.974403583321,0,2,0.0,0.4,0.9237333369744116,0.27370438453125573,0.009598316288380085,2,0.6599999999999999,1,0,1
60,78264.0,1060461.0,703.0988864523923,180,1,0,5,9312.0,44,186531.77451056943,22792.27552441318,0,3,0.0,0.6,0.19861385237845564,0.2912229827815238,0.04992178959554344,6,0.6711111111111111,1,0,1
31,138882.0,1044332.0,659.2017698411336,120,5,2,7,3463.0,162,817629.8745496806,54494.27813242648,2,5,1.0,0.7142857142857143,0.49060225860183504,0.3923782645153906,0.0042354127555665555,4,0.6285714285714287,0,1,1
55,111285.0,983739.0,660.8177416021997,120,5,4,11,22088.0,113,169437.23511754847,49335.337968815205,4,0,1.0,0.0,0.12687936013954296,0.44332423928485604,0.1303609562837606,4,0.7000000000000001,0,1,1
23,18916.0,116653.0,673.4278045878044,120,3,6,10,25042.0,47,31711.31035582161,1903.9676375206213,5,3,0.8333333333333334,0.3,0.13970232587854026,0.10065381885814238,0.7896866991307646,4,0.5327777777777777,0,0,1
26,109912.0,1074785.0,718.6139643463238,120,3,0,4,8048.0,171,415413.88295668684,47359.98493562993,0,1,0.0,0.25,0.31495945465212083,0.430890029620332,0.019373449781501708,4,0.7583333333333333,0,0,0
63,148331.0,78455.0,640.5388612774517,15,6,2,2,1210.0,112,55179.00399271067,1407.4473052205217,2,1,1.0,0.5,0.03099992808466126,0.009488558057456107,0.02192863068278371,0,0.4791666666666667,0,1,0
44,152255.0,1363043.0,625.9489337763766,180,5,4,3,14776.0,56,1123917.97658774,24551.705385889414,3,2,0.75,0.6666666666666666,0.6151511042810526,0.16125385298275535,0.013146866860213881,6,0.7119444444444444,1,1,0
51,80189.0,1328840.0,710.2206930293872,180,4,1,3,3442.0,81,863578.6625772956,23973.34741633099,1,0,1.0,0.0,0.8974409027186767,0.29896054840852226,0.0039857399784839175,6,0.7633333333333333,1,0,1
50,56278.0,867030.0,468.1992568682191,60,0,5,3,13231.0,67,603302.3751064711,41777.70107315928,5,2,1.0,0.6666666666666666,0.8933366133398355,0.7423451628195615,0.02193095957506381,2,0.29888888888888887,1,1,0
55,68147.0,986792.0,637.742527843682,90,4,3,5,16318.0,152,362477.9296873654,31673.482510135414,2,0,0.6666666666666666,0.0,0.4432549362497804,0.4647817587000956,0.04501791326736543,3,0.6583333333333333,0,0,0
33,66014.0,148380.0,599.4083350414845,120,0,3,0,14005.0,83,130801.77478450461,5531.781418090794,3,0,1.0,0.0,0.16511873085570813,0.08379709482974512,0.10707041263830847,4,0.5177777777777778,1,0,0
29,74145.0,1317917.0,764.2280756111752,5,1,0,6,15660.0,6,600707.4430342931,21393.149212641238,0,3,0.0,0.5,0.6751494178459923,0.2885312457028962,0.026069262469761014,0,0.2563888888888889,0,0,1
23,66889.0,442696.0,649.1347066219972,0,4,1,10,17003.0,123,369511.8669068554,22593.28606564461,0,9,0.0,0.9,0.46035455120529956,0.337772818634523,0.04601476034404608,0,0.4933333333333334,1,0,0
63,92065.0,430053.0,640.7498719312938,180,2,6,5,4907.0,136,315848.4289895338,23343.666680054263,6,5,1.0,1.0,0.28589260213756024,0.2535563643084154,0.015535932902052213,6,0.6166666666666667,1,0,0
31,24620.0,1076917.0,676.5964260322709,45,6,6,0,20498.0,71,458174.24769334187,26284.46692241337,4,0,0.6666666666666666,0.0,1.5508199556368192,1.0676062925431913,0.04473843762104981,1,0.5952777777777778,1,0,0
49,62582.0,1411381.0,638.323930007456,90,6,3,4,20054.0,165,574928.0884476164,58234.4372169819,0,4,0.0,1.0,0.765566361530494,0.9305301399281247,0.03488088406699438,3,0.725,1,0,0
43,68979.0,766408.0,651.8146289292525,45,0,4,4,4289.0,76,505530.9585119445,32305.720620213167,0,2,0.0,0.5,0.6107305103871523,0.4683413882516877,0.008484149047221331,1,0.4563888888888889,0,0,1
28,42841.0,785897.0,686.7977287296214,45,6,3,7,13014.0,47,672219.7299639223,42164.32475442499,0,3,0.0,0.42857142857142855,1.307586443601383,0.9842049614720709,0.019359741197567133,1,0.5990873015873016,1,0,0
41,160222.0,845400.0,650.4571695845613,0,6,3,3,8649.0,126,553110.0065370433,29040.036089736845,0,3,0.0,1.0,0.287678973828523,0.18124874293003984,0.015637034039847467,0,0.55,1,0,0
25,127428.0,472151.0,649.9547783409574,15,0,4,3,11920.0,22,374448.9214391179,11575.529566289508,3,0,0.75,0.0,0.2448761401465389,0.0908397649361954,0.03183344728084118,0,0.21555555555555556,0,0,0
29,165741.0,915041.0,609.2889628402083,0,2,3,8,23185.0,177,800397.4459363613,26912.550278284678,3,8,1.0,1.0,0.40243384051841996,0.16237714432931308,0.02896685904947704,0,0.26666666666666666,1,1,0
27,108975.0,1443427.0,599.2351381635629,30,6,0,2,17895.0,123,573765.0785098347,58580.7174824515,0,0,0.0,0.0,0.43875894969016954,0.5375610688915027,0.031188722824463895,1,0.7083333333333334,1,0,0
61,35760.0,604812.0,684.2445828313197,0,0,0,11,27232.0,56,334986.40218352125,20502.815154078406,0,1,0.0,0.09090909090909091,0.7806357247005995,0.5733449427874274,0.08129285195606548,0,0.3653535353535353,1,0,1
48,164548.0,1170974.0,701.4620356850075,120,0,5,3,17072.0,14,710583.4442957235,21283.97144159244,5,0,1.0,0.0,0.3598663431013663,0.1293481017186015,0.02402532754885737,4,0.36444444444444446,0,1,0
66,92205.0,1172148.0,580.0290349351235,15,3,5,9,1339.0,105,366744.5869471345,55436.32854640265,0,2,0.0,0.2222222222222222,0.3314576098070735,0.6012290932856423,0.00365104229934555,0,0.5569444444444445,0,0,1
42,128878.0,1283708.0,733.1958990766593,90,6,1,0,21337.0,105,960420.9995906755,63634.36909665494,1,0,1.0,0.0,0.6210143181863698,0.4937566465700503,0.02221629890339099,3,0.6749999999999999,1,0,1
30,79778.0,1099125.0,733.4833347877324,0,1,0,3,2200.0,142,380647.40741161397,37516.7487383735,0,3,0.0,1.0,0.3976110868196892,0.4702643427808857,0.005779626912369916,0,0.3833333333333333,1,0,0
50,98074.0,1386099.0,748.2282396795036,0,5,1,4,10257.0,51,942763.5267983064,49814.75595863938,1,1,1.0,0.25,0.8010647799946183,0.5079302971087075,0.010879716608080415,0,0.35500000000000004,1,1,0
66,97276.0,1085734.0,700.9922359318418,30,4,4,5,28014.0,38,589410.41338504,37634.72292739677,4,2,1.0,0.4,0.5049296275417712,0.3868860040235697,0.04752885148247201,1,0.3361111111111111,1,1,1
47,64122.0,1465426.0,724.5957470202297,120,1,4,1,29691.0,74,1139373.5333214058,53033.54396811386,0,1,0.0,1.0,1.4807366339704076,0.8270725175152656,0.02605905713242899,4,0.5811111111111111,1,0,0
21,107864.0,1087199.0,832.9518091204825,120,2,1,2,4438.0,147,580201.4635539685,20770.821151820946,1,2,1.0,1.0,0.4482507784138425,0.19256490721483485,0.007649067227123931,4,0.5,0,1,0
35,136864.0,1263517.0,658.8934879385895,45,4,1,10,29554.0,163,745475.6324827091,40868.85599576346,0,4,0.0,0.4,0.45390292095480983,0.29860924710488845,0.039644488313553945,1,0.6308333333333334,1,0,1
66,21281.0,1341019.0,606.801594937731,60,3,1,11,29378.0,63,383268.93012955016,44139.6565791453,0,4,0.0,0.36363636363636365,1.5008259720311943,2.0741345133755607,0.07665113890152753,2,0.5703030303030303,0,0,0
46,39207.0,1475937.0,572.6158081744977,90,1,3,5,26350.0,8,1116015.1073256398,81041.59509970203,3,2,1.0,0.4,2.3720575138062925,2.067018519644503,0.02361079149111499,3,0.2861111111111111,1,1,1
67,154443.0,913319.0,802.8971751162621,90,1,1,1,24846.0,19,412448.71821737255,15477.219712347343,1,1,1.0,1.0,0.22254635378822205,0.100213151210138,0.06024021630467386,3,0.25055555555555553,0,1,1
45,110281.0,1079824.0,803.815108108906,90,3,3,3,2253.0,97,631490.1014320237,29679.564118721064,0,1,0.0,0.3333333333333333,0.4771826073334056,0.26912672281463773,0.003567751885407063,3,0.6916666666666667,1,0,1
21,175733.0,1452254.0,615.2780180646039,0,5,0,11,3621.0,4,1139357.270511081,50596.25449140979,0,8,0.0,0.7272727272727273,0.5402880461225652,0.2879154996011551,0.0031781075995378776,0,0.3528282828282829,1,1,0
63,115956.0,601347.0,629.0875431125011,30,2,6,11,18411.0,130,306411.4708871963,29399.5023300654,5,9,0.8333333333333334,0.8181818181818182,0.22020670979164245,0.2535401560080151,0.060085870632362544,1,0.36818181818181817,0,0,1
58,123851.0,222829.0,657.320627372818,120,6,6,9,3075.0,5,79293.36166610573,7453.515204083277,6,0,1.0,0.0,0.05335265874996685,0.06018130821780428,0.03878004331495535,4,0.5444444444444445,1,0,0
56,163640.0,1332202.0,765.6979810502188,30,4,2,10,7525.0,76,465012.5267773034,35490.20487623574,1,9,0.5,0.9,0.2368066725623846,0.21687976580442275,0.01618235975738296,1,0.44555555555555554,0,0,0
68,124993.0,966340.0,589.8888461063783,5,2,5,8,29318.0,143,555398.6051925527,35185.14335961781,1,6,0.2,0.75,0.37028647283751404,0.2814969107039419,0.052787312978281,0,0.4213888888888889,1,0,1
30,71398.0,671301.0,542.3366332577788,60,4,3,7,27315.0,84,247309.33030759078,18045.29063009176,2,0,0.6666666666666666,0.0,0.28865109469405165,0.2527422425010751,0.11044872413841804,2,0.5866666666666667,1,0,1
65,103532.0,1089543.0,831.7260133593513,15,3,0,9,7644.0,121,440079.9752363621,40239.937882631675,0,7,0.0,0.7777777777777778,0.35422218511858017,0.3886715013969756,0.017369570146640943,0,0.501388888888889,1,0,1
32,56169.0,97349.0,701.8661300844053,45,5,1,7,16161.0,60,31745.88580508695,4146.5232535485575,1,3,1.0,0.42857142857142855,0.04709876415384368,0.07382227302513054,0.5090738402835925,1,0.4446428571428571,1,1,0
68,72152.0,741969.0,711.8089314142992,45,6,0,4,16160.0,142,359643.5977326663,26882.49711433466,0,0,0.0,0.0,0.4153772565009359,0.3725814546282107,0.04493337321136523,1,0.7374999999999999,1,0,1
30,128205.0,434933.0,665.6425796360005,90,5,4,7,7881.0,76,217275.8443105466,17130.013938802702,1,0,0.25,0.0,0.14122944003129534,0.13361424233690342,0.036271864573845104,3,0.7230555555555555,1,0,1
47,42134.0,467902.0,712.6049446602617,180,0,5,3,7087.0,135,254744.7444550183,7743.168736102341,5,0,1.0,0.0,0.5038384370006375,0.1837748311601638,0.02782000474695324,6,0.65,1,1,0
59,126860.0,1455509.0,574.005588166131,90,0,4,7,13114.0,171,865505.2546038597,60188.212791985185,3,3,0.75,0.42857142857142855,0.5685435746780307,0.47444594664973344,0.015151843307990378,3,0.46964285714285714,0,0,0
24,112618.0,847554.0,621.135560319784,180,5,0,4,18020.0,68,500844.0236848021,45587.40037859278,0,2,0.0,0.5,0.37060684769515984,0.40479674988538933,0.03597926529585704,6,0.8677777777777778,0,0,1
24,67958.0,253626.0,687.3610519165824,0,5,1,5,24129.0,41,107902.37102632472,8792.14569620487,0,1,0.0,0.2,0.13231502181043772,0.12937616904860164,0.22361881180639948,0,0.4877777777777778,0,0,1
62,25280.0,578884.0,521.037637496983,120,3,3,2,25200.0,167,477874.12209426524,27270.258093730463,1,2,0.3333333333333333,1.0,1.5752707083803574,1.0787285638342747,0.052733552278499525,4,0.6333333333333333,0,0,0
23,132149.0,401845.0,658.823767033004,30,1,1,11,612.0,122,214481.71251936612,14850.669658588457,0,0,0.0,0.0,0.13525245021362636,0.11237822199629552,0.0028533901226881564,1,0.5416666666666666,1,0,0
51,151569.0,1368229.0,654.5084940765915,90,6,0,8,19707.0,158,1059128.4151793753,59052.69378447413,0,8,0.0,1.0,0.5823136740688923,0.3896093118281056,0.018606808879414682,3,0.725,0,0,1
66,136272.0,472342.0,658.8116837634747,0,3,2,1,18480.0,68,268306.3241676993,12940.511076563467,1,0,0.5,0.0,0.1640752344378029,0.09496089494953819,0.06887649800028366,0,0.4261111111111111,1,0,1
51,86187.0,567348.0,641.4242734525313,45,2,4,5,1398.0,62,242802.19203073822,30452.15762073157,1,0,0.25,0.0,0.23476296892294105,0.3533265761742672,0.005757773388730429,1,0.5044444444444445,1,0,0
44,123872.0,534525.0,610.2875651887852,0,2,0,5,25039.0,22,376298.1308586306,12617.889868989405,0,2,0.0,0.4,0.25314984477163965,0.10186232456882431,0.06654032520136745,0,0.32555555555555554,1,0,1
41,85190.0,304775.0,552.4577704810356,60,2,6,10,17855.0,139,86166.00685075829,6511.184120449175,4,8,0.6666666666666666,0.8,0.08428806868055551,0.07643131964372785,0.20721628693929514,2,0.4533333333333333,0,1,0
52,76038.0,1181261.0,690.1322933017188,5,1,3,9,21565.0,151,1036273.3084831925,19869.96255540507,1,6,0.3333333333333333,0.6666666666666666,1.135696744262948,0.26131621762020396,0.020810147114147897,0,0.3763888888888889,0,0,1
49,71001.0,885764.0,658.9913209242629,5,2,1,10,19830.0,147,513058.35409268824,32461.14469354905,0,8,0.0,0.8,0.6021726854700266,0.45719278170094857,0.03865057423159617,0,0.44638888888888895,1,1,0
45,52158.0,683618.0,583.7302917401926,0,4,0,5,10028.0,52,155949.8448577874,27177.942103671143,0,2,0.0,0.4,0.2491625523374289,0.5210694831793999,0.06430272507898073,0,0.45888888888888885,1,0,1
28,175035.0,624189.0,684.377338898364,15,0,6,1,6026.0,87,290883.74550979584,25579.813832911375,0,1,0.0,1.0,0.13848837161605576,0.14614113653218713,0.020716179893238713,0,0.37250000000000005,1,0,1
53,125926.0,1016692.0,659.3534863449106,180,2,4,8,11336.0,88,695827.7536213208,22254.634908691318,0,6,0.0,0.75,0.4604739778529459,0.17672787914085508,0.01629138812156264,6,0.7872222222222223,1,0,1
57,46336.0,189052.0,647.728323383652,180,1,6,2,22863.0,21,38015.00873269452,7761.999401341537,1,0,0.16666666666666666,0.0,0.06836838299359484,0.16751552575409048,0.6014203537545646,6,0.6549999999999999,1,1,1
55,158136.0,1401066.0,529.0173579234785,0,4,5,7,19103.0,0,484818.358831477,30268.997762964635,0,4,0.0,0.5714285714285714,0.255485973482465,0.19141117622150955,0.03940238576369631,0,0.3261904761904762,0,0,1
24,42511.0,869021.0,727.7937258615525,180,6,6,4,18806.0,60,732828.5715914245,39279.511299286,4,4,0.6666666666666666,1.0,1.4365469556730897,0.9239846463100374,0.02566220904728173,6,0.7333333333333334,0,0,0
55,114175.0,380102.0,593.686427192361,60,5,6,4,3911.0,91,158560.39914987,9886.370817981977,4,3,0.6666666666666666,0.75,0.11572907025025181,0.08658962835981587,0.024665679583105456,2,0.5583333333333333,1,0,1
56,44816.0,829877.0,684.428917838887,15,1,5,1,286.0,177,223545.60340944148,26458.0029920153,0,1,0.0,1.0,0.4156729802775822,0.5903695776511804,0.0012793810105769263,0,0.4125,0,0,0
29,76519.0,1285475.0,623.4212089597115,180,3,5,9,20034.0,157,287672.6219641908,38164.572395000396,2,7,0.4,0.7777777777777778,0.3132910583909343,0.4987594243913328,0.06964166371902368,6,0.7622222222222221,0,0,0
62,124681.0,301135.0,652.7891437716411,15,0,5,8,28516.0,128,184986.32425111753,8946.396170818718,1,5,0.2,0.625,0.12363974479613142,0.07175428630520062,0.15415193590900128,0,0.3866666666666667,0,1,1
46,179857.0,809579.0,760.6604744224937,5,2,1,4,10758.0,173,460326.4965533817,35490.113140839625,1,1,1.0,0.25,0.2132835607146148,0.19732405822870183,0.023370368815501044,0,0.3513888888888889,1,1,1
44,178687.0,916575.0,717.2132740562362,15,1,4,8,13367.0,139,582764.088236742,50329.97356959355,2,0,0.5,0.0,0.271780678055642,0.28166555804056004,0.022937240419951533,0,0.4375,1,0,0
56,163081.0,1224550.0,759.1027962402629,5,3,6,11,28736.0,94,1063555.43434386,44197.91589024169,3,3,0.5,0.2727272727272727,0.5434699292293707,0.27101818047621545,0.027018807926761354,0,0.457449494949495,1,0,0
45,56146.0,872670.0,703.1269846235101,45,2,6,8,6971.0,164,170248.05385122466,27089.03445334055,2,2,0.3333333333333333,0.25,0.25268652835349603,0.48247487716561377,0.040946136195435016,1,0.5291666666666668,1,0,1
47,33148.0,1117793.0,707.7300509038546,5,4,0,11,15656.0,165,333385.410319337,29898.687494950147,0,8,0.0,0.7272727272727273,0.8381234924161763,0.9019756092358557,0.046960663290585285,0,0.5203282828282828,0,0,0
36,164710.0,1171738.0,555.3202699841676,15,3,0,5,2585.0,36,381246.334436149,46845.0648479545,0,2,0.0,0.4,0.19288766844562613,0.2844093549144223,0.006780393059576904,0,0.4191666666666667,1,0,1
66,167550.0,1342137.0,657.7732504293413,30,6,1,4,7909.0,50,631229.3804608668,44354.04247583281,0,1,0.0,0.25,0.3139507512488147,0.26472123232368133,0.012529518182796816,1,0.5944444444444446,1,0,0
68,63135.0,574276.0,664.2563747705974,60,0,5,10,11232.0,174,138268.2917842306,26366.983646908622,4,9,0.8,0.9,0.18250348695154642,0.4176286314549556,0.08123337502084482,2,0.35666666666666663,0,1,0
27,21106.0,1070609.0,765.6565374246383,120,6,2,7,20564.0,1,489699.1707401196,42040.20909727286,2,1,1.0,0.14285714285714285,1.9334911507790817,1.9918605655866988,0.04199312808498341,4,0.5212698412698413,0,0,0
56,122959.0,410701.0,644.5639470465151,0,5,4,7,9233.0,93,313014.1126582046,12927.576043142853,4,6,1.0,0.8571428571428571,0.21213989531619254,0.10513729001653277,0.02949707258113938,0,0.380952380952381,1,0,0
22,30326.0,1274231.0,698.5401656339286,60,4,0,7,13816.0,68,347538.05781581224,67687.7242912651,0,2,0.0,0.2857142857142857,0.9550057646238987,2.232003043304923,0.039753919575973996,2,0.6225396825396825,0,0,0
39,24560.0,1429268.0,695.8030140159327,0,5,0,11,8938.0,134,1196919.5475130253,22083.023893470752,0,11,0.0,1.0,4.061209105296639,0.8991459240012522,0.007467502739487788,0,0.5166666666666667,0,1,1
68,169817.0,476604.0,761.0372612196509,180,0,5,8,4233.0,172,397220.8669750034,20293.570019341056,4,8,0.8,1.0,0.1949259433071107,0.11950258230531134,0.010656539854605315,6,0.5800000000000001,0,1,0
29,98295.0,863765.0,670.6379142385706,15,1,2,9,23796.0,57,461890.0614267616,27149.566313775853,0,4,0.0,0.4444444444444444,0.391584907189889,0.2762049576659632,0.051518753026412865,0,0.39472222222222225,0,0,1
39,36152.0,1242391.0,737.9450864085203,120,0,0,0,20187.0,39,987847.6565457132,24679.9397922101,0,0,0.0,0.0,2.2770700941988298,0.6826714923713793,0.020435337236704612,4,0.57,1,0,0
31,124040.0,89352.0,560.6594406103733,90,5,1,8,19377.0,59,61083.31560907981,1671.580960654031,1,7,1.0,0.875,0.04103737746498429,0.013476144474798703,0.3172224658531745,3,0.4852777777777778,0,1,0
56,77809.0,1072278.0,567.0186396939241,15,2,2,3,17489.0,128,447733.79774278955,43934.18858409515,2,3,1.0,1.0,0.47952228934826474,0.5646414757173996,0.03906115662514032,0,0.29583333333333334,0,0,0
43,104883.0,1240031.0,520.1658958762831,15,2,2,1,3991.0,64,708446.6042249969,25930.196500715556,0,1,0.0,1.0,0.5628864260056419,0.2472297369517992,0.005633452085448194,0,0.38805555555555554,0,0,0
50,163616.0,1313278.0,735.0189482593333,15,4,6,3,15456.0,115,311854.1676040318,64669.80346688224,3,3,0.5,1.0,0.15883438844817122,0.3952535416272384,0.04956162721424595,0,0.43750000000000006,1,0,1
67,56529.0,335299.0,727.1566856452115,45,2,1,9,21242.0,62,174966.3208526549,9199.638715201188,1,6,1.0,0.6666666666666666,0.257930031271051,0.16274193272835516,0.12140622204594799,1,0.3252777777777778,0,0,1
46,122733.0,1147890.0,742.7779301729497,30,4,4,9,14832.0,133,886726.9915505021,33006.101256222275,4,0,1.0,0.0,0.6020704778872988,0.26892605294600697,0.01672668153933743,1,0.4916666666666667,1,0,1
56,152216.0,1189752.0,632.5846715005665,60,6,1,3,21704.0,11,700680.6433010047,49261.65469819473,1,2,1.0,0.6666666666666666,0.38359997377685034,0.3236299383651832,0.03097559524086382,2,0.3744444444444444,1,0,0
25,86652.0,54134.0,640.5516639725734,45,2,3,2,9872.0,61,23630.733930182152,1288.7440644190067,3,0,1.0,0.0,0.02272570543686446,0.01487264072865031,0.41776104073479803,1,0.3897222222222222,1,1,1
31,175162.0,1072485.0,671.5266650136382,120,6,2,5,15428.0,55,694616.0711323726,16389.252871862762,2,3,1.0,0.6,0.3304636427670635,0.09356625793187313,0.02221083076129964,4,0.5955555555555556,1,1,1
67,90625.0,958022.0,781.0589512063359,45,3,2,3,11422.0,107,845590.054428656,31454.902643729194,2,3,1.0,1.0,0.7775540730378446,0.34708858089632216,0.013507727462236484,1,0.3875,0,1,0
63,92389.0,1454779.0,798.5679689335436,15,2,4,5,29873.0,116,291844.8837721875,52539.62164307013,0,1,0.0,0.2,0.2632392057605952,0.568678323643184,0.10235916975443263,0,0.5258333333333334,0,0,1
53,161239.0,112365.0,735.5665942888954,15,6,4,9,5371.0,130,44695.7903160969,3689.5970511224987,2,6,0.5,0.6666666666666666,0.02310017547248541,0.022882783018515984,0.12016791653118324,0,0.5375,1,1,0
39,121018.0,1450089.0,703.171380736245,90,3,0,3,8504.0,162,387107.70576467604,48316.48434021851,0,2,0.0,0.6666666666666666,0.26656344907691143,0.3992503953148995,0.021968046291410193,3,0.6583333333333333,1,0,0
30,158730.0,878559.0,773.4767888390088,5,0,1,2,20431.0,143,762334.9905024766,36574.02102626326,1,0,1.0,0.0,0.40022627024007046,0.23041656288202142,0.026800553896303973,0,0.30972222222222223,1,0,1
62,146046.0,447895.0,662.0910279995309,15,2,1,1,1753.0,7,250564.287754911,21869.616171854905,0,1,0.0,1.0,0.14297110028969812,0.14974471174735976,0.0069962085008486675,0,0.2613888888888889,1,0,1
59,133403.0,611843.0,652.6340928662394,15,5,6,8,15382.0,121,151279.31400250143,18122.925795987074,6,7,1.0,0.875,0.09450019489972829,0.13585096134260155,0.10167946689489653,0,0.4083333333333334,0,1,1
32,57121.0,1161351.0,670.9684515570332,60,3,2,2,864.0,2,707410.882193475,54123.302507438835,2,0,1.0,0.0,1.0320356234914698,0.947520220364469,0.0012213552572459556,2,0.3211111111111111,1,1,0
49,82612.0,1494269.0,611.4899941406295,5,3,4,2,15835.0,74,784962.1326373948,26160.69134814734,4,0,1.0,0.0,0.7918160927361186,0.31666938638632813,0.020172947638628085,0,0.37416666666666665,1,1,1
51,158040.0,509439.0,667.7493444939871,45,4,3,9,9616.0,106,99080.97041563668,17428.12940660281,2,0,0.6666666666666666,0.0,0.05224466929028341,0.11027669834600613,0.0970519360040748,1,0.5708333333333333,0,1,0
44,117797.0,1476388.0,601.7814369351242,90,1,2,1,5697.0,57,1178727.5066883208,44359.66729570619,2,1,1.0,1.0,0.8338692175864133,0.3765772243410799,0.0048331781244385615,3,0.33499999999999996,0,1,1
66,63392.0,962337.0,751.7505473229705,180,0,0,7,14937.0,125,656214.9026616969,32370.729332921164,0,7,0.0,1.0,0.862641582878093,0.5106437615617296,0.022762360225916076,6,0.7000000000000001,0,0,0
27,71031.0,328422.0,718.0581173723112,30,3,3,0,9932.0,143,50553.70172947395,6128.063622128794,3,0,1.0,0.0,0.05930943499959401,0.08627308671043339,0.19646434702544086,1,0.45833333333333337,0,0,0
33,143684.0,916731.0,780.0693678283478,180,6,6,11,2346.0,109,797330.6273927802,18841.730829953212,0,11,0.0,1.0,0.4624329706118868,0.1311331173265862,0.0029423176777634507,6,0.9,1,0,0
25,46866.0,1212562.0,565.9502037960067,60,0,6,8,15979.0,94,326726.1674087316,32422.9359016173,6,3,1.0,0.375,0.5809580637859919,0.6918221290832864,0.04890639806027661,2,0.37916666666666665,1,1,0
54,36160.0,129088.0,813.1187862845451,90,5,2,9,16973.0,175,19388.566477559943,3348.7060230935713,1,2,0.5,0.2222222222222222,0.04468235268611712,0.09260802055015407,0.8754128377486966,3,0.6944444444444444,0,0,0
52,141947.0,164425.0,569.9267210344592,15,6,3,7,19856.0,117,77354.34402359552,4999.15522337337,1,2,0.3333333333333333,0.2857142857142857,0.045412691605314845,0.0352184633938961,0.25668888089779796,0,0.6005952380952381,0,0,1
69,64718.0,57513.0,596.1184347441756,180,0,2,4,27026.0,41,14699.56644895424,1914.6281919918363,0,0,0.0,0.0,0.018927715175780874,0.02958416811384524,1.8385576264341246,6,0.6911111111111111,1,0,0
47,141996.0,877042.0,636.5424917195837,15,0,6,11,21074.0,118,506589.0599500551,20914.733432162506,2,4,0.3333333333333333,0.36363636363636365,0.2973024239826328,0.14729100419844576,0.0415997929408063,0,0.3928030303030304,1,0,0
28,104446.0,133757.0,771.5404484378905,5,6,3,9,23905.0,86,51305.468279541245,5319.357716759265,2,6,0.6666666666666666,0.6666666666666666,0.04093460438850478,0.05092926217144998,0.4659347395437855,0,0.4841666666666667,1,0,1
43,179646.0,1401553.0,695.7901448060002,0,0,6,1,19442.0,4,404885.627058288,42092.64849104928,3,0,0.5,0.0,0.18781642186034758,0.23430885458651615,0.048018498807321446,0,0.18388888888888888,0,1,1
25,103037.0,235515.0,662.93195246349,60,5,5,6,20174.0,164,209374.89106865472,4099.235425133401,4,5,0.8,0.8333333333333334,0.1693363315028054,0.0397841108061512,0.0963534829655619,2,0.53,0,1,0
53,158532.0,153836.0,624.5160795748387,60,5,2,6,23799.0,143,61464.675698633044,3807.1130900398502,2,5,1.0,0.8333333333333334,0.032309289658992636,0.024014792534250814,0.3871980081158922,2,0.5,1,1,1
54,155769.0,423596.0,583.684539453751,5,2,3,3,19851.0,111,195298.9140032225,15844.986123477636,2,1,0.6666666666666666,0.3333333333333333,0.1044810552822997,0.10172104926832448,0.10164419040073336,0,0.3930555555555556,1,1,0
63,52341.0,1156617.0,759.2839126585108,120,2,3,5,15067.0,121,428734.9099404487,45426.23251156604,2,4,0.6666666666666666,0.8,0.6825989026137074,0.8678900386229923,0.035142927834108044,4,0.5700000000000001,0,1,0
37,179372.0,1365085.0,735.9047482734047,15,3,1,11,21909.0,103,1061681.5298464077,64140.47734023589,1,5,1.0,0.45454545454545453,0.4932400866385722,0.35758355451372503,0.020636131819274987,0,0.3837121212121213,1,1,1
36,138819.0,413955.0,774.6715263964645,60,3,5,1,28960.0,61,123188.06467415694,10274.00974845657,5,1,1.0,1.0,0.07395005046989062,0.0740101120772846,0.2350877098085898,2,0.3522222222222222,1,1,1
24,35368.0,802017.0,707.7772688886787,45,6,3,11,14826.0,167,197090.1806960415,30066.492775793682,3,6,1.0,0.5454545454545454,0.4643797139976851,0.8501044100823819,0.07522444775097706,1,0.5329545454545455,0,0,1
41,18978.0,1171952.0,495.05282790111255,60,4,1,8,6780.0,99,950562.4379366249,39898.178549439646,1,5,1.0,0.625,4.1739665135798685,2.1023384207735085,0.007132619309802804,2,0.48750000000000004,0,1,0
44,61964.0,1205493.0,592.8791947122984,90,6,3,1,12053.0,61,346603.1362255336,58997.559113351606,0,1,0.0,1.0,0.4661350894948863,0.9521263816627655,0.03477464206254945,3,0.6605555555555556,1,0,1
57,20631.0,271731.0,712.5409914092696,180,1,5,3,426.0,123,215605.9147235729,12010.420369935318,5,1,1.0,0.3333333333333333,0.8708816615916699,0.5821540579678793,0.0019758270571851987,6,0.6499999999999999,0,0,0
57,75930.0,1265552.0,654.1198082334786,90,1,2,10,9199.0,28,738618.3164901917,25664.65840063132,2,7,1.0,0.7,0.8106351425547563,0.33800419334428183,0.01245433506673965,3,0.3005555555555556,1,1,1
27,179410.0,1307553.0,640.8810623150312,180,1,4,8,26612.0,57,1003584.5594550768,69759.21570872185,1,7,0.25,0.875,0.46615041871276075,0.38882568256352407,0.0265169484218148,6,0.635,0,0,0
34,95584.0,1115667.0,602.774126457733,120,4,6,0,2988.0,23,226054.83267381624,32587.05503186137,6,0,1.0,0.0,0.19708217612589995,0.34092583520109404,0.0132180319467512,4,0.5177777777777778,0,1,0
46,21872.0,814509.0,746.3312697190178,30,0,2,1,26641.0,15,710834.7775364794,43318.56609975063,1,0,0.5,0.0,2.7083134355053624,1.9805489255555335,0.03747847016198192,1,0.26666666666666666,0,0,1
37,98013.0,617508.0,711.9334846190015,60,6,6,11,16864.0,147,231455.6027873779,16307.671151475079,5,9,0.8333333333333334,0.8181818181818182,0.1967898839842486,0.1663827364887829,0.07286062552346931,2,0.5598484848484848,1,1,0
22,53494.0,1339637.0,715.0833856035686,5,5,2,1,9553.0,78,259849.67054482244,45222.86702934877,1,0,0.5,0.0,0.40479566329062205,0.8453820433945632,0.036763564025193436,0,0.5247222222222223,0,1,1
62,156703.0,1302596.0,635.647842585046,180,6,3,7,14175.0,154,942642.2812012677,48220.21850934748,1,4,0.3333333333333333,0.5714285714285714,0.501289212289739,0.30771726456639303,0.015037517712377504,6,0.8928571428571428,1,0,0
56,32671.0,801421.0,692.3401431229867,180,6,5,11,26357.0,114,227475.58095894946,14059.86404390341,2,3,0.4,0.2727272727272727,0.5802178817068896,0.43034691450838386,0.11586738184770883,6,0.9127272727272727,0,0,0
46,142830.0,1125972.0,586.3564551662463,120,0,0,1,3567.0,42,465402.4048691946,49122.35868434199,0,1,0.0,1.0,0.2715363280760313,0.3439218559430231,0.0076643351273668996,4,0.4766666666666667,1,0,0
36,90246.0,629848.0,670.9120413407665,90,5,4,0,16972.0,38,375384.4925549406,12085.784545467985,0,0,0.0,0.0,0.34663077639169654,0.133920445731312,0.04521230987589614,3,0.6761111111111111,0,0,0
62,21053.0,1127569.0,503.04492949848236,120,3,3,9,8048.0,82,227162.6379414163,24317.729336998007,0,1,0.0,0.1111111111111111,0.8991697063815778,1.1550719297486347,0.035428361252238694,4,0.7544444444444445,0,0,0
22,127047.0,179521.0,570.2318702605811,120,5,4,11,16233.0,17,54116.635277357134,4776.997826414543,2,9,0.5,0.8181818181818182,0.0354964667126845,0.037600241063657884,0.2999632167965185,4,0.530959595959596,0,1,1
42,91713.0,1357282.0,657.4381709023592,15,6,6,6,23616.0,105,701449.0039356586,72519.37607938798,6,0,1.0,0.0,0.6373587567880767,0.7907207929016385,0.033667451044190534,0,0.5291666666666667,0,0,1
60,142992.0,797545.0,846.2582702392452,15,4,3,2,27640.0,82,371996.7033831548,43007.33598815306,0,1,0.0,0.5,0.21679342398126866,0.30076742746554397,0.07430173372136294,0,0.5447222222222223,0,0,1
67,118127.0,918062.0,553.9479848602595,45,0,6,0,7668.0,25,521624.5055618847,31739.84326422265,2,0,0.3333333333333333,0.0,0.36798283878218974,0.2686925365430651,0.014700229606237854,1,0.34305555555555556,0,0,0
33,145535.0,324617.0,592.9493585222096,30,6,3,10,19909.0,94,226087.50867873125,11794.258902091853,1,8,0.3333333333333333,0.8,0.1294576955593335,0.08104070431230874,0.08805882340138724,1,0.5783333333333334,1,0,1
52,92584.0,816432.0,695.1742357684967,90,3,1,9,12771.0,152,338610.440255926,19164.699999440945,0,0,0.0,0.0,0.3047776795990002,0.20699796940552304,0.03771590737234067,3,0.725,1,0,0
30,19286.0,54574.0,803.8596034210223,90,3,4,10,15082.0,163,24738.627276437903,1731.1781905456176,0,9,0.0,0.9,0.10689371943567831,0.0897634652362137,0.6096538757574768,3,0.635,0,0,1
26,39164.0,1340735.0,694.1520747891651,180,4,1,9,4839.0,75,475003.6687824364,72904.78640260146,0,4,0.0,0.4444444444444444,1.0107149184251618,1.8615255439332412,0.010187289736948081,6,0.8555555555555555,0,0,1
38,92342.0,1135858.0,729.1499296612909,120,6,6,5,25699.0,13,459764.3708915436,52966.970144447274,3,1,0.5,0.2,0.4149108485228314,0.5735956568457178,0.055896023326397086,4,0.6172222222222223,1,0,0
64,82390.0,708969.0,656.3677374526466,0,3,1,5,5095.0,155,133478.926320717,30411.905641878508,0,4,0.0,0.8,0.13500720791430695,0.36912132105690626,0.03817081947271563,0,0.4700000000000001,0,1,0
54,146686.0,1261964.0,644.2564887742436,30,1,3,4,1195.0,99,738366.4281916012,32983.44395177531,2,4,0.6666666666666666,1.0,0.4194710857384715,0.22485747754915475,0.0016184376135935387,1,0.3416666666666667,1,1,0
44,84688.0,1226777.0,685.7529046447429,15,5,5,8,22690.0,136,342987.2748130778,55845.796456716256,5,7,1.0,0.875,0.3375008608195945,0.659429865585635,0.06615405779227716,0,0.4083333333333334,1,1,1
34,157350.0,222662.0,633.9197426561727,60,4,0,1,12167.0,8,153016.67820658523,11948.523043432797,0,1,0.0,1.0,0.08103838481441862,0.07593595833131743,0.07951420814124287,2,0.4177777777777778,0,0,0
27,48409.0,128077.0,730.6988537102421,30,0,3,0,2000.0,53,23264.559431520218,6982.5185610055605,0,0,0.0,0.0,0.040048612571216474,0.14424009091296164,0.08596767137959553,1,0.4261111111111111,1,0,0
34,80349.0,417662.0,567.5609670738091,180,3,3,11,20425.0,51,81405.2283415916,16285.345588594006,1,2,0.3333333333333333,0.18181818181818182,0.08442879224963555,0.20268261694101988,0.2509052602161236,6,0.745151515151515,0,1,0
28,140521.0,51870.0,742.2990922796783,15,5,2,3,8550.0,128,18855.630649881754,1111.5368527426908,2,2,1.0,0.6666666666666666,0.011181976744805495,0.007910112031245798,0.4534454539739098,0,0.4291666666666667,1,1,0
30,38103.0,881042.0,682.7519108611926,30,6,4,0,29285.0,122,421845.71468122123,47191.07844154885,1,0,0.25,0.0,0.9225995212127244,1.2385134619727804,0.0694211153054618,1,0.6708333333333333,0,0,1
54,70066.0,816024.0,664.9695391979395,120,1,2,8,29425.0,133,546904.3964482768,29911.482098326247,0,6,0.0,0.75,0.6504633684053569,0.4269043772775133,0.05380282219541977,4,0.6416666666666667,0,0,1
27,139800.0,830068.0,564.9910807869505,30,3,2,4,16511.0,71,555429.6712106041,13724.031424818779,0,4,0.0,1.0,0.3310858793577755,0.09816903737352488,0.02972653578987405,1,0.46611111111111114,1,1,1
23,113415.0,156737.0,611.4147929601492,0,5,1,2,14276.0,56,137933.93818771598,2861.998971888359,0,2,0.0,1.0,0.10134898248888005,0.02523474824219335,0.10349882115720946,0,0.4411111111111111,0,0,0
47,144047.0,1381384.0,763.9056031193224,15,4,4,5,13344.0,34,571524.6506276616,52617.355023642354,1,1,0.25,0.2,0.330635516317395,0.3652790757436278,0.023348074287513777,0,0.4305555555555556,0,0,0
35,101548.0,1465987.0,665.3980701376644,30,2,6,5,18186.0,45,285153.859235442,70971.00125565032,3,2,0.5,0.4,0.23400580615032793,0.6988911771344617,0.06377609634588333,1,0.36,1,1,1
43,157188.0,906283.0,699.4878926110974,60,1,1,7,27271.0,29,721354.4071015479,47725.6395709408,0,5,0.0,0.7142857142857143,0.382426567285431,0.3036213933057282,0.037805272597663565,2,0.39301587301587304,1,0,0
27,160143.0,57976.0,618.4327590679258,90,0,2,11,19223.0,148,40465.987080216386,3059.8251186911993,1,9,0.5,0.8181818181818182,0.02105721505166028,0.01910683026227309,0.47504092664029013,3,0.4681818181818182,1,0,1
31,175878.0,624162.0,677.9661754642184,45,4,1,10,2976.0,121,125513.6384156739,23808.396189518877,1,3,1.0,0.3,0.059470029611280686,0.13536881354984068,0.023710570720164567,1,0.49083333333333334,1,1,1
42,37766.0,1091316.0,583.9493566316014,30,6,1,9,5884.0,122,231908.828854997,59210.842977258166,0,2,0.0,0.2222222222222222,0.5117231302736963,1.5678346390207638,0.02537203964614483,1,0.6861111111111111,1,0,0
54,113772.0,1135654.0,686.9917578001521,45,4,6,5,18883.0,159,576318.2633489136,23830.386106926384,3,5,0.5,1.0,0.42212953930442293,0.2094573894009632,0.032764882185536234,1,0.49583333333333335,0,1,0
41,36510.0,402907.0,705.9448628089143,5,5,4,6,11080.0,133,163674.40654130172,7569.295365147828,3,6,0.75,1.0,0.37358350803729967,0.20732115489312047,0.06769537299164768,0,0.41388888888888886,1,1,1
47,55080.0,1242916.0,702.4430309029513,5,4,6,1,14381.0,57,742367.6692985195,20149.054818655855,0,0,0.0,0.0,1.1231658032233713,0.3658143576371797,0.019371802672372495,0,0.5197222222222222,1,0,0
46,66651.0,1452950.0,616.7490618656886,60,2,4,6,12021.0,56,456764.8879701457,66785.25982724807,1,0,0.25,0.0,0.571090316186986,1.0020143707858558,0.026317697171122527,2,0.5202777777777777,0,0,0
34,122675.0,787574.0,656.0564311129649,120,3,4,8,17878.0,22,684799.0137970081,40689.126914290195,3,5,0.75,0.625,0.46518511907955173,0.3316823062098243,0.026106930120812784,4,0.4572222222222222,0,1,0
34,87856.0,603235.0,717.6035902187142,45,1,5,10,6920.0,129,322188.5900632837,29313.208473258786,1,0,0.2,0.0,0.3056029089867545,0.3336506154759924,0.0214781038603533,1,0.5408333333333333,0,0,0
41,158087.0,812886.0,665.1993683305332,0,1,4,0,2211.0,157,579619.5231261026,42745.974174877214,2,0,0.5,0.0,0.30553826011737345,0.2703952518225864,0.003814571303732591,0,0.4083333333333333,1,0,0
22,66363.0,89560.0,659.8886232361923,180,4,5,10,7019.0,128,21882.94327156814,3306.798265209488,2,2,0.4,0.2,0.027478845229480457,0.049828944821805644,0.32075209960990847,6,0.8533333333333333,0,0,0
54,117991.0,809002.0,813.2427326037889,15,4,2,6,20039.0,84,495670.49439811666,36827.11211770559,2,3,1.0,0.5,0.3500764849283114,0.31211797609737685,0.04042806708584294,0,0.39916666666666667,1,0,0
51,141636.0,89056.0,613.4307616793712,90,6,0,1,18236.0,59,71145.48856370575,2535.281379047884,0,0,0.0,0.0,0.04185934870825317,0.017899978671015025,0.2563198365511392,3,0.7561111111111112,0,0,0
36,176810.0,100443.0,755.6292927662288,180,1,3,11,24274.0,78,16798.386063401413,4586.544353506393,0,0,0.0,0.0,0.007917343505929817,0.02594052572539106,1.4450197720414155,6,0.8066666666666666,1,0,1
39,57733.0,852391.0,599.1723535546548,180,2,0,5,3254.0,48,473068.17978758144,38461.450277043485,0,2,0.0,0.4,0.682839074976734,0.6661952484202014,0.006878501110476552,6,0.7333333333333334,0,0,0
37,136843.0,790646.0,725.834676003999,5,1,0,4,4247.0,29,264922.71814948716,25635.996904848515,0,3,0.0,0.75,0.16133008761225587,0.18733875247435758,0.01603109023516646,0,0.28250000000000003,0,0,0
52,31733.0,1480732.0,729.5706790686781,5,6,0,2,3874.0,77,753384.0008356719,24803.187913309954,0,2,0.0,1.0,1.9784451539293266,0.78162127480257,0.005142132027893962,0,0.5308333333333334,0,0,1
58,106035.0,786128.0,644.2744391460068,60,5,0,0,16881.0,42,599026.6644031507,20164.590688304223,0,0,0.0,0.0,0.4707774668766215,0.1901691959098809,0.02818071548921723,2,0.6266666666666666,1,0,0
26,85035.0,1470671.0,594.7766202996526,90,2,4,0,17199.0,133,981750.8740288423,74132.70358334287,3,0,0.75,0.0,0.9621046961337903,0.8717904813705282,0.017518700981054305,3,0.5791666666666666,1,0,0
41,173285.0,1220310.0,542.0696757337607,120,6,4,3,4779.0,163,873588.6248145862,46970.54505570876,4,3,1.0,1.0,0.4201116776863675,0.2710594976813271,0.005470538265095099,4,0.6333333333333333,0,0,1
21,143287.0,539045.0,636.9420543752265,45,4,6,3,13480.0,34,166436.68720013215,16820.214594390534,6,1,1.0,0.3333333333333333,0.09679680594432395,0.11738828082373512,0.08099175864868631,1,0.3630555555555556,0,1,0
43,168214.0,1392946.0,716.8353053566626,5,3,2,5,1543.0,1,1078683.378948287,73681.01138338899,1,3,0.5,0.6,0.5343805009037531,0.43801949530591383,0.0014304475531127772,0,0.22694444444444445,0,0,1
33,155791.0,749920.0,604.5660290030295,90,2,2,7,18358.0,157,457821.72578846,22240.88428129562,1,2,0.5,0.2857142857142857,0.24489097882657962,0.1427610342144002,0.04009857760328843,3,0.588095238095238,0,1,0
37,84528.0,912673.0,686.786400664661,90,3,3,11,17099.0,52,184338.57851843443,25667.392255756422,0,7,0.0,0.6363636363636364,0.18173325063729812,0.30365550179533907,0.09275866255142055,3,0.5769191919191919,1,1,0
43,136801.0,195660.0,576.6499141462408,45,0,5,9,808.0,45,155947.28340204386,8965.110063048547,1,0,0.2,0.0,0.09499643241036484,0.06553395123609146,0.00518123805925439,1,0.4075,1,0,0
36,22935.0,358254.0,663.6278265527225,60,1,6,5,2654.0,153,68719.0034326301,10465.382195082071,5,2,0.8333333333333334,0.4,0.24968753518141884,0.45630617811563423,0.038621049017422034,2,0.435,1,1,1
40,108377.0,807156.0,599.7069267060888,5,6,5,10,21147.0,151,138490.18319218024,26514.532901879593,0,3,0.0,0.3,0.1064879872975664,0.24465092133828759,0.1526967436432278,0,0.6297222222222222,1,0,1
58,25662.0,443295.0,674.5413648673901,120,1,3,6,26974.0,104,343691.21630241576,19459.906336950567,2,4,0.6666666666666666,0.6666666666666666,1.1160834966825648,0.7583160446165758,0.07848323937457113,4,0.55,1,1,0
60,135319.0,919567.0,644.9244371274727,0,1,6,5,25496.0,28,146917.17807727685,29614.47799225326,6,1,1.0,0.2,0.09047582507339254,0.2188493706889148,0.17353995178555212,0,0.17555555555555558,1,0,1
21,174609.0,165872.0,596.674370463368,120,6,1,2,17012.0,127,35882.355068060446,4626.421817405132,0,0,0.0,0.0,0.017125098108755583,0.026495895500261338,0.47410488993078104,4,0.8833333333333333,1,0,0
39,128385.0,414039.0,633.8788565477741,120,6,3,5,15724.0,133,67370.25290178339,6465.448134931195,3,3,1.0,0.6,0.04372931216119704,0.050359840596106986,0.2333967785889633,4,0.6733333333333333,1,1,0
62,154069.0,1014481.0,614.6090196430605,90,5,1,0,24253.0,79,821941.6942434495,50138.477969821026,1,0,1.0,0.0,0.4445744516220273,0.3254287232981393,0.029506959155203225,3,0.6172222222222222,0,1,1
46,55967.0,937565.0,588.0252709833811,120,0,1,1,25225.0,101,172063.44423646946,33816.23666783534,1,1,1.0,1.0,0.25619776570191577,0.6042174257658145,0.14660290052855673,4,0.43333333333333335,0,1,0
31,179012.0,1476305.0,755.7922077702592,180,5,2,11,27194.0,96,634087.5551414683,72417.59500761799,1,4,0.5,0.36363636363636365,0.2951792594637363,0.40454044984480364,0.042886821826889306,6,0.8553030303030301,1,0,0
50,107222.0,1354554.0,654.7877594884353,5,1,5,2,11989.0,119,423629.01200061827,53794.33092829342,3,2,0.6,1.0,0.3292460284896587,0.5017098256728416,0.02830070571272041,0,0.3030555555555556,1,0,1
28,127261.0,1225406.0,525.8442185648435,45,0,2,6,14281.0,92,497815.99132327863,28217.00152682823,0,6,0.0,1.0,0.32598098351896143,0.22172544241227266,0.02868730665328508,1,0.4375,0,1,0
22,142838.0,51385.0,636.370343468372,60,6,5,1,2367.0,175,18906.82612075057,1517.216018708838,0,1,0.0,1.0,0.011030459985409212,0.010621935470314888,0.12519287927454817,2,0.6666666666666666,0,0,0
51,121614.0,923577.0,744.0298199672785,180,1,4,7,5254.0,6,753549.9786679978,29268.45717820694,3,4,0.75,0.5714285714285714,0.5163536398413544,0.24066684080950335,0.006972331164134807,6,0.47702380952380946,0,1,1
46,69373.0,381953.0,626.7048956719836,90,4,4,11,11326.0,9,277499.9948238544,17030.91739064163,2,6,0.5,0.5454545454545454,0.3333429370022132,0.2454977785398012,0.040814415175716594,3,0.44878787878787885,0,1,0
58,117051.0,437027.0,784.842071469354,60,0,1,5,24286.0,27,355636.2526665111,16138.064431216466,1,0,1.0,0.0,0.2531918086037362,0.13787207654113562,0.0682888761140265,2,0.2766666666666666,1,1,0
37,123943.0,354383.0,620.0336561526888,60,1,6,1,13391.0,26,244535.59665916662,14338.385887259818,5,0,0.8333333333333334,0.0,0.16441401602562375,0.11568532218245337,0.05476094353111444,2,0.3327777777777778,0,0,0
62,156888.0,711060.0,715.2385639071518,5,6,1,0,17619.0,89,282831.984768954,32085.307410098347,0,0,0.0,0.0,0.15023030482942926,0.20451090848311118,0.06229493462131942,0,0.6575,0,0,0
41,95999.0,229634.0,752.5647009213708,15,4,2,9,25966.0,14,66452.36863814402,5960.02485795872,2,8,1.0,0.8888888888888888,0.05768494866104857,0.06208423898122605,0.3907460415955042,0,0.20472222222222225,0,1,0
57,99291.0,821097.0,711.5135780618003,30,6,5,1,14268.0,34,449414.8065097954,41284.487783140205,0,1,0.0,1.0,0.3771865916932681,0.41579284913174613,0.031747952656048094,1,0.4838888888888889,1,0,1
25,99511.0,290846.0,583.7854217751278,120,1,4,3,10041.0,93,121428.57310206314,9636.041511579324,0,0,0.0,0.0,0.1016877305876261,0.09683393304839992,0.08269058709567755,4,0.7166666666666667,0,0,0
25,36536.0,775661.0,614.0271996154904,120,6,2,10,21909.0,161,490651.9270108989,32147.173707183974,1,1,0.5,0.1,1.1191061031377703,0.8798766615717094,0.044652835939057334,4,0.7983333333333332,1,0,0
59,32588.0,957573.0,761.9049693270607,60,6,1,6,9453.0,144,171596.54926890612,22721.38019133587,1,5,1.0,0.8333333333333334,0.4388030084410062,0.6972315021276504,0.05508852037103823,2,0.5333333333333332,0,1,1
61,21310.0,310528.0,623.6771980567615,0,6,3,10,11647.0,39,212629.8625892561,7556.666088101478,2,8,0.6666666666666666,0.8,0.8314948482295327,0.35460657381987226,0.054775937199841404,0,0.3566666666666667,1,0,0
67,125927.0,198906.0,748.2973559731544,90,0,3,10,26640.0,9,74523.98824494287,8831.342091993312,2,4,0.6666666666666666,0.4,0.049316924517738364,0.07013064785147992,0.35746879128959885,3,0.305,0,1,0
36,85855.0,1219074.0,649.8800694729539,45,0,0,7,13119.0,133,605490.135771825,35372.94750394338,0,7,0.0,1.0,0.5877061477411769,0.4120080077333106,0.021666744385979247,1,0.4375,1,0,0
22,158241.0,1120870.0,689.9006123453406,60,3,1,11,7528.0,140,990804.768450663,56086.44132548014,0,0,0.0,0.0,0.5217804743243233,0.3544368483861966,0.007597864119862536,2,0.6666666666666666,1,0,0
69,131762.0,429110.0,582.9724906085333,30,0,1,0,25039.0,167,133745.68427761286,17846.63494533757,0,0,0.0,0.0,0.08458792132633894,0.13544599311893846,0.18721351746967116,1,0.5083333333333333,1,0,0
50,40911.0,1336182.0,637.4212697701251,90,0,1,2,19273.0,77,318334.25388239796,55608.0957067152,1,2,1.0,1.0,0.6484284053237473,1.3592455747039964,0.0605432804197063,3,0.3461111111111111,1,1,1
33,34211.0,370686.0,618.7285533692195,5,5,2,3,23033.0,10,113934.19561331572,11198.680639876236,1,3,0.5,1.0,0.27752817225774296,0.3273415170523,0.20216055308076522,0,0.27361111111111114,1,1,0
58,77309.0,1393552.0,695.7919755390722,5,4,0,10,9799.0,169,576411.6308858942,71220.00117802263,0,4,0.0,0.4,0.6213287272351798,0.9212381634482742,0.017000003946727786,0,0.5530555555555556,0,0,0
65,167192.0,214261.0,686.5238305801117,5,5,4,7,23457.0,51,118309.88201806118,11309.890854469244,0,3,0.0,0.42857142857142855,0.05896907049881831,0.06764612454225827,0.19826746168522977,0,0.4968650793650794,1,0,1
34,25884.0,1007254.0,712.3854927371945,180,6,4,3,28543.0,68,891590.6976179975,25501.22363810101,0,0,0.0,0.0,2.870469201108785,0.9852118543540802,0.03201356864338805,6,0.9511111111111111,0,0,0
58,48358.0,77793.0,645.6634247835129,0,0,1,2,4904.0,74,62422.078504752695,2768.069642877094,1,2,1.0,1.0,0.10756937580950532,0.05724119365724583,0.0785619466296147,0,0.16444444444444445,1,1,1
59,22800.0,336224.0,614.8838950093796,15,5,6,9,5688.0,177,230722.73693032554,17240.650139285477,5,7,0.8333333333333334,0.7777777777777778,0.8432848572014823,0.7561688657581349,0.024652966914646485,0,0.4430555555555556,1,0,0
45,85013.0,636811.0,692.7910359881015,30,0,4,10,16923.0,65,439652.5049981274,12132.027608057791,4,4,1.0,0.4,0.4309659552050151,0.14270791064963936,0.03849176294371865,1,0.2627777777777778,0,1,0
51,178324.0,173680.0,607.9287767895075,120,2,2,0,21718.0,100,63017.62521845882,4672.540818799965,2,0,1.0,0.0,0.02944902967746855,0.026202534817522962,0.3446337421429595,4,0.6,1,1,0
34,128761.0,712612.0,755.4895768495812,30,2,1,4,14.0,90,602853.2589021899,37894.61160934687,0,1,0.0,0.25,0.3901629497688158,0.2943019362178523,2.322289843053073e-05,1,0.55,0,0,0
66,97942.0,386436.0,671.9834329387621,180,1,3,6,16501.0,178,214342.18411331606,13292.990141688666,0,3,0.0,0.5,0.18237169627034033,0.13572308245378556,0.07698437929174237,6,0.7833333333333333,1,0,0
69,41392.0,193483.0,657.1705423206531,180,5,6,2,3820.0,171,52606.18265303267,10266.495711732026,3,1,0.5,0.5,0.10591052750336755,0.24803091688567902,0.0726150389051235,6,0.8416666666666666,1,0,1
69,75594.0,1444837.0,712.3522935925148,60,0,0,8,29361.0,113,1246499.7272715871,43643.80281053009,0,3,0.0,0.375,1.374116692761757,0.5773447999911381,0.02355475846293774,2,0.5291666666666667,1,1,1
57,102975.0,1473654.0,674.6544850397798,30,5,0,9,21792.0,19,780881.056088669,53198.888147618054,0,8,0.0,0.8888888888888888,0.6319341717962846,0.5166194527566697,0.02790693900189265,1,0.4283333333333334,0,0,1
23,62530.0,1445400.0,563.9363798215362,60,6,2,10,29821.0,62,385392.9422077418,47936.56889902378,1,4,0.5,0.4,0.5136107231298866,0.7666171261638219,0.07737816844586978,2,0.5894444444444444,1,0,0
38,132219.0,273444.0,605.6999070427396,90,4,6,9,6542.0,119,191800.2183601335,9102.558876875331,0,1,0.0,0.1111111111111111,0.1208854365107218,0.06884455998665344,0.034108407466546364,3,0.7472222222222222,1,0,1
42,176762.0,603782.0,754.039609270523,0,0,1,10,23810.0,144,196435.99356630933,31220.67187046837,1,8,1.0,0.8,0.09260851388039158,0.1766254730681276,0.12120996548406313,0,0.22,1,1,1
68,51362.0,524759.0,685.8719043491208,120,4,5,4,11462.0,135,152573.78647546438,22452.188041629226,3,3,0.6,0.75,0.24754647806332888,0.43713617152036965,0.07512430716165795,4,0.6516666666666667,1,0,1
47,58864.0,522397.0,562.290253834559,30,4,4,3,3103.0,87,183201.28816094564,27597.846440493002,3,0,0.75,0.0,0.2593567208040931,0.46884082699940544,0.01693765382956237,1,0.5225,1,1,1
47,38449.0,654075.0,704.6478446700617,120,2,1,3,14403.0,120,381788.37585404,18432.670875879452,1,2,1.0,0.6666666666666666,0.82747790548094,0.47940572904053297,0.03772508779970387,4,0.5333333333333333,0,1,0
28,135564.0,789515.0,640.8518826091176,60,2,6,10,14070.0,55,291680.07539860776,43230.49033549013,6,5,1.0,0.5,0.1793003522313002,0.318893587792409,0.04823778237430872,2,0.35555555555555557,1,0,1
59,92798.0,753457.0,618.7850033243852,120,3,1,7,15008.0,114,136081.94812413602,32629.644371883616,1,5,1.0,0.7142857142857143,0.12220265893314512,0.35162012513075297,0.11028648697995913,4,0.5619047619047619,1,1,0
37,63968.0,472947.0,599.8589092056308,0,6,3,3,25635.0,86,208391.22710720767,9578.315731056624,2,1,0.6666666666666666,0.3333333333333333,0.27147848287061194,0.14973605132342147,0.12301381567666463,0,0.5077777777777778,0,1,1
25,53507.0,1470747.0,749.9950629923081,0,0,4,8,8383.0,123,479155.697296611,46354.59836308852,2,1,0.5,0.125,0.7462507978654054,0.8663277396058182,0.017495357035921217,0,0.36250000000000004,1,1,1
69,29419.0,1470510.0,542.4151139596255,5,3,4,2,19154.0,156,784642.8231133528,36684.38940874724,4,1,1.0,0.5,2.2226079039434627,1.2469624871255733,0.02441110711240512,0,0.3597222222222222,0,0,0
30,95137.0,530269.0,621.3727547892357,120,2,5,3,5977.0,147,262308.80401430756,12948.306716685058,2,0,0.4,0.0,0.22976409810265508,0.13610169247175188,0.022786120437169873,4,0.69,0,0,1
21,128690.0,370771.0,688.4088736137869,180,3,4,0,26369.0,131,77328.85482642567,19347.61440684617,4,0,1.0,0.0,0.05007437435337223,0.15034279591923358,0.3409981960703871,6,0.7499999999999999,1,1,0
24,56074.0,822433.0,790.4854148232448,180,0,4,11,13741.0,138,274680.72596306563,43916.26069191642,0,2,0.0,0.18181818181818182,0.4082116577544341,0.7831840191874383,0.050025351985736544,6,0.7818181818181819,0,0,0
43,18264.0,585256.0,718.7700737445223,15,6,1,2,23980.0,31,211343.67213312892,9110.485849553797,0,0,0.0,0.0,0.9642998619010481,0.49882204607718994,0.11346448066301505,0,0.5480555555555555,1,0,0
26,94678.0,1481363.0,620.7782769127039,15,3,2,9,8068.0,33,760757.6337506394,30399.745697015744,0,3,0.0,0.3333333333333333,0.669600852143264,0.3210856344347762,0.01060521727560413,0,0.4191666666666667,0,0,1
62,127471.0,672587.0,787.054741787477,30,6,2,1,9388.0,150,515648.3235411635,17563.807376970522,1,1,0.5,1.0,0.3371017221833224,0.13778669169435026,0.018206206771950395,1,0.5333333333333333,1,1,1
46,73889.0,107682.0,585.141362020652,120,1,2,0,29487.0,97,33806.98184275037,5266.6634793809635,1,0,0.5,0.0,0.03812811767510542,0.07127804516749399,0.8722162817478262,4,0.6416666666666666,1,1,1
36,58561.0,231342.0,698.5735315748608,15,4,0,8,5851.0,77,62147.71577388617,9125.107043493781,0,4,0.0,0.5,0.08843729298493049,0.15582225446105397,0.09414666214423491,0,0.5336111111111111,0,0,0
21,42995.0,158131.0,714.144925202655,45,4,0,1,16839.0,119,23840.807305828337,5948.431031917531,0,1,0.0,1.0,0.04620848801377745,0.13835169279957044,0.706309974489974,1,0.5708333333333333,1,1,0
44,138868.0,605095.0,618.3219091759692,60,5,3,1,9676.0,14,366008.2854395363,23556.93788446954,3,1,1.0,1.0,0.21963800481964668,0.1696354659422584,0.026436560004045186,2,0.3144444444444444,1,1,1
28,157573.0,508933.0,728.8315136321778,30,0,5,3,11703.0,29,200636.60162746275,26985.399154582345,5,0,1.0,0.0,0.10610775197710624,0.1712564916234529,0.05832933724490535,1,0.2227777777777778,1,1,1
68,142699.0,1292259.0,644.0276909741328,45,4,6,7,20878.0,26,843349.5642637615,33639.59206328918,0,7,0.0,1.0,0.49249910900085814,0.2357381065269496,0.024756045280258553,1,0.42861111111111105,1,1,1
35,101946.0,1341349.0,728.6599699262575,60,1,6,0,23457.0,101,895493.7079642679,26736.954511168773,5,0,0.8333333333333334,0.0,0.7320000359375453,0.26226585163879673,0.026194488907493232,2,0.475,0,1,0
44,135305.0,253523.0,551.2283155189654,120,2,3,1,14431.0,11,46528.47870597428,9966.652023355467,0,0,0.0,0.0,0.02865654059715352,0.07366063355645,0.31015413358328975,4,0.5744444444444444,0,0,0
21,82300.0,1419661.0,703.4483263160212,5,0,6,4,19140.0,8,658451.2262961622,76313.54076877232,2,1,0.3333333333333333,0.25,0.6667185361443522,0.9272605196691655,0.029068212246583458,0,0.2025,0,1,1
27,21966.0,896831.0,651.1525329114477,45,0,3,8,1315.0,121,785612.317842553,38922.61833992406,3,5,1.0,0.625,2.980410322932991,1.7719483902360038,0.0016738535918215365,1,0.32499999999999996,0,0,0
31,77547.0,494873.0,760.4792648077475,5,5,3,1,7018.0,132,176351.8772195602,25082.467000793782,3,0,1.0,0.0,0.18951074533246526,0.32344857958133494,0.039795436888162554,0,0.47638888888888886,0,0,0
23,132005.0,639623.0,676.9213489160335,0,5,1,3,22274.0,46,349977.9282851976,32523.290492275293,1,0,1.0,0.0,0.22093729295935607,0.24637923178876023,0.06364401352147236,0,0.36888888888888893,1,1,1
56,122869.0,689997.0,767.4460673604083,60,6,4,2,19977.0,124,381816.86272417183,16401.424397746472,0,1,0.0,0.5,0.25895931352644674,0.13348708297248674,0.05232089504237422,2,0.7166666666666667,1,0,0
67,178403.0,297278.0,715.5328935523137,45,4,2,3,1340.0,17,102683.81752065904,12611.70350855749,0,1,0.0,0.3333333333333333,0.04796435482244275,0.07069221654656867,0.013049768038964897,1,0.4752777777777778,0,0,0
69,179594.0,1307755.0,671.074407866629,15,4,3,3,26734.0,73,960470.5595435936,64719.27230385868,3,2,1.0,0.6666666666666666,0.4456675239445609,0.36036433457609207,0.02783427324696318,0,0.35805555555555557,0,1,1
34,57305.0,67887.0,735.1368516730007,0,0,6,7,12279.0,65,10370.56391321466,1293.4941526128557,1,6,0.16666666666666666,0.8571428571428571,0.015080946853408168,0.022572099338850984,1.1840243310543141,0,0.2837301587301588,0,0,1
59,19549.0,151100.0,735.5840925168985,180,5,3,0,9112.0,62,48366.03418717235,6204.034802796206,0,0,0.0,0.0,0.206174374593638,0.31735816680117684,0.18839667450792744,6,0.9044444444444444,1,0,0
45,62426.0,446347.0,713.033700314385,120,1,2,11,13868.0,156,265306.62824107986,11551.516857920518,1,4,0.5,0.36363636363636365,0.3541614982019776,0.1850433610662307,0.052271592654663614,4,0.6053030303030302,0,0,0
23,159934.0,258202.0,519.5389037762371,180,0,4,2,11844.0,14,216365.59449777383,12359.308758347048,0,1,0.0,0.5,0.11273691777950791,0.07727755673182092,0.05474068105648776,6,0.5811111111111111,0,0,1
25,149791.0,139651.0,611.2207656464922,5,5,5,11,15090.0,113,21945.926298683535,3341.6116659425893,3,1,0.6,0.09090909090909091,0.012209192752281254,0.022308494274973726,0.6875991377454503,0,0.5272979797979798,1,0,1
47,33998.0,605919.0,776.8874092554147,0,4,4,8,4924.0,49,363945.79041714914,18139.288015559327,4,8,1.0,1.0,0.8920764712070052,0.5335398557432592,0.013529487439204025,0,0.24222222222222223,0,1,0
41,43984.0,596314.0,592.0837901195314,5,1,0,4,4172.0,87,90952.81358295609,25086.75326464961,0,3,0.0,0.75,0.17232177909951363,0.5703608872464899,0.04586993887984355,0,0.4113888888888889,0,1,0
21,109291.0,232075.0,741.7722805046064,0,3,1,3,29690.0,36,143216.52129456145,8640.859237439869,0,1,0.0,0.3333333333333333,0.10920121609171954,0.07906286187737205,0.20730848460517284,0,0.3966666666666667,1,0,1
66,125014.0,1224804.0,729.4516859745768,45,4,0,11,22433.0,131,561813.3792369865,24249.94429629425,0,0,0.0,0.0,0.3745003087900732,0.19397782885352238,0.03992962935568897,1,0.6708333333333333,0,0,0
56,177138.0,1329731.0,629.1973346892579,60,3,6,11,10837.0,10,632740.1616281194,31929.24228810768,3,11,0.5,1.0,0.2976681841408579,0.18025066495109848,0.01712709364317107,2,0.3138888888888889,1,0,1
45,140314.0,1093543.0,540.3337861018292,5,5,2,7,25481.0,13,957541.4825733778,55151.31300528871,2,0,1.0,0.0,0.5686896784909665,0.393056380726718,0.026610857559424172,0,0.30527777777777776,1,0,1
69,52320.0,807163.0,640.1761181436451,30,3,3,0,23862.0,59,534087.4541125131,44031.69705235075,3,0,1.0,0.0,0.850674461825486,0.8415844237834623,0.0446780762518588,1,0.3894444444444445,1,0,0
68,24020.0,1423706.0,825.4610530543108,45,2,6,10,20937.0,158,423283.4182784739,60876.07629186772,0,2,0.0,0.2,1.4685103326341726,2.534391186172678,0.04946331251328574,1,0.5841666666666667,0,0,0
68,120645.0,558230.0,619.5705895453452,15,1,6,5,21641.0,4,501292.16507761326,8591.487327439185,5,5,0.8333333333333334,1.0,0.3462584200737793,0.07121295807898533,0.04317043334728641,0,0.09638888888888889,1,1,0
33,107709.0,669172.0,624.401985878051,45,1,1,0,28532.0,31,229196.9633908524,29936.09620054677,0,0,0.0,0.0,0.17732730736742242,0.2779349562297187,0.12448681508639374,1,0.43972222222222224,0,0,1
64,167324.0,71848.0,610.1692312783122,60,5,6,9,25024.0,88,47737.97504585045,2925.149304873058,1,3,0.16666666666666666,0.3333333333333333,0.023775218062885205,0.01748194703015143,0.5241948359972418,2,0.6705555555555556,0,1,1
45,111292.0,1076312.0,765.0349133584664,180,2,5,0,7725.0,3,710604.0503539707,33874.56761634024,3,0,0.6,0.0,0.5320868004543384,0.3043755850945283,0.010871032885545716,6,0.5833333333333333,0,0,0
56,99200.0,184121.0,662.9959001862426,15,5,4,4,21801.0,96,144957.31494490633,4441.335921832531,0,4,0.0,1.0,0.12177193795775061,0.044771531470086,0.15039599766514622,0,0.5458333333333334,1,0,0
63,67157.0,1014745.0,636.1865639735603,0,2,1,0,4821.0,65,455772.87548661395,21946.817757234217,0,0,0.0,0.0,0.5655564268388675,0.32679866219804665,0.01057763693122978,0,0.46111111111111114,1,0,0
29,31975.0,1184518.0,778.9431812036746,120,3,4,5,15080.0,116,795964.5698686787,21725.80667701407,2,3,0.5,0.6,2.074445060903515,0.6794622885696346,0.01894556688935031,4,0.6483333333333333,0,0,1
42,159967.0,364717.0,720.5645861554876,60,4,4,9,2018.0,10,225926.06298162733,14796.865941750555,2,5,0.5,0.5555555555555556,0.11769409887749105,0.0924994901557856,0.008932125728956323,2,0.39166666666666666,1,0,0
27,151822.0,937424.0,615.6496830802819,45,3,3,1,5082.0,31,447446.50213436666,26708.13119455925,2,1,0.6666666666666666,1.0,0.24559819071805944,0.17591739796972278,0.011357782384616547,1,0.3063888888888889,1,1,1
34,44365.0,490194.0,594.3491262256754,90,5,4,1,21645.0,30,410276.7245386443,17509.989661360814,4,0,1.0,0.0,0.7706463889301708,0.3946802583424054,0.052757075177344695,3,0.5083333333333333,0,1,1
41,132030.0,627564.0,761.0718975415981,180,6,1,11,11149.0,132,212711.05749282232,22597.534569823107,0,4,0.0,0.36363636363636365,0.1342567708682511,0.17115454495056506,0.05241382432775602,6,0.9636363636363636,1,0,0
62,76999.0,818252.0,681.1751714619201,5,6,4,2,4863.0,133,260372.02678606508,32150.83887867178,1,1,0.25,0.5,0.28179156740787226,0.417548784772163,0.018677121578792675,0,0.5722222222222222,0,1,1
63,88799.0,411737.0,571.5655186100721,120,6,1,1,29381.0,20,256426.17677502564,15967.918635925194,0,1,0.0,1.0,0.24064289084995855,0.179820928568173,0.11457878586934317,4,0.6277777777777778,1,1,0
40,155484.0,1205153.0,555.1819019174516,60,0,2,7,28145.0,72,352748.2574408198,43099.97077925187,2,2,1.0,0.2857142857142857,0.1890592480259597,0.27719875214975087,0.07978777897923948,2,0.3480952380952381,1,1,0
37,154408.0,622210.0,601.877289936017,60,5,3,3,6876.0,126,480654.80155733076,13193.782970448096,0,3,0.0,1.0,0.2594073286127936,0.08544753491041977,0.014305484887952078,2,0.6333333333333333,0,1,1
47,48884.0,719628.0,593.2360788327879,120,5,1,11,17950.0,1,291274.0689074735,11572.86071443171,0,8,0.0,0.7272727272727273,0.49653954413760726,0.23674127965043185,0.06162580852915547,4,0.5794949494949495,0,0,0
65,67832.0,1231301.0,536.7746120368995,15,2,6,1,8814.0,18,573570.3036680155,46847.79186877764,3,1,0.5,1.0,0.7046456732171831,0.690644413680529,0.015366904359646858,0,0.21083333333333332,1,0,1
68,151062.0,380225.0,603.0345109346052,120,2,6,6,24124.0,115,251608.91021462373,12140.127963442916,5,5,0.8333333333333334,0.8333333333333334,0.1388000237290118,0.08036520080127971,0.09587895746387559,4,0.5416666666666667,1,0,0
32,166552.0,705767.0,615.6643606849302,60,0,3,11,20637.0,101,574371.7249230044,22164.43360580253,0,8,0.0,0.7272727272727273,0.2873835823661701,0.13307815940848822,0.03592969344507066,2,0.49393939393939396,0,0,0
30,30809.0,1490525.0,647.6123098130801,180,5,3,8,13040.0,127,994889.0845160552,47998.81953770876,2,3,0.6666666666666666,0.375,2.691013136085925,1.557947987202076,0.01310698871155377,6,0.8291666666666666,0,0,0
55,153042.0,629598.0,798.5037031589399,45,5,2,0,27927.0,83,138923.26592375725,12303.403151335882,1,0,0.5,0.0,0.07564550141124508,0.08039233119885968,0.2010246434555222,1,0.6136111111111111,1,1,0
35,97255.0,217589.0,661.3209709531209,90,0,1,2,22045.0,162,87807.11415889618,4824.104462740655,1,2,1.0,1.0,0.07523787479555137,0.04960263701342507,0.2510616618160034,3,0.375,1,1,1
30,113630.0,462412.0,668.2697613579049,45,4,6,1,4540.0,22,329490.3697426268,19183.706285890086,0,0,0.0,0.0,0.2416398029735595,0.168826069575729,0.013778854913259857,1,0.5197222222222222,1,0,0
22,30203.0,1436038.0,715.647875465926,30,3,2,10,13309.0,27,1193079.012715644,51052.95879278826,2,3,1.0,0.3,3.2918336277733005,1.6903274109455437,0.01115517066192165,1,0.28833333333333333,0,1,0
40,128218.0,1150742.0,663.3877350253408,30,1,6,2,24889.0,114,719639.9140895404,45323.691995343455,6,0,1.0,0.0,0.46771898517209,0.3534893072372323,0.03458535235846189,1,0.3916666666666667,0,0,0
40,127820.0,1223117.0,708.0107074720696,180,3,0,0,16162.0,154,730343.0633024266,24674.70357787395,0,0,0.0,0.0,0.476153355827483,0.19304258784129202,0.02212932635646531,6,0.8999999999999999,0,0,1
48,125358.0,417674.0,699.6430413866213,120,5,0,4,2996.0,4,181443.71219158405,19866.908091760142,0,4,0.0,1.0,0.12061702762726488,0.15848137407871968,0.01651200784977637,4,0.5588888888888889,0,0,0
30,146077.0,1266395.0,688.581199591947,15,2,3,3,23207.0,127,644010.9237036717,37872.28840947412,2,2,0.6666666666666666,0.6666666666666666,0.3673923819308034,0.25926250134842665,0.036035103048466646,0,0.37916666666666665,1,1,0
56,171261.0,620361.0,850.0,120,5,5,1,14432.0,175,294156.98484097724,24518.453057123443,3,0,0.6,0.0,0.14313289114323421,0.143164252556761,0.04906223800125641,4,0.7600000000000001,0,0,0
54,155677.0,1202630.0,743.7788090831046,60,6,2,5,7144.0,101,230162.1644976605,40439.79126335236,2,2,1.0,0.4,0.12320497167086365,0.25976728266444216,0.031038985124214956,2,0.5766666666666667,0,1,0
43,138654.0,1327286.0,604.2794610705289,0,3,5,10,24467.0,149,220846.6731347891,44773.23620648961,0,6,0.0,0.6,0.13273248105283,0.3229134118488439,0.11078726997651933,0,0.4900000000000001,0,0,1
29,176964.0,351847.0,705.9155530332415,90,0,0,2,26535.0,47,215700.81514845337,16235.353112795628,0,2,0.0,1.0,0.10157471536039975,0.09174381858906687,0.12301761577367068,3,0.4294444444444444,0,0,0
45,127276.0,1410815.0,624.5784235338195,5,2,5,11,17627.0,144,751088.4027777235,27389.498444016986,5,3,1.0,0.2727272727272727,0.49177142769632104,0.21519766840580304,0.0234686089344619,0,0.34911616161616166,0,1,0
54,126866.0,967244.0,711.2375534841898,120,0,3,7,21488.0,82,322738.4704502907,17402.275654335182,3,5,1.0,0.7142857142857143,0.21199432895751602,0.13717052365752197,0.06658022506588553,4,0.44412698412698415,0,1,0
39,105813.0,1109783.0,583.7368808024211,45,2,1,4,7232.0,53,909537.3315339676,21132.856487336776,1,1,1.0,0.25,0.7163087487154758,0.19971890492979857,0.007951295399610448,1,0.34694444444444444,0,0,1
33,142588.0,1147287.0,602.4554386341215,180,4,4,8,22396.0,35,349860.7823052606,62885.10140005415,2,1,0.5,0.125,0.2044706791041676,0.4410266039221684,0.0640140339606828,6,0.7236111111111111,1,1,1
45,29562.0,294249.0,704.0735293743089,45,1,5,4,27127.0,153,198728.15917575284,15326.231395425533,0,0,0.0,0.0,0.5602016078517265,0.5184436572432695,0.13650305076297317,1,0.5708333333333333,0,0,0
38,99932.0,1131244.0,749.8368379518618,0,3,6,2,7144.0,129,838559.7096561128,48668.536652262104,3,2,0.5,1.0,0.6992752652271151,0.4870165377683035,0.008519369482859727,0,0.37500000000000006,1,1,1
40,86902.0,358756.0,715.1851044127109,90,6,0,2,28287.0,141,279890.75155530294,11803.729812282005,0,1,0.0,0.5,0.26839692177711955,0.13582805703300274,0.1010644326145619,3,0.775,0,0,0
38,165863.0,443769.0,739.7882134174653,90,1,4,0,2703.0,126,345983.3709718694,8166.613643871558,2,0,0.5,0.0,0.17382989323109505,0.04923710317473794,0.007812514203810595,3,0.5833333333333334,0,0,0
35,29754.0,219003.0,706.1672991134692,15,6,2,7,13375.0,46,163296.590249494,10476.189767461776,0,6,0.0,0.8571428571428571,0.4573519253699615,0.3520934922182488,0.08190618052443654,0,0.49567460317460316,1,0,1
56,122288.0,312623.0,692.0747269322633,5,2,3,0,2185.0,34,154232.5976590178,7058.309551547561,3,0,1.0,0.0,0.10510202531388867,0.05771874224410867,0.01416691434342995,0,0.2519444444444444,1,1,0
43,47861.0,1469438.0,644.7414708019094,120,4,3,2,13423.0,116,908015.2161377743,38078.54897252721,1,1,0.3333333333333333,0.5,1.5809935997607207,0.7956070490070666,0.014782791919605135,4,0.7166666666666667,1,0,0
43,161135.0,525778.0,736.9101266101758,120,1,5,0,19410.0,45,417091.0300525066,25569.466228169862,5,0,1.0,0.0,0.21570475587370144,0.15868350282787638,0.046536603766224656,4,0.4666666666666667,1,1,1
53,156000.0,611166.0,751.7415462978649,15,1,2,0,26115.0,116,284324.83588014485,15458.451609912177,2,0,1.0,0.0,0.15188292514965002,0.09909263852507806,0.09184916934589772,0,0.36250000000000004,1,1,0
38,56143.0,745774.0,675.5819016069157,90,6,1,10,4500.0,162,487095.7487545258,36381.137460538506,0,6,0.0,0.6,0.7229986355593837,0.6480084331179043,0.009238430044824301,3,0.765,0,0,0
25,159216.0,1083761.0,671.8151770754939,15,4,3,0,26622.0,134,292238.59018022014,50327.197527429315,0,0,0.0,0.0,0.15295708878725553,0.3160938443839144,0.09109679862465296,0,0.6125,0,0,1
62,98471.0,881982.0,791.3984068205566,5,3,4,7,29975.0,84,505833.83919314406,42768.726845419005,1,2,0.25,0.2857142857142857,0.42807344225977195,0.43432814580352597,0.05925858983221278,0,0.48031746031746037,0,0,1
23,175309.0,827409.0,678.5704754128644,60,3,5,3,1997.0,163,211638.33733539772,34727.719365455916,3,0,0.6,0.0,0.10060252531976763,0.19809433266663956,0.009435908565257804,2,0.5766666666666667,0,0,0
49,136230.0,1263578.0,685.2980109256179,120,1,0,1,28831.0,99,815283.5793366873,36751.20765625245,0,1,0.0,1.0,0.49871759728442544,0.2697732339150881,0.035363155508978644,4,0.6166666666666667,0,0,1
34,23583.0,769117.0,713.8958135427026,180,6,3,3,27196.0,84,332737.8691969411,31631.255659688482,0,0,0.0,0.0,1.175768806615433,1.341273614878874,0.08173400901327289,6,0.9866666666666667,0,0,1
31,50840.0,1165099.0,673.1535620832093,45,2,0,1,875.0,172,373859.5312189257,56116.18783666937,0,1,0.0,1.0,0.612804109655989,1.1037802485576194,0.0023404512308330453,1,0.5041666666666667,0,1,0
23,83382.0,1370798.0,622.5761774079833,5,0,4,3,1898.0,60,576499.291658127,61654.08318490656,1,0,0.25,0.0,0.5761628125755829,0.7394171785865842,0.003292285051280763,0,0.3555555555555555,1,0,0
65,52237.0,1030418.0,706.4575902866466,45,6,4,9,21751.0,37,696627.321464071,50986.239201719356,4,9,1.0,1.0,1.111324861471229,0.9760560369416191,0.031223294478727705,1,0.3697222222222222,1,1,0
42,39453.0,101214.0,677.2871492984375,90,0,5,7,12594.0,25,84111.37123956572,5500.09417238133,2,3,0.4,0.42857142857142855,0.17766154504424192,0.1394087692287362,0.1497300521249358,3,0.3776984126984127,1,1,1
37,176442.0,432059.0,808.9574829532147,180,6,1,9,7823.0,112,68464.3765594069,18408.223962988228,1,2,1.0,0.2222222222222222,0.032335638415365436,0.10433017061123898,0.11426380247853338,6,0.8277777777777777,0,0,0
57,158788.0,945730.0,735.1913985204664,5,1,5,8,12124.0,91,260913.62910456964,49296.25967869662,3,2,0.6,0.25,0.13692975807605615,0.31045330679079414,0.046467484437698395,0,0.3780555555555556,0,0,0
22,88406.0,744376.0,638.3162399489898,60,0,4,11,10226.0,139,505654.6206721269,19257.83501829053,4,8,1.0,0.7272727272727273,0.4766405567044157,0.2178340273091253,0.020223289933368714,2,0.34393939393939393,1,1,1
48,52834.0,462909.0,731.0342153433263,45,1,4,1,29255.0,26,266890.7145833535,24968.991883315448,0,1,0.0,1.0,0.4209579604411198,0.4725932521352812,0.1096141544139906,1,0.3286111111111111,1,0,1
45,47454.0,536382.0,701.5506084311686,60,4,4,1,7209.0,57,208860.3310225745,27576.99846651607,2,0,0.5,0.0,0.36677682777457205,0.5811311684266041,0.03451588899004867,2,0.5516666666666667,0,0,1
48,166355.0,163622.0,771.6598411361858,0,3,3,4,2657.0,21,104525.40524538033,2724.2603406888716,0,2,0.0,0.5,0.0523606169764361,0.016376185511038872,0.025419657486737468,0,0.3466666666666666,1,1,1
27,71697.0,390645.0,643.2882051019673,0,1,0,6,24916.0,55,312668.61405458726,15085.894032457467,0,6,0.0,1.0,0.3634143386457212,0.2104117889515247,0.07968820303674624,0,0.3055555555555556,1,0,1
67,20040.0,1185028.0,693.2073303851668,60,2,5,9,25194.0,172,407038.16276422713,41616.84166634177,0,4,0.0,0.4444444444444444,1.6926071305897668,2.0766887059052777,0.06189591616890571,2,0.5888888888888889,0,0,1
32,82374.0,64855.0,673.0634445635255,5,1,2,1,26812.0,161,33351.951794458066,3088.6681463345903,1,0,0.5,0.0,0.033740370944774306,0.03749566788470379,0.8039109724443539,0,0.4180555555555556,1,0,0
54,91603.0,1263404.0,684.093559614081,60,4,0,1,29137.0,89,209188.75654805722,25335.805211058905,0,1,0.0,1.0,0.19030377148133543,0.27658270156063564,0.13928568858482754,2,0.5977777777777779,1,0,0
57,118939.0,542219.0,618.0360735697235,0,6,4,9,1212.0,17,466035.59552435874,19577.126567643183,4,8,1.0,0.8888888888888888,0.32652283630289386,0.16459804242210868,0.002600659717068009,0,0.2488888888888889,1,1,0
37,72867.0,1221425.0,720.3138167539223,120,1,6,6,23069.0,179,917574.5221833725,42811.62029211011,2,4,0.3333333333333333,0.6666666666666666,1.0493713685932047,0.5875309851113687,0.025141282198101158,4,0.6,1,0,0
27,167528.0,421368.0,709.2574993094648,15,6,4,4,8101.0,28,222826.94199476665,12987.219587342397,3,0,0.75,0.0,0.11084064653608483,0.07752268031220093,0.0363555678118594,0,0.4288888888888889,0,1,1
35,122253.0,1251726.0,769.9656531845256,45,2,1,2,12649.0,18,1119041.1579007802,68453.52806416644,1,1,1.0,0.5,0.7627905231369784,0.5599333191346343,0.011303426965750193,1,0.2441666666666667,1,1,0
60,177827.0,879258.0,679.2981903609253,30,0,5,8,13460.0,73,277110.44379209133,32164.889404917176,0,8,0.0,1.0,0.12985956566030063,0.18087742246631375,0.0485726911472838,1,0.3705555555555555,0,1,1
65,77456.0,1284601.0,651.1712344226305,30,2,5,9,29567.0,169,909469.1333984187,40503.18199154532,4,9,0.8,1.0,0.9784793230978649,0.5229185859267884,0.03251017424804382,1,0.355,1,1,1
66,123575.0,140337.0,735.2506064560826,45,6,2,0,15654.0,143,102043.23215454594,6912.458266468383,2,0,1.0,0.0,0.06881329297629371,0.05593735194390761,0.15340556810560246,1,0.5875,1,1,1
32,77185.0,1206263.0,624.4056932880221,60,5,3,0,6680.0,64,932612.4184220969,24803.39212574534,3,0,1.0,0.0,1.0069016199413712,0.3213499012210318,0.0071626753708705785,2,0.5255555555555556,0,0,0
50,131387.0,442253.0,755.9489174558771,90,5,5,9,2629.0,81,293577.37166153523,11720.806603771645,4,6,0.8,0.6666666666666666,0.18620396973669087,0.0892082672088688,0.008955049856604646,3,0.5850000000000001,1,0,0
28,138800.0,570323.0,755.7989398189592,180,2,1,10,17668.0,10,167072.10313848293,14917.18407182975,1,5,1.0,0.5,0.10030745865663,0.10747250772211635,0.10575074873724027,6,0.4888888888888888,1,0,0
55,70136.0,114915.0,768.0095230794086,5,5,2,2,24900.0,48,25108.995257709048,6015.573570100267,1,2,0.5,1.0,0.02983369840703425,0.08577012618484468,0.991676478665753,0,0.35805555555555557,1,0,1
41,169902.0,1433385.0,706.3636089275645,120,4,3,8,21311.0,120,408898.7372942711,71974.83139865233,0,5,0.0,0.625,0.20055617223177238,0.4236255688494092,0.05211803817497036,4,0.7541666666666667,1,0,1
55,156859.0,980055.0,645.9452532181564,60,5,0,10,28019.0,75,777907.7695410681,38484.18623729235,0,0,0.0,0.0,0.41327336947038856,0.2453425448159962,0.036018408733120115,2,0.7,1,0,0
54,162908.0,1472335.0,687.6431408413754,15,3,1,1,1256.0,176,664753.8452877416,40909.08876356239,1,0,1.0,0.0,0.34004563173066066,0.2511177398504824,0.0018894211878629072,0,0.4291666666666667,0,0,0
69,53283.0,873874.0,706.6048226555445,180,3,4,2,12085.0,80,489041.35857822385,29470.658623072384,4,0,1.0,0.0,0.7648489489740691,0.5530968343199967,0.024711611376048805,6,0.7277777777777777,1,0,0
44,134291.0,279372.0,640.7900848368487,90,6,1,1,18350.0,152,47222.17828390344,10573.074034626748,0,1,0.0,1.0,0.029303389829985777,0.07873255865714567,0.38858859685968655,3,0.725,1,0,1
37,35233.0,539346.0,773.3181402247651,5,6,1,9,25717.0,130,279689.4085306532,19741.937060438344,1,2,1.0,0.2222222222222222,0.6615233080035129,0.5603251798154668,0.09194842284198075,0,0.4875,0,0,0
46,35092.0,687838.0,720.605891729798,5,3,2,9,9380.0,91,314308.9162438541,17359.25222379809,1,7,0.5,0.7777777777777778,0.7463926161799795,0.49467833762105573,0.029843251384961033,0,0.40694444444444444,0,0,1
28,175667.0,263635.0,617.5443931274597,60,1,0,1,20290.0,156,145241.84244765955,5330.568979435815,0,0,0.0,0.0,0.06890017402607375,0.03034473736920318,0.1396980350707948,2,0.6,1,0,0
26,42769.0,1400684.0,811.8011573526044,90,2,4,2,6237.0,156,604332.2221471501,71862.72894499601,2,1,0.5,0.5,1.1775121820071197,1.6802527284948445,0.010320482296708218,3,0.5666666666666667,0,1,0
46,157990.0,1438983.0,686.8172492619124,0,3,1,7,17752.0,57,297267.4838595753,58471.48228380615,1,2,1.0,0.2857142857142857,0.1567965714388966,0.3700960964858925,0.059717261267585454,0,0.29809523809523814,1,0,1
61,87790.0,867068.0,603.412787000501,60,4,4,10,23255.0,50,158647.63967739014,18038.21850852923,3,2,0.75,0.2,0.15059387902702484,0.20547008211105172,0.14658270395506057,2,0.4786111111111111,1,1,1
47,67190.0,897369.0,621.8822114076909,45,2,5,9,24571.0,127,773844.1186912543,48990.72917204008,4,7,0.8,0.7777777777777778,0.9597709464345566,0.7291372104783462,0.03175187276935713,1,0.40638888888888886,0,1,0
59,29906.0,1070062.0,784.1448518015741,180,0,3,2,13554.0,4,645101.8496259621,33654.619098723575,1,2,0.3333333333333333,1.0,1.7975820059128662,1.1253467230229244,0.021010635774581603,6,0.4588888888888889,0,0,0
29,127377.0,1034714.0,807.7489441351776,90,5,6,4,14190.0,126,654505.4475992633,45857.28771093474,2,3,0.3333333333333333,0.75,0.42819441997591356,0.36001230764529496,0.02168049181568947,3,0.6666666666666667,0,1,0
43,134855.0,140870.0,750.6639537436643,180,6,1,0,26457.0,78,117846.7846789022,3108.802110700612,0,0,0.0,0.0,0.07282314626753562,0.023052924331323364,0.2245033674197182,6,0.9733333333333334,0,0,0
51,93656.0,820455.0,772.3516054010995,0,0,6,2,16431.0,138,462036.0568050037,42918.516180313505,6,1,1.0,0.5,0.4111109243801818,0.4582569849268974,0.03556215961503301,0,0.25,0,0,1
38,149210.0,1176824.0,765.1630821159027,90,2,2,6,10504.0,23,719821.6138680717,21380.882391717012,0,6,0.0,1.0,0.4020181924067152,0.14329389713636492,0.01459250430610877,3,0.4427777777777777,1,0,0
21,70346.0,1219473.0,718.9841306934846,30,3,2,4,8239.0,103,661294.5255250611,64916.042465496306,0,4,0.0,1.0,0.7833832361056552,0.9228107136936898,0.012458896425096394,1,0.5083333333333333,1,0,0
24,107371.0,914259.0,703.0329251467648,45,5,6,7,21352.0,96,257803.52588289825,40305.019943454194,0,7,0.0,1.0,0.20008779984267808,0.3753808751287982,0.08282276174026686,1,0.6041666666666666,1,0,1
66,64457.0,1349751.0,717.7904236133626,120,5,3,3,21365.0,2,517809.26920734573,32515.20876630299,1,0,0.3333333333333333,0.0,0.6694505241315214,0.5044480625270024,0.04126036606626453,4,0.6044444444444445,0,1,0
50,112320.0,899993.0,731.5210810200306,120,2,5,6,16132.0,94,731923.7475382264,20012.451001242873,2,5,0.4,0.8333333333333334,0.5430345942680336,0.17817353099397146,0.02204054733059125,4,0.6066666666666667,0,1,0
33,40036.0,604930.0,628.0881395431521,15,2,5,7,4771.0,118,292119.63677463064,29329.448241578477,5,4,1.0,0.5714285714285714,0.6080353448034906,0.7325768868413047,0.016332349487620412,0,0.3386904761904762,1,1,1
33,95139.0,691858.0,731.2371110518477,15,2,3,2,4845.0,72,209710.56688094707,11482.738205353473,2,2,0.6666666666666666,1.0,0.18368787325294839,0.12069433361033302,0.023103270722407195,0,0.30583333333333335,0,1,0
22,106989.0,1050536.0,782.1031793107912,90,1,2,0,7294.0,110,809995.0831628123,20560.255112351042,2,0,1.0,0.0,0.6309021512825401,0.19217167290423354,0.009004992933437197,3,0.5083333333333333,1,0,1
67,108159.0,1335397.0,665.5539300169678,120,3,3,4,358.0,58,287749.56414276134,55972.15460113218,0,4,0.0,1.0,0.22170258919951286,0.5174988174921382,0.0012441374188229362,4,0.6122222222222222,0,1,0
26,90348.0,383336.0,658.0726550274742,60,1,2,0,14397.0,110,241366.6362977601,6936.34214019514,0,0,0.0,0.0,0.22262680256504488,0.07677361026470027,0.059647846201242374,2,0.6,1,1,0
58,122258.0,475565.0,713.3582416467066,0,0,2,1,12444.0,43,321050.77406929305,17429.36965205501,0,1,0.0,1.0,0.21883419630978004,0.1425622016723242,0.038760224254479406,0,0.24555555555555555,1,0,1
32,100974.0,995189.0,634.5239714714305,5,4,1,3,11559.0,50,376008.5029769219,37779.47700994475,0,2,0.0,0.6666666666666666,0.3103179225814912,0.37415054380280816,0.030741326083015337,0,0.4375,0,0,0
37,63884.0,1157178.0,587.8226968360746,90,5,6,4,28049.0,12,318413.25811124884,18184.889951395406,0,4,0.0,1.0,0.4153534245810751,0.2846548423923894,0.08808992491826487,3,0.5183333333333333,1,0,0
34,52887.0,628775.0,760.3403328073624,90,2,4,3,7187.0,17,305722.71314439276,18917.656160273644,4,0,1.0,0.0,0.4817231599832233,0.3576995511235964,0.023508230468325005,3,0.3794444444444445,0,1,1
61,122930.0,982608.0,648.4334117983597,180,2,5,0,24266.0,24,703816.7871834511,15860.497303459619,5,0,1.0,0.0,0.4771121689738409,0.12902055888277572,0.034477722671418784,6,0.57,0,0,0
22,170054.0,59833.0,681.2914005104146,45,2,4,2,5756.0,34,48765.011989106206,3211.561041223231,2,2,0.5,1.0,0.02389682688494351,0.018885536601451484,0.11803544724414,1,0.3047222222222222,0,1,0
38,140016.0,473033.0,637.2912471294354,30,0,2,10,18351.0,129,360215.89431916573,11169.66607028864,2,7,1.0,0.7,0.21438972112661275,0.07977421202068792,0.05094444828617217,1,0.2883333333333334,1,1,1
34,121451.0,1435515.0,769.37283704391,5,3,2,8,25826.0,38,333250.35505035665,61136.288649391485,0,1,0.0,0.125,0.2286589893937724,0.5033823406097231,0.0774972917766209,0,0.43166666666666664,0,1,0
34,167288.0,885914.0,739.722331079881,120,3,6,5,25134.0,63,280907.77156514867,37164.645998308406,0,0,0.0,0.0,0.1399322184721103,0.22215966475962654,0.08947420664070475,4,0.7233333333333333,0,0,0
30,163735.0,1309240.0,663.148232119241,180,6,0,0,17725.0,31,802222.8028450583,60080.074820930706,0,0,0.0,0.0,0.4082932802216276,0.3669348326315736,0.022094859354706495,6,0.8688888888888889,1,0,0
65,100048.0,365591.0,597.4071844666073,0,2,2,4,6217.0,76,249491.21057862916,10387.574785401483,2,3,1.0,0.75,0.20780959354395653,0.10382591141653488,0.02491871351131491,0,0.2605555555555556,1,1,1
39,35701.0,471712.0,655.714913659926,45,5,5,11,11321.0,44,73848.24841133352,10554.990103886894,4,4,0.8,0.36363636363636365,0.1723767037602437,0.29564970459894385,0.15330086012253422,1,0.4455808080808081,1,1,1
41,120753.0,1463650.0,719.91068899648,30,2,3,9,12739.0,59,376056.0287105316,53013.532514992454,3,3,1.0,0.3333333333333333,0.2595215223849039,0.4390245585202227,0.03387527130912139,1,0.32277777777777783,1,1,0
39,118901.0,1496748.0,693.2044992855836,90,1,4,9,25373.0,12,330051.9142286807,64021.10307006573,4,2,1.0,0.2222222222222222,0.2313212351933406,0.5384404089962719,0.07687578500883951,3,0.31277777777777777,0,0,1
69,62931.0,1321426.0,687.6368631116391,90,2,0,2,11324.0,90,536276.8682904767,59744.38308100413,0,1,0.0,0.5,0.7101387078579141,0.9493633198424327,0.021115958322234226,3,0.6416666666666667,0,0,0
37,155612.0,509835.0,694.8189131628868,5,6,1,4,24754.0,48,336797.88245054235,8645.076363530361,1,1,1.0,0.25,0.1803619913902004,0.055555332259275385,0.07349808680473234,0,0.3913888888888889,0,0,1
37,158932.0,1212106.0,733.1157362048712,180,1,4,0,28548.0,117,1039254.3797071478,54673.72579885204,4,0,1.0,0.0,0.5449156346252632,0.34400703318936426,0.027469694193681973,6,0.6833333333333332,0,0,0
37,71609.0,715324.0,677.0698557154469,5,5,2,10,3326.0,179,155327.22850323297,13946.879595840895,2,0,1.0,0.0,0.1807585039394873,0.1947643396198927,0.021412858724449417,0,0.47638888888888886,1,1,0
37,95251.0,1273697.0,711.5009415321651,120,4,3,1,28070.0,87,674509.8198787022,45835.04733883354,3,0,1.0,0.0,0.5901161316580248,0.4812027940791544,0.04161540599223279,4,0.66,1,1,0
25,49613.0,1284325.0,610.9156554578432,90,5,6,7,17018.0,92,551424.8705804243,47798.00716837373,6,2,1.0,0.2857142857142857,0.926210318835158,0.9634169908768616,0.03086186515687445,3,0.6130952380952381,0,1,1
50,46892.0,680549.0,850.0,5,5,4,3,18026.0,149,305390.35329228995,13666.790268759563,2,2,0.5,0.6666666666666666,0.5427193574104502,0.2914524922963312,0.05902609498194354,0,0.4847222222222222,1,1,0
22,60933.0,491664.0,660.1298476478622,90,3,4,6,9168.0,61,98841.54380199869,26333.483046883775,4,3,1.0,0.5,0.13517790551643977,0.432171123149751,0.09275452049156088,3,0.46055555555555555,0,1,0
32,77257.0,1463535.0,694.2515105518784,15,4,1,9,10016.0,25,536006.0350043371,59303.399350841704,0,7,0.0,0.7777777777777778,0.5781633972804374,0.7676119879213754,0.01868635676820123,0,0.3902777777777778,1,0,1
30,62215.0,703283.0,719.6525867350348,15,0,4,3,16225.0,129,238653.45770606794,16847.606852026984,1,2,0.25,0.6666666666666666,0.31966227022699234,0.2707965418633285,0.06798560622567283,0,0.375,0,1,0
35,42564.0,675920.0,651.2446641319622,0,4,6,0,5969.0,116,465522.31500340585,11514.910333393658,6,0,1.0,0.0,0.9114163671244202,0.27053167778859266,0.012822156548942943,0,0.43333333333333335,1,1,0
58,90446.0,1015101.0,680.5477355974624,90,4,4,7,21539.0,84,640928.4261803132,46695.59713196873,1,2,0.25,0.2857142857142857,0.5905258627434355,0.5162815064454893,0.03360593651363562,3,0.6789285714285713,1,0,1
50,119017.0,1408169.0,679.6972692259743,120,0,5,6,20006.0,69,883249.8345511375,68511.1192436499,5,6,1.0,1.0,0.6184339453965523,0.5756414566293042,0.022650442963475827,4,0.38666666666666666,1,0,1
69,70806.0,239177.0,616.0173335198637,45,3,6,1,255.0,5,129022.52337257804,4454.720084158731,3,1,0.5,1.0,0.1518498001259051,0.06291444346748483,0.0019763991071825274,1,0.2736111111111111,0,1,1
38,104434.0,1477481.0,710.7012597877747,90,3,6,0,6322.0,100,600690.4242027305,37376.1734365043,1,0,0.16666666666666666,0.0,0.47932220685052324,0.35789276898811023,0.01052455598637336,3,0.7000000000000001,1,0,0
66,61946.0,662408.0,564.5544713218889,30,2,2,6,15407.0,98,220478.55256157313,26956.769869106545,1,4,0.5,0.6666666666666666,0.2966004699813455,0.435165626014699,0.06987981289335289,1,0.43333333333333335,1,1,0
23,132025.0,87112.0,802.689590969163,60,0,2,7,22264.0,92,13804.015726158179,2766.59745005539,1,3,0.5,0.42857142857142855,0.008713006202208029,0.020955102821854876,1.6128639985399622,2,0.4488095238095238,1,0,0
45,123058.0,498644.0,735.5079619484875,120,0,1,1,8751.0,54,130119.17403347197,14311.327904293601,0,0,0.0,0.0,0.0881150717774491,0.11629741995070293,0.06725373155034696,4,0.6033333333333333,1,0,1
60,173529.0,720617.0,724.7385650357363,30,1,5,7,26602.0,27,226930.33217014404,23043.92745912959,3,7,0.6,1.0,0.10897810172466084,0.13279582928000272,0.11722540457947594,1,0.21166666666666667,1,0,0
47,26591.0,1031322.0,558.4350521296731,60,1,2,5,16020.0,102,909288.4005034885,36315.09786261581,0,2,0.0,0.4,2.849612025696315,1.3656913189656579,0.017618172618422773,2,0.56,0,0,0
66,156208.0,871228.0,624.5229928694886,5,1,5,1,16169.0,111,764797.6917522487,19503.74872959866,2,1,0.4,1.0,0.4080017731444872,0.12485755357983369,0.021141538702810107,0,0.33305555555555555,1,0,1
36,73138.0,247155.0,777.2541584563538,45,4,5,7,3295.0,31,179372.6474978258,7543.795399559774,1,0,0.2,0.0,0.20437693982360491,0.10314467717957523,0.01836957889602393,1,0.5097222222222222,1,0,1
22,28699.0,757938.0,850.0,120,2,4,7,18847.0,21,460632.6643727495,13486.004165104014,3,7,0.75,1.0,1.3375398224466286,0.46991198874887674,0.040915465744628086,4,0.38416666666666666,1,0,1
58,129739.0,387460.0,763.6284725539922,90,0,0,1,24526.0,86,252471.37824708497,5905.752741199633,0,1,0.0,1.0,0.16216620692768108,0.04552025791165057,0.09714368484176157,3,0.5161111111111111,1,0,1
24,45818.0,440841.0,752.5860387175666,15,0,4,8,6341.0,8,264686.13393288216,23808.82314095542,4,7,1.0,0.875,0.48140856929023923,0.5196390750568646,0.02395667618012782,0,0.05944444444444444,0,1,1
58,46487.0,1081495.0,716.7481959679932,45,4,1,2,16310.0,34,686881.9241909776,18593.40209143877,0,0,0.0,0.0,1.2313154290285055,0.399969929043362,0.023744983563529096,1,0.5463888888888888,0,0,1
56,176703.0,1214764.0,620.675196300288,60,6,3,7,191.0,114,381955.4279950883,20334.075255337222,0,5,0.0,0.7142857142857143,0.18013060898564648,0.11507487283938146,0.0005000583471285455,2,0.6952380952380952,0,0,0
62,53790.0,276525.0,749.6621858240231,180,5,1,9,6331.0,53,244040.623123969,13991.744413099632,0,7,0.0,0.7777777777777778,0.37807619620122856,0.26011794781743136,0.02594240220729131,6,0.8066666666666666,1,0,0
44,106640.0,923442.0,602.915486403215,120,5,0,11,2129.0,82,662550.1407584281,49904.16536612867,0,0,0.0,0.0,0.5177467341510598,0.467968542443067,0.0032133417065807446,4,0.8322222222222222,1,0,1
64,50507.0,661927.0,595.2590384402102,120,2,4,3,23090.0,123,215578.23612759158,32289.721149608362,3,2,0.75,0.6666666666666666,0.35569035996263154,0.6393118013267144,0.10710728696348555,4,0.5708333333333333,0,1,0
29,38086.0,538160.0,590.8529472193057,90,4,3,4,29870.0,31,288042.58138790756,11076.418865520913,1,4,0.3333333333333333,1.0,0.6302459814365462,0.29082652065118186,0.10369994552914386,3,0.4772222222222222,0,0,0
42,18150.0,1083677.0,748.3005852551115,30,0,4,1,1133.0,40,803994.0353919115,43976.985455589805,3,1,0.75,1.0,3.6914326693843504,2.4229744052666558,0.0014092144345918096,1,0.18472222222222223,1,0,0
26,20599.0,410801.0,675.9810161550748,30,1,3,11,21066.0,53,342349.26248739415,17613.906657650994,0,9,0.0,0.8181818181818182,1.384975251579341,0.8550855215132285,0.06153365088898266,1,0.37762626262626264,0,1,0
58,94750.0,1159929.0,687.0600669933067,45,0,2,3,17784.0,75,507913.62491640536,53201.8837323192,0,3,0.0,1.0,0.44671383018153504,0.5614974536392527,0.03501382740604166,1,0.4041666666666667,0,1,1
55,88308.0,631086.0,678.9217244064521,30,1,0,9,21061.0,100,323619.45646880835,12315.993380799717,0,2,0.0,0.2222222222222222,0.3053889572753019,0.13946633805317432,0.06507952343103307,1,0.5194444444444444,0,0,1
60,24311.0,187577.0,601.1998421161243,180,2,1,11,15052.0,13,71731.699347416,5745.504001162521,1,8,1.0,0.7272727272727273,0.24588217729771158,0.23633351162693927,0.20983749356193415,6,0.4728282828282828,0,1,1
58,74633.0,1198760.0,633.0488365787817,120,0,6,5,29742.0,85,518385.19970140094,31220.357934036543,4,1,0.6666666666666666,0.2,0.5788158943333835,0.41831841054274305,0.05737432321974454,4,0.5522222222222222,0,0,0
36,62216.0,1285393.0,636.5701655622584,180,5,5,8,1189.0,123,412330.9524759689,52933.30703947011,2,7,0.4,0.875,0.5522841826271496,0.850798943028644,0.00288360597927534,6,0.8191666666666665,0,1,0
24,110553.0,866450.0,581.6309986942248,60,5,3,5,4475.0,153,149405.24770023552,24905.291317175102,3,3,1.0,0.6,0.11261962414726837,0.2252791992725218,0.029952093844645766,2,0.5233333333333333,0,0,1
66,179158.0,1099759.0,644.7052933289754,5,4,0,6,7491.0,97,508361.506115068,38879.67449578046,0,5,0.0,0.8333333333333334,0.23645865014636427,0.2170133317841261,0.01473557676946611,0,0.5097222222222222,0,0,0
45,130045.0,263953.0,604.3085480522633,5,1,6,2,23473.0,112,132750.92360478506,10573.296858180818,3,0,0.5,0.0,0.08506729952758985,0.08130490874836263,0.17681986205897784,0,0.4180555555555556,0,0,0
25,166780.0,541977.0,720.4372940206895,15,6,5,10,2314.0,146,398311.1917305941,26899.632264807,3,3,0.6,0.3,0.19902026208707782,0.1612881176688272,0.0058095279470960015,0,0.5591666666666667,0,0,0
66,49140.0,557352.0,726.2679744776777,60,0,0,1,3707.0,130,302065.9299500206,28891.27353526936,0,1,0.0,1.0,0.5122539851275618,0.5879380043807358,0.012272155289454042,2,0.4666666666666667,1,0,1
69,52842.0,1157514.0,589.4452614152077,30,6,1,7,21971.0,96,456984.1175576681,49469.733332907424,0,7,0.0,1.0,0.7206769198075839,0.9361820773798764,0.04807825733074283,1,0.6083333333333334,0,1,0
42,139630.0,560456.0,659.23577650264,60,5,1,11,12553.0,101,278788.8165426464,11912.857990397762,1,2,1.0,0.18181818181818182,0.16638545712636157,0.08531732428846066,0.0450269137610108,2,0.5651515151515152,1,0,0
58,68220.0,1106033.0,809.9241916921692,120,1,6,9,21173.0,178,826316.8168468348,55917.36280624507,3,3,0.5,0.3333333333333333,1.0093775247322814,0.819662310264513,0.025623343938218072,4,0.6083333333333333,0,1,1
22,155500.0,494924.0,611.3465971625195,30,1,6,9,10999.0,136,252764.2261282804,11472.646629104538,3,1,0.5,0.1111111111111111,0.1354577846346626,0.07377907800067227,0.043514860344271565,1,0.4555555555555556,1,0,0
25,93120.0,921292.0,709.8646472456546,180,4,2,7,2678.0,43,521808.04985314945,15779.457875533833,0,5,0.0,0.7142857142857143,0.4669673985656048,0.16945294110324133,0.005132155398433696,6,0.7574603174603174,0,0,0
34,50533.0,354219.0,687.3865353802018,45,5,1,11,17914.0,81,99092.48484607537,11508.874997966761,1,0,1.0,0.0,0.16341216770241784,0.22774968828224648,0.18078061144421384,1,0.5341666666666667,0,1,0
53,154794.0,859797.0,756.5021290488635,120,3,4,10,3276.0,133,133893.14569069466,36442.951388885696,0,0,0.0,0.0,0.07208136065281097,0.23542870775925226,0.024467271891332347,4,0.7833333333333333,1,0,0
27,107174.0,167187.0,700.6826788950184,0,0,1,3,14366.0,93,141650.43697904,3506.676084530068,0,2,0.0,0.6666666666666666,0.11014054790888338,0.03271946633073383,0.10141867760087274,0,0.3833333333333333,1,0,1
22,148028.0,1115320.0,649.8093165453375,15,3,0,7,26408.0,77,391447.9368493622,30085.3429872097,0,7,0.0,1.0,0.22036818307423944,0.20324089352831695,0.06746235581811837,0,0.4502777777777778,0,0,0
53,91262.0,92197.0,684.6734885031019,180,3,1,5,5488.0,109,37863.57989692982,1678.2064538029285,1,4,1.0,0.8,0.03457406505165514,0.018388885338946424,0.1449413926242351,6,0.6699999999999999,0,1,0
58,38451.0,1498926.0,685.6958960767615,120,2,1,3,6025.0,67,353948.77905226796,59549.716065710876,1,2,1.0,0.6666666666666666,0.7670992064624846,1.5487169661572098,0.017022236991839666,4,0.4822222222222222,0,1,1
57,128327.0,1266501.0,673.5813372402023,60,6,0,9,28446.0,122,677259.4829635732,54876.87091274765,0,5,0.0,0.5555555555555556,0.43980058948595724,0.4276330851087273,0.042001626725882237,2,0.711111111111111,0,0,0
60,38160.0,888900.0,587.6621981273188,0,2,4,0,9109.0,131,624740.3734692609,31811.48193292458,3,0,0.75,0.0,1.3643002565279108,0.8336342225609167,0.014580456757447244,0,0.4041666666666667,1,0,0
60,125453.0,1368887.0,767.0162025318525,0,1,2,1,11177.0,161,909694.285460373,44868.39731662124,1,0,0.5,0.0,0.604272971724054,0.3576510511236976,0.012286545247828622,0,0.4083333333333333,0,1,0
50,85510.0,1222640.0,754.6503511505027,30,4,3,1,20528.0,172,967966.0272232344,59796.960051352966,2,0,0.6666666666666666,0.0,0.943326343140407,0.6992978604999762,0.021207355860295898,1,0.5416666666666666,1,0,0
46,146227.0,257027.0,606.90676811911,180,4,3,2,3842.0,128,93796.23851991992,8165.087234017132,0,1,0.0,0.5,0.0534535565250831,0.055838437730495266,0.04096113085797207,6,0.8833333333333334,1,0,0
62,158955.0,1129196.0,658.9492057471373,30,4,5,6,1821.0,136,435866.7880446132,36891.72035049293,3,6,0.6,1.0,0.228506384429877,0.23208908402059028,0.004177881981257106,1,0.45166666666666666,1,1,0
38,83994.0,597087.0,664.2440031452048,120,3,5,11,25297.0,139,521961.6075388449,22744.909075300802,1,0,0.2,0.0,0.5178560448155473,0.27079206937758415,0.04846525038360675,4,0.7533333333333333,0,0,0
25,160897.0,1290922.0,599.0436839650292,45,2,3,11,28429.0,59,635714.343277451,55708.41824074409,1,4,0.3333333333333333,0.36363636363636365,0.32925533274778845,0.3462365254836578,0.044719771231577284,1,0.4489141414141415,0,1,1
57,35965.0,1302521.0,549.3242612566413,5,1,5,10,29610.0,164,1010606.8814966499,60021.75928363809,4,2,0.8,0.2,2.3416443799449693,1.6688936266825551,0.029299226575767338,0,0.35305555555555557,1,1,0
34,35393.0,1434061.0,633.0585143661365,60,0,3,9,690.0,91,872807.570246205,23852.448019038544,0,1,0.0,0.1111111111111111,2.055038120170196,0.6739312298770532,0.000790552263204319,2,0.5555555555555556,0,0,0
68,178953.0,703927.0,655.0518361824165,30,1,0,5,15893.0,156,201075.76239718235,34524.988818219186,0,2,0.0,0.4,0.09363527592774935,0.1929276894951143,0.07903985945659012,1,0.5016666666666667,1,0,0
41,111036.0,329970.0,579.1136666645186,15,4,6,9,25474.0,39,286439.89918926294,10906.45675312604,2,1,0.3333333333333333,0.1111111111111111,0.21497524765936493,0.0982245105472643,0.08893314120030552,0,0.4380555555555556,1,0,0
62,91015.0,231360.0,692.3884434859835,90,2,5,3,25342.0,55,91001.31302238576,11853.70615974485,2,0,0.4,0.0,0.08332080153673,0.1302390392764363,0.27847949835367786,3,0.5538888888888889,0,1,1
23,43219.0,289916.0,761.3999412321438,5,5,2,7,10827.0,111,183036.6226827077,10568.519077062241,2,3,1.0,0.42857142857142855,0.35292468336207783,0.24453409558440134,0.05915209667503811,0,0.43353174603174605,1,1,0
53,64817.0,1488114.0,738.9481302315687,180,5,2,0,14708.0,104,507278.3245426089,50645.46622559998,2,0,1.0,0.0,0.6521930004764811,0.7813608501720225,0.028993945312490086,6,0.8166666666666665,1,1,0
42,129152.0,900210.0,671.1320042788897,120,3,6,10,4501.0,72,523698.1421998313,20538.7033105713,2,8,0.3333333333333333,0.8,0.33790813808524794,0.15902737325454736,0.008594645726817417,4,0.6133333333333334,0,1,0
43,151117.0,560110.0,551.1711812435162,120,0,2,11,4175.0,39,311329.25829413295,18922.84865518404,1,6,0.5,0.5454545454545454,0.17168223864849363,0.12521985385617793,0.013410239766336407,4,0.44045454545454543,1,0,0
33,166462.0,701477.0,730.0991638461334,0,0,2,8,11324.0,41,242555.78337879034,24353.30784003692,0,4,0.0,0.5,0.12142700405036902,0.1462995028296964,0.04668616778481728,0,0.2911111111111111,1,0,0
68,84052.0,300679.0,690.2474518345191,180,1,5,2,6910.0,130,268078.83055430505,15268.218470834394,4,1,0.8,0.5,0.26578668617275125,0.18165205433344114,0.025776000237363886,6,0.6633333333333333,0,1,0
40,91672.0,877547.0,709.7045776452615,45,1,2,3,29185.0,3,224224.35054874542,44301.59742725766,1,0,0.5,0.0,0.20382845957030266,0.483262036687949,0.13015981506279492,1,0.3025,1,1,1
62,44454.0,667222.0,815.527196021176,90,0,2,8,2403.0,21,321774.08585507143,22990.192668699434,2,0,1.0,0.0,0.6031967236826672,0.5171681438947999,0.007467972424237801,3,0.32166666666666666,1,1,0
41,31459.0,1207161.0,622.2631859328543,5,5,5,5,15869.0,166,209482.41003886572,59999.15448993673,5,0,1.0,0.0,0.5549085318426781,1.9072174732170994,0.07575337708333502,0,0.47638888888888886,1,1,1
23,88931.0,80679.0,478.762884681457,90,2,1,6,16695.0,176,53412.88113820583,3967.4406064930818,0,6,0.0,1.0,0.05005086447002529,0.0446125716172435,0.3125650525535533,3,0.5916666666666667,0,1,0
64,111839.0,1400985.0,606.258179553317,15,5,0,4,1778.0,14,695697.8991606336,74161.70551598632,0,4,0.0,1.0,0.5183775331508043,0.6631113074686498,0.0025557070132670727,0,0.37694444444444447,0,1,1
30,34899.0,137957.0,714.0231547787474,90,1,2,10,13220.0,25,78645.06689151554,4064.783335310192,1,3,0.5,0.3,0.18779207353485664,0.11647277387060351,0.1680970024252877,3,0.4088888888888889,1,1,0
34,84179.0,655252.0,681.8848131223629,15,0,1,1,28246.0,59,441561.4799289732,15391.296377027138,1,1,1.0,1.0,0.4371255300500255,0.18284009523785194,0.06396844218509158,0,0.1602777777777778,1,1,0
63,121933.0,543909.0,594.9054709280923,180,0,2,5,3286.0,105,393249.77277515276,28694.99598118722,0,1,0.0,0.2,0.26876083093116215,0.23533412596415426,0.008356012456945084,6,0.78,0,0,0
64,149365.0,1091002.0,580.6197831776499,90,3,0,2,4306.0,34,953940.2570726993,41888.42598879834,0,0,0.0,0.0,0.532219873616476,0.28044338358248816,0.004513909511706289,3,0.6005555555555555,0,0,0
65,170034.0,1004410.0,655.1773688927823,45,3,4,8,4958.0,176,801516.2535200168,33814.772392226114,3,6,0.75,0.75,0.39282155996252555,0.19887065170628293,0.0061857759942184135,1,0.45,1,1,0
41,73135.0,335358.0,592.7733731082736,45,3,3,3,1640.0,88,131746.57136494206,10549.803164584673,2,3,0.6666666666666666,1.0,0.1501180139068641,0.14425108586292026,0.012448141784708381,1,0.4330555555555556,0,1,1
58,81459.0,761554.0,716.4443392778168,0,6,1,3,26548.0,96,529621.6249831339,14005.041390166882,1,2,1.0,0.6666666666666666,0.5418079698407929,0.17192748978218345,0.05012635199864703,0,0.43333333333333335,1,1,0
37,159733.0,825100.0,651.2001177961612,15,4,4,2,1362.0,35,170773.68416039587,19112.433681710263,2,2,0.5,1.0,0.08909330161394112,0.11965238042051587,0.007975467688105668,0,0.31527777777777777,1,1,0
57,130309.0,722626.0,636.1017480967802,120,5,1,10,8431.0,55,182213.8623680742,19267.59825219943,1,10,1.0,1.0,0.11652678272930381,0.14786084040395853,0.046269805658195634,4,0.5222222222222223,1,0,1
45,62339.0,81616.0,626.9206517953895,120,0,0,2,24790.0,132,40376.207520569806,3024.0912556737017,0,0,0.0,0.0,0.053973980334100384,0.04851042294027337,0.6139754454989524,4,0.6833333333333333,1,0,0
23,128993.0,308250.0,698.4185908606416,180,3,3,10,29858.0,113,152496.94929401728,10994.805157776422,1,4,0.3333333333333333,0.4,0.09851758706158298,0.08523567292625508,0.1957940807224488,6,0.8099999999999998,1,0,0
41,43517.0,780438.0,682.9826456632024,0,4,1,10,4590.0,40,413095.97101070464,28653.513382447236,0,5,0.0,0.5,0.7910624411354655,0.6584441340728275,0.011111219479506999,0,0.4222222222222222,1,0,1
43,90744.0,427671.0,694.1370088903816,15,4,5,11,10804.0,79,216571.63488182786,7723.079635296658,5,2,1.0,0.18181818181818182,0.1988851741178736,0.08510843290241403,0.04988649601271743,0,0.41987373737373734,1,1,1
33,67649.0,840737.0,692.6090610664068,90,6,2,4,5369.0,33,530533.6399544851,12939.72247302105,0,1,0.0,0.25,0.6535371796016757,0.19127736512026858,0.010119999177546236,3,0.6733333333333333,0,0,0
39,178807.0,287323.0,674.9463124382305,30,3,3,7,5773.0,73,248752.49771562766,9632.813519637413,0,7,0.0,1.0,0.11593156201734629,0.05387268686146188,0.023207807169838585,1,0.4705555555555556,0,0,0
45,23656.0,1116395.0,607.6808591579337,15,2,2,9,28323.0,39,312051.2113950396,25386.042247691603,0,1,0.0,0.1111111111111111,1.0992673155331965,1.0731333381675516,0.09076394824227953,0,0.4213888888888889,1,0,1
23,156796.0,323253.0,628.8733911288116,15,6,3,0,10125.0,176,135151.0596568786,16378.32613858305,2,0,0.6666666666666666,0.0,0.07182956392216565,0.104456275278598,0.0749161717688736,0,0.5791666666666667,0,1,0
28,63561.0,991752.0,652.3727566402745,180,2,0,0,18348.0,53,204002.50120679193,31970.61612021151,0,0,0.0,0.0,0.2674628850065186,0.5029910813267807,0.0899400737317486,6,0.7844444444444444,0,0,0
58,23868.0,1263098.0,824.5636666661826,120,3,6,2,4700.0,85,378913.47968458774,36730.50243128718,2,1,0.3333333333333333,0.5,1.3229480185624676,1.5389015598829892,0.012403887040155812,4,0.6722222222222222,0,0,0
38,124939.0,569675.0,585.5814575708232,0,0,1,11,8562.0,115,507283.52450200974,20941.379069290153,0,5,0.0,0.45454545454545453,0.33835413315165114,0.16761282761419696,0.016878135374897397,0,0.40454545454545454,0,0,1
50,127841.0,252244.0,650.6716447678176,120,1,2,1,10829.0,7,45320.05824010664,10126.10181939029,0,1,0.0,1.0,0.029541942882243464,0.0792085623500308,0.23894497095806289,4,0.4322222222222222,1,0,1
48,41049.0,58309.0,686.8786942077343,60,0,5,9,17593.0,37,18090.855141865515,1065.8123981461108,1,5,0.2,0.5555555555555556,0.03672613856177072,0.025964393728132494,0.9724802869758551,2,0.36333333333333334,1,0,0
48,24208.0,572804.0,658.7667072709255,120,2,2,10,27000.0,178,269148.1348401576,25577.71926734475,0,0,0.0,0.0,0.9265123610657551,1.0565812651745188,0.10031650420328876,4,0.75,1,0,1
41,36041.0,217454.0,755.1778679006417,60,6,4,10,7292.0,125,80349.69018133871,4458.493054071113,3,4,0.75,0.4,0.1857830669268766,0.12370614172945016,0.09075330575068694,2,0.6141666666666665,0,0,0
44,84236.0,1328675.0,658.4051448647994,90,0,0,6,19352.0,43,742619.5737646886,40483.80523063177,0,2,0.0,0.3333333333333333,0.7346617180349342,0.4805998056725363,0.02605910305042943,3,0.4872222222222222,1,0,0
61,39446.0,1460937.0,663.5821020594574,60,6,2,6,14827.0,77,1304375.5921694357,42768.49942046939,0,0,0.0,0.0,2.7556144099305286,1.0842290579645435,0.011367124690933348,2,0.7377777777777778,0,0,1
68,131892.0,1471912.0,737.0239959531422,90,6,5,8,23852.0,154,997882.67903686,55588.92651833948,5,8,1.0,1.0,0.6304922961190849,0.4214730728045634,0.02390260949615997,3,0.575,0,1,1
33,30563.0,1387383.0,806.7498164042863,120,0,1,7,10038.0,35,630420.2570410036,59072.9762333295,1,4,1.0,0.5714285714285714,1.7189091849649456,1.9328264971805615,0.015922711695711123,4,0.353968253968254,1,1,0
53,145804.0,900735.0,778.524886176383,45,0,2,9,12709.0,53,596469.0176687838,42364.03275812223,2,9,1.0,1.0,0.3409080098790064,0.29055466762312576,0.02130705807599422,1,0.20527777777777778,1,1,1
68,159690.0,521385.0,670.43422811236,5,6,0,4,18678.0,43,419293.8878395917,18814.605911773888,0,4,0.0,1.0,0.21880617020455867,0.11781956235064117,0.044546320711323126,0,0.4552777777777778,1,0,1
21,134129.0,697498.0,676.5340051787317,0,4,3,11,13290.0,119,224421.44905945892,14797.888978467387,0,11,0.0,1.0,0.13943134908648822,0.11032579813811619,0.05921893854485765,0,0.4833333333333334,0,1,0
59,170946.0,425336.0,683.2703471348942,30,1,2,5,22764.0,94,292502.3301292457,18220.60801720792,0,1,0.0,0.2,0.1425900236182019,0.10658692228661636,0.07782502105176889,1,0.5216666666666667,1,0,1
45,170155.0,1268351.0,690.289958592381,45,6,6,2,416.0,90,774281.0380291714,43316.69874717958,6,2,1.0,1.0,0.37920378381924885,0.2545720005123539,0.0005372726175225371,1,0.4875,1,1,1
68,25542.0,682803.0,620.685631995653,120,3,2,9,10455.0,68,478211.4730781359,26327.0626383315,1,0,0.5,0.0,1.5602128294512827,1.030736145890357,0.02186271260432879,4,0.6594444444444444,1,1,0
49,73397.0,608430.0,745.5615659198808,0,4,5,7,5233.0,59,129668.67118405105,19925.0468789136,3,4,0.6,0.5714285714285714,0.1472229464238446,0.27146949982851615,0.040356702603763915,0,0.36730158730158735,0,1,0
62,141131.0,1050413.0,694.4626389405951,120,4,6,0,4317.0,92,734980.494834906,33247.41977577084,6,0,1.0,0.0,0.43398243170937284,0.23557843263188696,0.005873625259905299,4,0.6666666666666666,0,1,1
29,73021.0,591996.0,676.860066782928,0,1,5,1,1599.0,143,438680.48125342024,25488.00651276124,1,1,0.2,1.0,0.5006327874326338,0.34905036239932674,0.0036450219882846295,0,0.35333333333333333,1,0,0
27,137418.0,567400.0,591.0198236408648,45,2,5,0,10672.0,146,377561.6552297502,20406.168215233534,2,0,0.4,0.0,0.22896179007950815,0.14849705435411326,0.028265582196120992,1,0.5441666666666667,1,0,1
66,143436.0,379610.0,684.3600345943429,30,0,4,6,6527.0,141,113097.35732522409,18871.134448248205,0,4,0.0,0.6666666666666666,0.06570721281339417,0.13156484040441874,0.057711339631313245,1,0.44166666666666665,1,0,0
46,179499.0,147576.0,547.4751387745437,60,3,3,10,22744.0,8,39994.32359793427,6602.231315670152,3,2,1.0,0.2,0.018567570291911688,0.03678143786689704,0.5686807015077194,2,0.31444444444444447,1,0,1
48,71438.0,105069.0,639.2845459177438,0,6,0,3,15061.0,88,73945.72263544008,3577.8592775567304,0,0,0.0,0.0,0.08625862360303116,0.050083418874502794,0.20367641917913576,0,0.6455555555555555,0,0,0
29,74355.0,634052.0,640.583160546456,90,4,0,1,23612.0,70,403118.40611382166,14943.548546715752,0,0,0.0,0.0,0.45179477519312944,0.20097570501937667,0.05857336118096548,3,0.7138888888888889,1,0,0
32,21932.0,1493148.0,700.0896635161333,5,4,2,10,26561.0,168,1325507.2131252834,23446.880426627045,0,8,0.0,0.8,5.03642779623869,1.0690716955419954,0.02003836700169622,0,0.5130555555555556,1,0,1
61,64252.0,427854.0,811.5895017461708,120,1,4,8,23566.0,74,210101.55250784892,9933.05565044307,0,8,0.0,1.0,0.27249677378116494,0.15459527564033912,0.11216480658380489,4,0.5811111111111111,1,0,1
35,63445.0,979549.0,720.0335225965806,60,3,0,6,12627.0,44,315402.38569595997,25713.943395345017,0,5,0.0,0.8333333333333334,0.414272710872882,0.40529503342020673,0.040034573524666085,2,0.4811111111111111,1,0,0
49,91399.0,521148.0,781.388145084493,120,6,6,2,29237.0,45,379026.5403686465,10279.398326581682,2,1,0.3333333333333333,0.5,0.34557867187519054,0.11246729533782297,0.07713707850527746,4,0.6833333333333333,0,0,0
36,86231.0,488924.0,725.1648521172503,180,0,6,8,11556.0,35,347817.58440082736,20419.246637226235,3,6,0.5,0.75,0.33612968306141583,0.23679705253593528,0.03322431216324816,6,0.5277777777777778,0,1,1
33,156765.0,286288.0,758.7537442781331,120,1,0,4,24743.0,79,155175.92230384267,8028.405531178995,0,3,0.0,0.75,0.0824886094386729,0.0512129973602462,0.1594512836311802,4,0.6172222222222222,0,0,0
29,143354.0,866966.0,809.9989147060174,45,5,0,2,5179.0,47,615144.3389606221,14053.365764152753,0,1,0.0,0.5,0.35759049797507225,0.09803260295598834,0.00841916225507446,1,0.5586111111111112,0,0,0
66,136032.0,1005318.0,628.7714217388422,30,0,5,3,29057.0,101,384980.81295568397,32647.799855541034,1,1,0.2,0.3333333333333333,0.2358396143037937,0.24000088108342915,0.07547648875515471,1,0.44500000000000006,0,1,1
67,18844.0,557790.0,624.2026896107948,60,1,1,0,9097.0,41,173913.481314013,25866.14679787567,1,0,1.0,0.0,0.769093085836398,1.3726462957904728,0.05230761831266391,2,0.34111111111111114,1,1,1
26,94403.0,813614.0,726.8167630334125,60,6,1,5,18803.0,105,198986.8005675338,23261.154371412253,1,1,1.0,0.2,0.1756536696993508,0.24640270300109374,0.09449370484058053,2,0.5966666666666667,0,1,0
38,136194.0,740430.0,679.7425082156428,120,0,1,9,10617.0,110,272373.4218772029,37830.987591324505,1,7,1.0,0.7777777777777778,0.1666577467174294,0.2777727916892411,0.03897957417000319,4,0.45555555555555555,1,0,0
48,57619.0,442751.0,695.4247682964873,45,3,4,9,6880.0,120,283770.1414801196,21744.27028806072,1,8,0.25,0.8888888888888888,0.4104117008280249,0.37738020944585504,0.024244975049575467,1,0.5111111111111111,0,0,0
39,86825.0,1052991.0,662.5933175524848,45,2,0,8,9882.0,158,362042.1246268102,53255.161273181344,0,1,0.0,0.125,0.34748260353854515,0.6133620647645418,0.027295166301949746,1,0.5916666666666667,1,0,0
56,135776.0,853100.0,638.2618898082698,5,2,1,10,18245.0,13,693211.3052760934,35584.16267909042,0,10,0.0,1.0,0.42546259112809176,0.2620799160314814,0.02631953613730138,0,0.25527777777777777,1,0,1
33,146715.0,145488.0,793.4535268142517,5,1,2,11,3353.0,9,49076.35250538311,6876.317571148141,1,0,0.5,0.0,0.027875105082065633,0.04686853812594582,0.06832211093178155,0,0.23805555555555555,1,0,1
23,156433.0,764426.0,603.009722032606,120,1,4,2,5935.0,82,507071.15071409114,23360.09740103148,4,1,1.0,0.5,0.27012158065225533,0.1493297283887126,0.01170447183130403,4,0.4988888888888889,0,1,1
37,87629.0,614602.0,728.0474581469081,180,5,6,5,27596.0,92,335372.03331174294,26261.182107819463,3,2,0.5,0.4,0.3189317399792905,0.2996859727695108,0.08228473831730719,6,0.8516666666666666,0,0,0
50,82792.0,1204163.0,716.6959800011315,60,0,1,4,2559.0,136,371677.35043167276,28846.959219872337,0,0,0.0,0.0,0.3741075530965882,0.3484268917271275,0.006885003880456883,2,0.5666666666666667,0,0,1
29,79998.0,494601.0,569.4690691700829,30,0,1,8,21671.0,40,280511.85430470767,11469.179060069213,1,6,1.0,0.75,0.2922071534129058,0.14336832245892664,0.07725520211512968,1,0.17222222222222222,1,1,1
60,126310.0,1436177.0,621.8453769004484,0,1,3,10,9039.0,81,1243800.8548719417,75750.58221172803,0,9,0.0,0.9,0.8206006748422807,0.5997195963243451,0.007267240543045479,0,0.37333333333333335,1,1,0
21,85966.0,941753.0,633.6116607335093,0,5,2,10,9579.0,110,808149.46787123,34800.3002058475,2,2,1.0,0.2,0.783400286034818,0.4048146965759428,0.011853005391728243,0,0.4466666666666667,1,1,0
24,82834.0,239472.0,719.5208879321614,90,2,4,1,10883.0,118,88292.25810078892,4278.67079362638,3,1,0.75,1.0,0.08882449447166313,0.05165355764090084,0.12326109031639725,3,0.47916666666666663,1,0,1
45,45260.0,634890.0,654.3075425848614,60,0,1,6,11480.0,97,350691.9104793468,14533.927818892587,0,6,0.0,1.0,0.6456987599045272,0.3211208090784929,0.03273528603584966,2,0.4666666666666667,1,0,0
46,95515.0,1331674.0,674.0087135372436,15,3,4,1,21266.0,106,350419.2732269252,44549.25850948107,0,1,0.0,1.0,0.305727960029773,0.46641112400650236,0.06068730125534084,0,0.47916666666666674,0,0,0
35,56440.0,419148.0,577.964685011069,5,4,6,3,24137.0,29,210318.7169140532,20469.38689912256,2,1,0.3333333333333333,0.3333333333333333,0.3105343682288761,0.362675175391966,0.11476391808658472,0,0.37416666666666665,1,1,1
33,103035.0,1071955.0,842.813820170072,0,3,4,5,10892.0,83,419264.3089179056,54496.184470500884,2,5,0.5,1.0,0.33909537933542455,0.52890944310672,0.025978839048121115,0,0.3594444444444445,1,1,0
24,161963.0,1185865.0,684.9836933117648,90,0,5,7,5145.0,97,1004560.8949840267,23169.797199610464,5,3,1.0,0.42857142857142855,0.5168674815565009,0.14305611281348496,0.005121640734464195,3,0.43214285714285716,1,1,1
53,143667.0,1054202.0,714.930062810786,60,6,0,9,94.0,14,658360.980120079,18428.65704704474,0,6,0.0,0.6666666666666666,0.3818790328329163,0.1282734173264893,0.00014277881411327759,2,0.5311111111111111,1,0,0
39,95444.0,181048.0,642.1562158004344,15,6,6,11,21737.0,174,52267.756237897076,3596.976107558063,3,9,0.5,0.8181818181818182,0.04563562249233152,0.03768677033190209,0.4158778100415079,0,0.5223484848484848,1,0,1
26,176355.0,592736.0,634.3160871052504,90,6,4,4,27508.0,113,530056.7078836726,24809.44403494965,4,3,1.0,0.75,0.25046861344242793,0.14067899427262992,0.05189633409193072,3,0.6,1,1,1
40,176796.0,554906.0,813.8879258467472,120,6,4,6,1027.0,129,372137.49797870923,20150.401876598407,2,2,0.5,0.3333333333333333,0.17540814365083168,0.11397543992283993,0.002759732640699263,4,0.7749999999999999,0,0,0
66,89987.0,548666.0,545.829487509536,45,2,1,0,17682.0,96,137718.77519227352,24424.22072453852,1,0,1.0,0.0,0.1275358062759746,0.27141943530219387,0.1283920799855619,1,0.4541666666666667,0,0,0
33,141687.0,1324548.0,699.5052947901544,15,2,3,1,6548.0,167,992965.6467260013,51305.56397953467,0,1,0.0,1.0,0.5840136161198047,0.3621049494980815,0.006594387249538809,0,0.4458333333333333,0,1,1
64,73455.0,58177.0,595.1947276224474,0,6,4,11,6322.0,1,33054.35581216886,1095.787760536828,3,3,0.75,0.2727272727272727,0.037499552801226216,0.014917810367392663,0.19126072327425528,0,0.312449494949495,1,0,1
33,160340.0,831574.0,651.6499191922096,120,3,4,11,24852.0,172,374371.2446244863,21043.211697195362,1,5,0.25,0.45454545454545453,0.19457155867972553,0.1312411855880963,0.06638330362399451,4,0.7003787878787878,0,0,0
30,78521.0,1474197.0,635.3333872628185,60,6,0,11,7568.0,37,438187.24109884887,41663.845587589654,0,6,0.0,0.5454545454545454,0.46504251633198856,0.5306076793162294,0.017271155547618433,2,0.5943434343434343,0,0,0
33,59841.0,1319479.0,610.9815621606526,30,4,0,3,9114.0,159,472961.67158430396,57143.8086783857,0,1,0.0,0.3333333333333333,0.658636597517176,0.954927368833838,0.019270060445850435,1,0.6083333333333333,0,0,0
36,39690.0,929433.0,682.480921079443,0,6,3,7,3724.0,11,256006.06952433413,36130.85343945756,1,6,0.3333333333333333,0.8571428571428571,0.5375116938026667,0.9103263653176509,0.014546530115162066,0,0.3387301587301587,1,0,1
26,154507.0,1497017.0,500.2379596885754,120,0,5,2,27120.0,56,1126529.614160228,79151.69403269346,1,0,0.2,0.0,0.6075936225975889,0.5122854888949592,0.024073934372525675,4,0.5777777777777777,0,1,0
49,66104.0,633376.0,657.9158062656912,180,4,2,8,27196.0,102,224678.2547878077,13187.46296028615,1,1,0.5,0.125,0.28323835016011095,0.19949568801110598,0.1210442017438877,6,0.8458333333333333,0,0,1
37,149757.0,936466.0,673.6797017255018,45,5,4,5,27396.0,118,470547.38578837534,49206.65542619149,3,4,0.75,0.8,0.2618393941453907,0.32857666370314237,0.058221553933616194,1,0.5116666666666666,1,1,0
56,32004.0,838464.0,584.8506417515791,15,1,6,11,6906.0,2,734440.5772255518,19960.488032635352,2,10,0.3333333333333333,0.9090909090909091,1.9123666240302042,0.6236872901085911,0.009403075230522182,0,0.17603535353535354,1,1,0
45,99143.0,118620.0,785.9253105014568,60,5,6,4,5631.0,64,106273.78222905553,3408.982262582111,0,1,0.0,0.25,0.08932701773285014,0.034384497771724795,0.05298578710470012,2,0.6505555555555556,1,0,1
42,87318.0,108764.0,638.3879137641879,120,1,4,7,28219.0,151,80860.71434614548,1781.8990971417281,3,4,0.75,0.5714285714285714,0.07717071923519538,0.02040700768617843,0.34898281851927715,4,0.5470238095238095,0,1,0
44,89088.0,1350470.0,663.3761030274615,60,6,5,7,18388.0,32,1011749.1294519627,36275.10338213755,2,7,0.4,1.0,0.9463948843203375,0.4071828235243529,0.01817446584803121,2,0.47777777777777775,0,1,1
28,45111.0,301793.0,638.5446585259708,0,6,0,9,7929.0,170,259130.08668282456,6937.698572221884,0,3,0.0,0.3333333333333333,0.47868976281251535,0.15379172645744685,0.03059853103705824,0,0.6166666666666667,1,0,0
55,29966.0,564500.0,674.290371569859,5,0,0,0,1401.0,127,422029.900288653,13373.031212384702,0,0,0.0,0.0,1.173635398698116,0.44627348369434366,0.0033196700021533247,0,0.45972222222222225,0,0,0
26,74117.0,953871.0,771.5700865454235,0,3,4,5,23977.0,175,465692.6884347765,36140.41076160259,4,2,1.0,0.4,0.5236008477978247,0.4876129735634549,0.051486743501574526,0,0.36000000000000004,1,0,0
56,94177.0,884533.0,850.0,30,2,5,5,24066.0,162,172690.19017675973,40893.27684348432,4,4,0.8,0.8,0.152806409010657,0.4342172382161708,0.13935939253623422,1,0.375,1,0,0
69,146559.0,795679.0,732.194744259046,45,6,1,2,313.0,40,243698.51719047772,35645.060562644954,0,1,0.0,0.5,0.1385667872042873,0.24321304432102397,0.0012843738386612972,1,0.576388888888889,0,0,0
58,92917.0,1469804.0,756.159563688024,45,2,4,9,14348.0,169,710520.8191816089,70794.44883268021,0,1,0.0,0.1111111111111111,0.6372361168046113,0.7619106173539848,0.02019363769878875,1,0.5930555555555556,1,0,0
43,57840.0,1191258.0,800.1499237033958,90,5,2,9,14498.0,89,415817.6867480599,52717.26282520191,1,0,0.5,0.0,0.5990918723318059,0.9114326214592309,0.03486624177384789,3,0.7144444444444444,0,0,0
36,60523.0,1415573.0,697.420975373652,5,0,0,0,13922.0,46,561822.4973901295,76526.19287184371,0,0,0.0,0.0,0.7735661062600575,1.2644150632295774,0.024780068553097768,0,0.3619444444444444,0,0,1
63,117126.0,1005176.0,789.9175611528309,180,1,2,8,11076.0,160,195203.24507317579,15820.40002982317,2,3,1.0,0.375,0.13888408286316714,0.135071632513901,0.05674085999875639,6,0.6458333333333333,0,1,1
33,88576.0,1469725.0,735.4680792673282,15,6,3,10,9850.0,84,829066.8636834824,80123.29786261752,3,4,1.0,0.4,0.7799957698130066,0.9045711915486985,0.011880827025503327,0,0.4758333333333334,1,1,1
44,163991.0,922081.0,690.07911515181,45,2,5,3,10037.0,123,381451.0608568239,28947.023294717055,2,2,0.4,0.6666666666666666,0.19383739598353159,0.17651592645155562,0.026312680786506833,1,0.47750000000000004,1,0,0
58,89242.0,835504.0,704.5238724116027,5,5,6,7,27609.0,109,287522.18396273657,28500.851396993017,1,3,0.16666666666666666,0.42857142857142855,0.26848548886056695,0.3193658971895858,0.09602389498953647,0,0.558531746031746,1,0,1
66,109842.0,1232135.0,552.5008125642523,30,6,6,7,29764.0,53,748866.8054311109,46936.95195825348,0,1,0.0,0.14285714285714285,0.5681393922111692,0.4273133406006216,0.03974538567357827,1,0.6118253968253969,0,0,1
66,28352.0,1309773.0,700.4483482312305,120,6,0,0,3354.0,176,468352.42433643184,20093.136965920756,0,0,0.0,0.0,1.376600193803,0.70870263000567,0.007161273916222369,4,0.8833333333333333,1,0,1
25,49394.0,148981.0,571.9376735687592,0,0,6,9,21626.0,150,75562.77831249089,3317.5683999649095,4,7,0.6666666666666666,0.7777777777777778,0.12748305852345576,0.06716541280246406,0.28619911129478837,0,0.2722222222222222,1,0,0
65,155727.0,1370340.0,566.2311593872225,45,1,3,9,17204.0,95,458792.063590776,45000.353470579175,1,4,0.3333333333333333,0.4444444444444444,0.2455108745811452,0.28896950092520357,0.03749846905666022,1,0.47638888888888886,1,1,0
26,73852.0,1051785.0,693.5015082317657,60,5,1,3,7673.0,103,694583.6903994736,48151.44621810407,1,0,1.0,0.0,0.7837563532464407,0.6519992175987661,0.011046904938967185,2,0.5833333333333334,1,1,1
49,86203.0,1351570.0,602.0144983359962,60,6,4,3,5578.0,12,1068571.1061818777,67312.9484227338,2,2,0.5,0.6666666666666666,1.032998760853139,0.7808654968241685,0.0052200550508340144,2,0.45166666666666666,1,0,0
66,113639.0,1087606.0,679.5020374087636,30,6,0,9,22573.0,131,229792.5984998402,22741.127131243346,0,4,0.0,0.4444444444444444,0.16851066278583954,0.20011727603413745,0.09823205859267785,1,0.663888888888889,1,0,0
53,27372.0,1394031.0,689.6904163544905,30,5,3,9,10938.0,163,1066277.2059720557,35574.92153698267,0,5,0.0,0.5555555555555556,3.246252879987017,1.2996829437740272,0.010258120438792026,1,0.6194444444444445,1,1,0
67,100071.0,448987.0,692.8134720571994,180,0,5,0,3887.0,174,354149.10280382476,17642.86130452021,4,0,0.8,0.0,0.294914862783944,0.1763034376045029,0.010975603126554132,6,0.68,1,0,0
37,74080.0,322089.0,616.7115015070528,15,5,6,4,29074.0,100,281407.82059239,9482.0818053511,1,4,0.16666666666666666,1.0,0.3165584734885597,0.1279978645430764,0.10331624735516051,0,0.5208333333333334,0,0,1
36,42076.0,333691.0,742.9077667736839,45,1,2,7,27777.0,179,257235.19701928998,8981.80212930462,2,1,1.0,0.14285714285714285,0.5094654058911058,0.21346615955187329,0.10798289006273512,1,0.40654761904761905,0,1,1
36,85770.0,415630.0,673.7535334473745,30,5,1,1,12559.0,143,234537.14955424165,12607.236408413284,0,1,0.0,1.0,0.22787411056142556,0.14698888199152715,0.05354802010627944,1,0.5750000000000001,1,0,1
38,90381.0,360086.0,710.8752976119813,90,3,4,11,12791.0,90,72986.03382118935,15506.68278641229,1,1,0.25,0.09090909090909091,0.06729477971143397,0.17157016171996647,0.1752527069951088,3,0.678409090909091,0,0,0
54,48184.0,690345.0,596.2492270237102,120,1,1,2,12614.0,144,142098.24055993208,15839.278002682653,0,2,0.0,1.0,0.24575626860910274,0.328724846477724,0.08876957202492493,4,0.6166666666666667,1,0,0
43,105976.0,337304.0,667.5170710242809,120,5,6,10,5719.0,28,100356.56722916072,5894.805747381456,4,4,0.6666666666666666,0.4,0.07891453979294111,0.05562396908150389,0.05698680373294219,4,0.5722222222222222,0,0,0
57,138881.0,279343.0,756.8106138289085,0,6,2,0,3166.0,121,135572.08220170788,4228.771427479785,1,0,0.5,0.0,0.08134786988003391,0.030448883774452845,0.023352890569973972,0,0.5750000000000001,1,0,1
41,61307.0,809484.0,747.9124342266091,0,3,1,10,8184.0,111,701482.4250403277,29195.49485936855,1,8,1.0,0.8,0.953510508642743,0.47621796629044894,0.011666721371571794,0,0.32000000000000006,0,1,1
36,174577.0,1200352.0,624.1895121952924,30,5,1,0,11606.0,88,337917.379139948,30009.63403448647,1,0,1.0,0.0,0.16130292991055906,0.1718991278031268,0.03434567357718939,1,0.5205555555555555,0,0,0
30,117216.0,246658.0,641.8109266597609,30,0,2,8,4654.0,115,136672.70291255394,9241.176543459373,2,0,1.0,0.0,0.09716584689274071,0.078838866225254,0.03405215453284572,1,0.3583333333333334,1,1,0
48,143239.0,791382.0,610.7919288955327,0,1,5,4,1064.0,153,711098.7997812849,39758.76322358682,2,3,0.4,0.75,0.41370180827223785,0.27756939956008364,0.0014962759047368076,0,0.3483333333333334,1,0,0
65,29365.0,1005964.0,634.0510957217383,180,0,6,5,27916.0,102,161289.6642505042,26905.833375840397,3,1,0.5,0.2,0.4577151491302123,0.9162551805155933,0.1730799064510591,6,0.7050000000000001,1,0,0
63,142330.0,1073097.0,582.065272150543,180,1,5,1,26328.0,68,198776.92375844452,23976.011509644824,3,0,0.6,0.0,0.11638265753205258,0.16845367462688698,0.13244998213169865,6,0.6944444444444443,1,0,1
33,72530.0,202363.0,670.3276889314068,30,2,4,8,9176.0,75,71319.66198648095,3048.196355303016,4,2,1.0,0.25,0.08194271564235597,0.04202669730184773,0.12866017230619187,1,0.3666666666666667,0,1,1
44,133043.0,1113942.0,724.319687872799,90,3,1,7,18434.0,102,355192.8577926779,60435.93952305092,0,3,0.0,0.42857142857142855,0.2224799862905714,0.4542586947306579,0.05189856607634752,3,0.6821428571428572,1,0,0
55,148292.0,88989.0,625.0462995339245,60,2,6,3,4285.0,104,46625.88152158345,3174.5106975925146,3,3,0.5,1.0,0.026201616586185503,0.021407160855558726,0.09190174770243097,2,0.4583333333333333,1,0,0
51,58564.0,393544.0,673.6575602137176,60,3,6,5,27802.0,56,183131.37213186536,18529.538625929268,5,0,0.8333333333333334,0.0,0.26058581513652496,0.31639810508041233,0.15181451258925163,2,0.46611111111111114,1,1,1
24,60004.0,512970.0,664.565111465805,120,1,4,6,24387.0,96,301489.1607538918,25301.72122865834,1,4,0.25,0.6666666666666666,0.41870703168940376,0.4216672426614616,0.08088848016631456,4,0.6124999999999999,0,0,0
49,27642.0,1286859.0,753.8583112118754,0,2,5,8,5279.0,51,334979.77428989304,70530.9135846622,2,1,0.4,0.125,1.0098755947769489,2.551585036707264,0.015759160418537775,0,0.35750000000000004,1,1,1
22,116038.0,328196.0,637.1885714236905,15,5,2,6,6397.0,170,218047.5179172403,16208.063949519345,1,2,0.5,0.3333333333333333,0.15659203444650338,0.13967893232836953,0.029337641909906877,0,0.5375000000000001,0,0,0
26,143393.0,1184543.0,639.7348724644404,30,3,3,0,9983.0,96,368416.89730237384,31701.156136149173,2,0,0.6666666666666666,0.0,0.2141067423690916,0.22107882627568412,0.02709701990624651,1,0.5083333333333333,1,0,0
53,84424.0,1483559.0,620.7785210195348,180,0,5,6,2824.0,150,725451.3197091823,55744.23158322231,4,3,0.8,0.5,0.7160792741688602,0.660288917644536,0.003892749138745906,6,0.6300000000000001,0,0,0
26,44080.0,1441903.0,600.3743335945059,60,2,2,4,10406.0,68,252351.18768656655,77155.39395761256,0,0,0.0,0.0,0.4770704546403633,1.7503492277135335,0.04123618396805328,2,0.5844444444444444,1,0,0
37,69266.0,489344.0,717.0429494012878,30,5,5,4,20051.0,70,366222.8134641157,19737.749451502725,1,4,0.2,1.0,0.4405995407368162,0.28495581456273966,0.054750821802543696,1,0.5005555555555555,0,0,0
49,83260.0,188783.0,670.5422442568665,0,1,6,4,21785.0,51,117107.80713038595,8639.191589307666,5,3,0.8333333333333334,0.75,0.11721095276882251,0.1037616092878653,0.1860251723076407,0,0.19666666666666666,1,1,1
53,166413.0,371992.0,683.8366901876311,60,6,6,4,222.0,102,114045.13290606947,19070.718332569293,4,3,0.6666666666666666,0.75,0.057109487092389354,0.11459872926135153,0.0019465977577740644,2,0.5916666666666667,0,1,0
42,38091.0,1164787.0,769.2248809336778,15,2,2,2,10558.0,110,700402.3358383108,46062.806691425496,1,2,0.5,1.0,1.532300578085617,1.2092832084068545,0.01507419301702234,0,0.37083333333333335,1,0,1
25,73608.0,335316.0,773.245650814951,15,4,3,3,24972.0,101,160199.0814851002,14317.544626120974,1,1,0.3333333333333333,0.3333333333333333,0.18136511598048696,0.19451071386426713,0.15588104356467608,0,0.5291666666666667,0,1,0
60,121366.0,986108.0,564.7635984515638,180,3,2,8,26118.0,150,759008.1309065233,37995.67459854162,2,1,1.0,0.125,0.5211564818445331,0.3130668770375692,0.03441069856367138,6,0.7374999999999999,1,1,0
67,56341.0,592086.0,725.3484271166897,45,4,3,2,16881.0,91,525648.2324460673,16901.391170392755,3,2,1.0,1.0,0.7774803317389752,0.29998386912537506,0.032114632862828146,1,0.42083333333333334,1,1,0
64,161327.0,1161938.0,695.7952847997832,5,5,5,9,22060.0,147,282804.4811085812,28992.453132606566,2,6,0.4,0.6666666666666666,0.14608242942831495,0.17971234283539994,0.07800442168923832,0,0.4997222222222222,1,0,0
57,165306.0,928480.0,647.6886300597845,0,1,2,5,7404.0,10,480562.63984252745,37456.15724548187,1,2,0.5,0.4,0.24225912340474,0.22658679809251853,0.015406940502961633,0,0.19055555555555553,1,1,1
40,79577.0,898986.0,702.937858091956,30,2,1,7,26049.0,64,308817.1918273685,48765.45054589626,1,0,1.0,0.0,0.3233945233624545,0.6128083560060854,0.08435087388062779,1,0.3672222222222222,1,1,0
63,138842.0,1183820.0,559.153173534545,0,3,1,1,14207.0,128,843189.5595062458,61138.97531296561,0,0,0.0,0.0,0.5060845898612847,0.4403492841716887,0.01684911754400674,0,0.55,1,0,1
44,140459.0,1434565.0,782.3849639943479,30,1,5,2,20750.0,69,252264.66251588645,33560.74581961807,2,1,0.4,0.5,0.14966684377403516,0.23893624345622613,0.0822548818096679,1,0.38499999999999995,1,1,0
27,128451.0,578635.0,716.0460867950335,30,2,6,10,7872.0,131,323127.8964483951,28185.475472518734,6,0,1.0,0.0,0.2096311021637272,0.21942589370669544,0.024361870598372158,1,0.42500000000000004,1,0,0
62,48210.0,816831.0,619.4361578617138,120,6,0,9,5187.0,106,647601.1202201928,12942.12223642693,0,5,0.0,0.5555555555555556,1.1194100812766936,0.2684530644353232,0.008009559956036444,4,0.8277777777777777,0,0,0
36,26024.0,957657.0,639.0212844726333,30,1,6,0,15985.0,87,423250.63843642396,36944.44716083934,0,0,0.0,0.0,1.355321493097474,1.4196298478650224,0.03776722005441485,1,0.535,0,0,0
66,74250.0,1243430.0,560.7797467116792,15,1,0,10,15674.0,100,967914.1405838784,64923.76384340345,0,9,0.0,0.9,1.086323390105363,0.8743941258370835,0.016193585094794582,0,0.4225,1,0,1
39,39255.0,748986.0,658.0229925114622,60,4,3,10,17149.0,162,194862.04910039465,39975.94219469054,2,4,0.6666666666666666,0.4,0.41366715301743867,1.0183656144361366,0.08800584864610904,2,0.56,1,0,1
63,65356.0,593086.0,646.2087615931592,60,0,0,1,24240.0,122,497447.47256702423,23202.89821516201,0,1,0.0,1.0,0.6342792711801827,0.35502322992781093,0.04872876300870941,2,0.4666666666666667,0,0,0
47,121411.0,1277418.0,587.2422729013368,0,0,6,2,23150.0,177,949874.3911069598,51393.81024350836,4,0,0.6666666666666666,0.0,0.6519689258709122,0.4233043978182237,0.02437164346858701,0,0.35,1,0,0
43,113385.0,1432138.0,734.3691563596844,0,6,5,2,9053.0,17,634900.9497138554,43818.070906220295,2,1,0.4,0.5,0.46662620695995605,0.38645385991286585,0.014258917086326792,0,0.37777777777777777,1,0,1
35,51928.0,875110.0,769.3758032786133,5,1,2,10,13982.0,146,217001.75127111012,38457.17968745971,0,2,0.0,0.2,0.34824139717671604,0.7405865754017046,0.06443265972785471,0,0.4730555555555556,1,1,1
61,20869.0,200072.0,678.0847656968865,90,0,4,10,2558.0,160,108102.30580369575,4967.456423923014,4,7,1.0,0.7,0.43167020382583315,0.23803040030298594,0.023662770012002354,3,0.405,1,0,1
23,54553.0,470342.0,658.6047182007543,5,4,5,8,23599.0,167,307048.5285951841,7692.371703809375,4,4,0.8,0.5,0.4690370352305466,0.14100730855882124,0.07685755768956366,0,0.4230555555555555,1,1,1
43,91677.0,721277.0,710.4489221492256,180,3,1,3,4061.0,97,177935.36139778167,34918.57349231987,1,2,1.0,0.6666666666666666,0.16174118680965208,0.38088695629568886,0.022822894606775047,6,0.6833333333333332,0,1,0
39,144220.0,1070201.0,678.625272625347,30,3,4,11,2077.0,87,909543.2280081256,18637.003746040336,1,3,0.25,0.2727272727272727,0.5255531063699704,0.12922620819609165,0.0022835638109785857,1,0.5368939393939394,1,0,1
47,77153.0,1021138.0,604.247454863817,180,3,2,10,15608.0,105,737288.4943665446,42467.40458770731,2,3,1.0,0.3,0.7963489153225244,0.550431021317477,0.021169460963052066,6,0.7199999999999999,1,1,0
33,64319.0,1239093.0,634.3125409388917,15,1,5,10,27640.0,164,1070233.7513807872,40242.314573167474,4,7,0.8,0.7,1.3866220859839073,0.6256676032458134,0.025826133743529957,0,0.3225,1,1,1
53,107318.0,93487.0,659.2494795276378,30,6,3,4,11289.0,156,35004.57361713592,1564.0634022315855,0,3,0.0,0.75,0.027181347038036426,0.014574101289919544,0.3225007144344605,1,0.6333333333333334,0,0,1
39,29597.0,724888.0,697.3730616133687,5,0,5,8,5565.0,168,344374.4948362486,15507.263707247885,2,6,0.4,0.75,0.9696210619213901,0.5239471469151564,0.016159733323590584,0,0.32472222222222225,0,1,0
30,54522.0,1066536.0,680.6535702513528,120,3,4,8,5528.0,174,352044.27269449533,20294.861316518858,1,1,0.25,0.125,0.5380767896361336,0.37223251745201674,0.015702570468451305,4,0.7333333333333333,0,0,0
30,23901.0,1481435.0,694.7258565990982,60,1,4,1,25097.0,112,526409.5828400733,34926.63054145369,2,0,0.5,0.0,1.835382002287468,1.4613041521883474,0.04767580381914255,2,0.525,1,1,0
55,103149.0,256413.0,573.2620411701255,0,4,0,6,19814.0,46,66401.99814396299,10361.925767608776,0,2,0.0,0.3333333333333333,0.05364569550194621,0.1004559013428029,0.29839463500845587,0,0.4522222222222222,1,0,0
33,89794.0,1324690.0,726.565242085945,90,3,5,6,14838.0,27,323127.640736563,50106.198250528265,1,2,0.2,0.3333333333333333,0.2998786488486267,0.5580127653354151,0.04591993419744927,3,0.5216666666666667,1,0,0
36,112373.0,61265.0,680.2391118805958,120,2,1,7,27821.0,161,40011.45650294979,1979.928019245802,1,4,1.0,0.5714285714285714,0.02967161188107893,0.0176192503470211,0.6953258499337293,4,0.5428571428571428,1,1,1
51,117974.0,335584.0,850.0,90,3,2,4,3141.0,27,89838.35232947774,16350.37041115494,1,2,0.5,0.5,0.06345914659831668,0.13859299855184143,0.03496279616171651,3,0.46,1,1,1
37,82009.0,1278145.0,652.8655940876511,120,1,3,8,18490.0,12,319633.82441177586,57673.88590469979,2,0,0.6666666666666666,0.0,0.3247954740859498,0.7032628846187587,0.05784744475659691,4,0.44333333333333336,1,0,1
40,158759.0,1190796.0,702.6420946576561,15,0,5,10,10794.0,85,656056.3072454315,50380.5313260608,3,0,0.6,0.0,0.3443669898218009,0.31733968673310364,0.016452856074687428,0,0.3780555555555556,1,0,1
32,166756.0,1460488.0,850.0,30,6,4,7,7003.0,133,990208.7579177059,56892.661680287434,3,6,0.75,0.8571428571428571,0.4948391451770381,0.3411731012994281,0.0070722460733699186,1,0.5101190476190476,1,0,0
37,35950.0,921379.0,693.5864140652225,120,4,1,10,27549.0,132,675858.0761477064,39475.923506397456,1,6,1.0,0.6,1.5666622071110485,1.0980785398163408,0.040761516318670525,4,0.6066666666666667,1,1,0
54,167059.0,943151.0,675.2658622506789,60,4,2,9,28703.0,45,551912.4220296358,22695.754563498325,1,0,0.5,0.0,0.27530813566346607,0.1358547253574984,0.052006439526122404,2,0.525,1,0,0
47,49860.0,825476.0,610.9154673674544,60,6,1,3,25041.0,90,248609.48302427676,20961.203870848174,1,3,1.0,1.0,0.4155125735798181,0.4204012007791451,0.10072423503473012,2,0.5166666666666666,0,1,0
69,58242.0,791980.0,786.9786457046289,90,6,4,8,4453.0,160,459287.0862096214,21323.754455888025,2,3,0.5,0.375,0.6571533232169531,0.36612332090051897,0.009695460930002339,3,0.7124999999999999,0,0,0
58,103827.0,795210.0,598.8628889676401,60,4,5,8,21669.0,143,492511.7252819437,35500.16964003479,3,5,0.6,0.625,0.3952983691476717,0.34191655003067395,0.04399692207854614,2,0.5475,1,1,1
21,22763.0,474152.0,709.8984641793685,5,5,4,11,10754.0,165,162905.85879349188,15310.836248526024,4,5,1.0,0.45454545454545453,0.5963839666472341,0.6726194371798982,0.06601358649496052,0,0.43093434343434345,0,0,0
39,76985.0,1287446.0,646.8511275084134,5,3,5,4,11395.0,138,332629.67081597523,68724.0640018321,2,0,0.4,0.0,0.3600589625857583,0.8926942131822057,0.03425731676926739,0,0.4997222222222222,1,0,0
35,49524.0,567104.0,666.7464616195384,120,1,4,1,5812.0,16,478770.76201484154,9418.505551225055,1,1,0.25,1.0,0.8056207798488975,0.1901806306280804,0.012139421328781628,4,0.4147222222222222,1,1,1
49,96171.0,935765.0,580.3247411972959,15,4,6,8,17663.0,36,207702.74858806687,28378.638138290273,1,3,0.16666666666666666,0.375,0.17997694089006983,0.2950851934397092,0.08503979904007294,0,0.43000000000000005,1,0,1
34,149979.0,1020414.0,774.0189055213726,60,6,6,7,25717.0,30,365191.9417667853,21621.626870125103,1,1,0.16666666666666666,0.14285714285714285,0.20291281988744272,0.14416436214486764,0.0704205023681029,2,0.594047619047619,1,0,0
68,167708.0,829673.0,660.5541885857207,45,6,1,7,6963.0,23,268470.752223812,39536.26429083639,1,1,1.0,0.14285714285714285,0.13340188115842813,0.2357446531521239,0.0259357860859095,1,0.42432539682539683,1,1,0
35,52373.0,936574.0,594.9437238774876,60,3,2,8,16127.0,154,767043.088965994,32016.173705340352,2,7,1.0,0.875,1.220481114578749,0.6113106697218099,0.02102489447071333,2,0.4291666666666667,0,1,1
46,106272.0,120846.0,767.6883417928063,15,6,0,6,19435.0,127,63621.733730421045,4809.752709761116,0,3,0.0,0.5,0.049889069032310995,0.04525888954532818,0.3054773716533767,0,0.6291666666666668,0,0,0
27,94855.0,508129.0,644.7104230873888,15,1,1,0,18915.0,164,440768.6756409346,19775.35633966154,0,0,0.0,0.0,0.38723022476493474,0.20847985177019177,0.04291366661320736,0,0.5125,1,0,0
65,85249.0,700039.0,703.4225104211505,90,0,3,10,7828.0,57,539845.1727701931,12714.562048015814,2,4,0.6666666666666666,0.4,0.527714081465465,0.14914617236584377,0.014500453824252874,3,0.4116666666666666,0,1,1
65,120496.0,621605.0,738.8991467494056,5,2,4,3,865.0,176,445164.5063487073,28811.09792273728,1,3,0.25,1.0,0.3078694910679658,0.2391041853898659,0.0019431019042709262,0,0.3888888888888889,0,0,0
59,178289.0,1366660.0,713.1824031402024,15,1,6,2,24870.0,167,386197.09353515896,65434.41185283082,6,0,1.0,0.0,0.18051080620750531,0.3670131744125034,0.06439717029547211,0,0.36250000000000004,1,1,1
38,83648.0,1350856.0,526.2355114650675,180,6,4,9,17898.0,19,551507.6615042398,53085.360683956686,4,1,1.0,0.1111111111111111,0.5494330024868495,0.6346279729815021,0.03245285831783935,6,0.6811111111111112,1,0,0
23,28564.0,1082018.0,728.6749690684451,5,0,6,9,21134.0,156,827963.1900141493,28389.87330487309,6,0,1.0,0.0,2.415520672916227,0.9939039807055416,0.025525289354516877,0,0.30972222222222223,1,1,0
55,166386.0,560807.0,672.957036613441,60,3,3,6,15957.0,19,497799.26047370234,24655.135574271186,3,0,1.0,0.0,0.24931948424832534,0.1481803491536018,0.03205508980631154,2,0.3588888888888889,0,0,1
42,169002.0,123883.0,656.9679912237667,5,5,6,8,11582.0,81,100152.04608584614,5330.26819470223,6,8,1.0,1.0,0.04938405368272079,0.031539675238767766,0.11564416756970092,0,0.3563888888888889,0,1,1
69,70223.0,1144940.0,672.3647535717345,90,0,5,0,7551.0,32,986147.2687595563,58966.1918291127,3,0,0.6,0.0,1.170256740146339,0.8396991274812056,0.007657071351521529,3,0.4061111111111111,1,0,0
55,99269.0,1331788.0,567.2977044241243,5,0,3,3,19784.0,104,840874.0731391943,26227.355931717,2,3,0.6666666666666666,1.0,0.7058884387700711,0.26420489711508127,0.023527898685401675,0,0.25972222222222224,1,1,1
47,157739.0,759976.0,693.4519640263262,60,3,6,2,24944.0,3,389193.5499618945,39056.79961598642,2,1,0.3333333333333333,0.5,0.20561050742148662,0.2476039509315161,0.06409150409209566,2,0.37333333333333335,1,0,1
69,99608.0,1248667.0,584.4926038403482,30,6,6,5,9754.0,152,669336.8928474798,63036.30805168136,5,2,0.8333333333333334,0.4,0.5599758493690933,0.632843828323843,0.01457263166610274,1,0.5433333333333334,0,1,0
60,95954.0,1399468.0,659.9912203310358,90,0,2,4,722.0,85,691153.655751455,37647.22324718325,0,1,0.0,0.25,0.6002473891582207,0.39234657489196123,0.0010446302265666343,3,0.5888888888888888,1,0,0
43,167358.0,842692.0,690.9385102076748,0,0,1,0,4669.0,156,224284.81516022998,36781.74512127839,0,0,0.0,0.0,0.11167916241441997,0.21977882814851032,0.02081728090537225,0,0.44999999999999996,0,0,1
21,152266.0,353870.0,755.182596159133,45,6,0,8,17375.0,78,134230.52165548643,9040.786211144756,0,4,0.0,0.5,0.07346273498104547,0.05937495048891253,0.1294414994869375,1,0.6608333333333334,1,0,0
25,100186.0,82487.0,622.62707880982,45,4,6,7,7055.0,100,17964.06563329164,2012.9989588479232,6,1,1.0,0.14285714285714285,0.014942262086928015,0.02009261732026354,0.39272846937975026,1,0.506547619047619,1,0,0
42,44163.0,1147571.0,781.6111160292193,15,4,3,4,24427.0,132,248357.45531050776,46661.8405214901,0,3,0.0,0.75,0.46863787807008084,1.056582218633021,0.0983542047065197,0,0.5375000000000001,1,0,0
48,89021.0,865522.0,746.2797277460603,15,1,3,10,8150.0,174,332253.01164678624,14715.02806056153,0,5,0.0,0.5,0.31102493760534616,0.16529839094777107,0.024529499249999746,0,0.46249999999999997,0,0,0
22,127585.0,272881.0,649.9413180256624,90,2,1,4,14814.0,67,177261.96606187552,5146.28742462024,1,4,1.0,1.0,0.1157803072865642,0.04033614785923298,0.08357122697617483,3,0.39055555555555554,1,0,1
27,62143.0,129154.0,602.3875513518178,45,3,2,1,6798.0,93,78820.43249673363,5347.717579323485,2,0,1.0,0.0,0.10569765500101061,0.08605502758675128,0.08624667214661266,1,0.48750000000000004,1,0,0
55,105039.0,1455750.0,578.9328672438705,60,1,2,10,13636.0,58,829191.265029519,77263.59299632981,2,8,1.0,0.8,0.6578439635353844,0.7355705309107076,0.016444939274070335,2,0.2988888888888889,0,1,0
57,124728.0,514549.0,699.0227696073198,180,3,4,1,20350.0,7,366204.11525407206,8418.81975558033,2,0,0.5,0.0,0.24466847543860243,0.06749743245767054,0.055570101897629384,6,0.6405555555555554,0,0,0
22,31773.0,524276.0,628.390109532143,30,6,1,0,23873.0,157,244846.6954283091,8344.763527891626,0,0,0.0,0.0,0.6421770460986506,0.26263694104716667,0.09750182643159255,1,0.7083333333333334,0,0,0
45,110282.0,961918.0,763.95497636972,120,5,5,5,22189.0,101,463237.0191327977,17305.739295707997,1,0,0.2,0.0,0.35003976104652745,0.15692261017852413,0.04789988512044847,4,0.8200000000000001,0,0,0
24,137484.0,578443.0,632.4333319120211,180,6,2,6,15219.0,67,311499.54069104505,8715.156677508929,2,5,1.0,0.8333333333333334,0.1888095709870755,0.06339033398438312,0.04885721489745206,6,0.7155555555555555,1,1,1
56,52723.0,1373723.0,616.9530313963619,60,3,1,3,13714.0,139,274666.1675940141,71615.61183012747,1,3,1.0,1.0,0.4341340079187674,1.3583371930680628,0.04992970237335803,2,0.4166666666666667,0,1,1
61,106843.0,1037363.0,696.353844587102,5,5,0,10,9766.0,147,608173.8648249736,35230.58854227873,0,9,0.0,0.9,0.4743516692912136,0.3297416633965607,0.01605790805037398,0,0.5363888888888889,0,1,0
63,132924.0,568803.0,631.9767199988404,30,2,0,3,29633.0,177,405374.2523786757,24279.095496354294,0,0,0.0,0.0,0.2541391148191671,0.18265396389180505,0.07310035066637305,1,0.575,1,0,0
50,25174.0,436623.0,680.5984995358162,0,4,1,11,22003.0,78,151827.69486601104,13821.508539513452,1,4,1.0,0.36363636363636365,0.5025942601692588,0.5490390299322099,0.1449208592636396,0,0.3703030303030303,1,1,0
51,122342.0,1297034.0,749.0192531040965,90,5,5,7,26730.0,18,1026097.0981245094,71193.93745118665,0,3,0.0,0.42857142857142855,0.6989267096367215,0.5819255648198218,0.02605016625508136,3,0.5888095238095239,0,0,0
66,60078.0,908013.0,688.2060532168107,15,5,5,2,22190.0,87,317497.8898603317,31051.55251157231,1,0,0.2,0.0,0.44039677566431934,0.516853965038322,0.06989022827761611,0,0.6091666666666667,1,0,0
51,82368.0,1381623.0,688.4675122491907,180,6,6,4,2611.0,79,739044.1320096573,72632.79907020049,4,1,0.6666666666666666,0.25,0.7477055531371987,0.8818084580201109,0.0035329419271620454,6,0.8505555555555557,1,0,0
42,122976.0,550393.0,694.3602696235893,60,0,2,0,7956.0,37,443537.36297785724,22557.53680049459,0,0,0.0,0.0,0.3005582139183372,0.1834303994315524,0.017937609464475236,2,0.4488888888888889,0,0,1
57,18712.0,80513.0,561.4830706800225,45,5,4,10,13813.0,105,56648.65897940828,4259.9047873858935,2,4,0.5,0.4,0.25228311145881555,0.22765630543960524,0.24383631049449922,1,0.5891666666666666,1,1,0
49,20720.0,1353719.0,707.4286424951343,5,4,1,7,9441.0,74,787993.8348263293,47117.097227149075,1,0,1.0,0.0,3.1692158736580165,2.2739911789164613,0.011981058204701259,0,0.4075,1,1,1
62,90346.0,397170.0,691.1952103708127,0,5,0,5,27254.0,158,245073.17785524979,19920.142284254303,0,5,0.0,1.0,0.22605057026620787,0.22048726323527665,0.11120760027071312,0,0.5166666666666667,0,0,1
46,171862.0,1275936.0,742.5028128888395,90,0,3,8,14754.0,8,295589.59675419674,36179.76379890952,0,2,0.0,0.25,0.14332700885700772,0.21051636661338466,0.04991379995104826,3,0.41777777777777775,1,0,0
63,18981.0,1079300.0,722.4067560795984,90,3,4,7,6607.0,128,727978.1400913985,44734.75630826942,0,4,0.0,0.5714285714285714,3.1960826620102494,2.356817676005975,0.009075821973404976,3,0.6678571428571428,0,0,0
23,145782.0,386081.0,665.863595787614,15,6,5,7,17937.0,108,235101.83705969877,15322.547895857731,3,6,0.6,0.8571428571428571,0.13439121259809098,0.105105897133101,0.07629459737247951,0,0.503452380952381,0,1,1
22,30149.0,1147422.0,752.2675024057482,0,6,0,4,11351.0,41,244860.642664261,39555.59057340188,0,0,0.0,0.0,0.6768069771917835,1.3120034022157245,0.046356980348058005,0,0.5411111111111111,0,0,0
25,97207.0,168287.0,659.5158511671095,15,1,5,4,3837.0,63,40932.72177864077,5900.025106299586,1,1,0.2,0.25,0.03509068429454735,0.060695475699276656,0.09373918550420453,0,0.3975,1,0,0
48,87758.0,619004.0,697.3009972854394,90,3,2,3,28408.0,154,543642.811903723,13497.286413170203,0,2,0.0,0.6666666666666666,0.5162329093489322,0.15380120801716313,0.05225489858041375,3,0.6583333333333333,0,0,0
55,93830.0,567006.0,658.2195398664451,60,6,1,9,28364.0,65,160793.61531615525,29054.00238070868,1,9,1.0,1.0,0.1428057971119358,0.30964512821814644,0.17640003892088751,2,0.46111111111111114,1,1,0
31,31271.0,1002294.0,712.3230463446248,0,6,0,5,23281.0,119,823715.0480410522,33244.48069967504,0,2,0.0,0.4,2.195098355348012,1.0631089731596381,0.02826341470313861,0,0.6100000000000001,0,0,1
28,140072.0,825052.0,653.6457152153566,5,2,1,5,9424.0,92,294440.77173960296,17374.577017404452,1,5,1.0,1.0,0.1751722755318711,0.12404032938349172,0.032006436962929784,0,0.2763888888888889,1,1,1
63,62657.0,937629.0,795.3286126259097,0,5,3,8,24969.0,161,419205.575394325,40480.38828775364,3,0,1.0,0.0,0.5575402261443587,0.646063301590463,0.059562662010191426,0,0.4666666666666667,1,1,0
57,142910.0,740502.0,821.2153916057947,90,5,1,6,8646.0,118,419580.99801871664,32646.099901436868,0,5,0.0,0.8333333333333334,0.24466505610682518,0.22843817718449982,0.020606271591961656,3,0.7083333333333335,1,0,0
52,124189.0,1122673.0,741.1756777930203,120,1,2,11,26384.0,150,695385.0105818307,18866.170114203927,2,11,1.0,1.0,0.46661742088123126,0.15191498533850767,0.037941571357605806,4,0.4666666666666667,1,1,0
44,107308.0,282111.0,787.890765458982,30,0,3,2,26525.0,162,147638.36819177362,7987.354790049683,2,2,0.6666666666666666,1.0,0.11465312324630474,0.07443391722937417,0.17966196947900137,1,0.30833333333333335,1,1,0
41,67995.0,1092054.0,572.2549863398667,90,0,0,0,5135.0,23,449192.66755277436,41902.578389273294,0,0,0.0,0.0,0.5505216897722558,0.6162597012908787,0.011431620262137746,3,0.47611111111111104,0,0,1
22,123666.0,122536.0,580.5035579707504,0,1,6,5,9446.0,150,64210.76793814914,5864.977665138459,4,0,0.6666666666666666,0.0,0.04326894480438516,0.04742595107093671,0.14710928249758415,0,0.3833333333333333,1,0,1
30,179619.0,174512.0,657.4907603358151,60,5,2,6,20978.0,172,117885.56410490333,4785.853187854081,0,0,0.0,0.0,0.05469241566171699,0.02664447072889884,0.17795223833625817,2,0.7333333333333333,1,0,0
64,167546.0,1099284.0,682.8861675681214,15,2,5,9,7023.0,6,491778.22716235905,29665.49571613276,4,4,0.8,0.4444444444444444,0.24459861130791893,0.17705881200465998,0.014280827438261878,0,0.1947222222222222,1,0,0
37,166440.0,279462.0,666.1254807330234,120,4,4,7,24084.0,81,156200.93938453085,12425.640270870072,0,4,0.0,0.5714285714285714,0.0782068309824015,0.07465537293240851,0.15418601254830305,4,0.7395238095238095,0,0,1
55,53592.0,1166701.0,565.0505325256933,45,0,5,11,20369.0,45,506791.50802629354,27730.354978442327,4,7,0.8,0.6363636363636364,0.7880397385590722,0.517434598045274,0.04019207046173159,1,0.25386363636363635,1,1,0
55,112820.0,242454.0,760.6114194426552,120,4,2,1,6794.0,176,96362.14905487665,12326.348740073056,0,1,0.0,1.0,0.07117691090149253,0.10925676954505456,0.07050486178064512,4,0.7166666666666667,0,0,1
36,82444.0,262720.0,830.7938763349855,60,5,1,6,23273.0,63,98287.2178662428,12247.118949178397,1,4,1.0,0.6666666666666666,0.09934745389420173,0.14855076111273588,0.2367856218259406,2,0.45666666666666667,1,1,1
31,174645.0,1402096.0,769.6691375420836,45,6,1,9,1300.0,33,445818.14225448726,71117.41112945076,0,2,0.0,0.2222222222222222,0.2127258831030983,0.4072112635887129,0.0029159872082054443,1,0.5886111111111112,0,0,1
54,171913.0,307110.0,755.986628815053,180,2,1,6,11519.0,17,221296.56884216607,8952.203908779444,0,0,0.0,0.0,0.10727158933208758,0.05207403691855441,0.05205232083022318,6,0.7044444444444444,1,0,0
25,158618.0,1374636.0,695.8283723601922,180,3,3,3,5350.0,142,1220570.040098274,29732.603268904742,0,3,0.0,1.0,0.64125237998329,0.18744785124579016,0.004383197870045414,6,0.7999999999999999,1,0,0
45,44362.0,554776.0,620.9901840491004,45,3,4,9,0.0,10,95280.20528606985,21304.679896740385,2,6,0.5,0.6666666666666666,0.1789823972582951,0.48024615429287193,0.0,1,0.31805555555555554,0,1,0
64,69661.0,1206247.0,685.0769636845178,30,2,5,10,22242.0,54,358312.1638827109,27259.684832854087,2,7,0.4,0.7,0.4286379321316936,0.39131917188748494,0.06207436487498271,1,0.365,1,0,0
55,133226.0,1412183.0,827.3911625789053,60,4,6,3,4581.0,99,1233100.337606613,36214.764205687854,3,2,0.5,0.6666666666666666,0.7713086144387563,0.2718295543338977,0.003715026150176469,2,0.5583333333333333,0,1,1
58,139434.0,219241.0,655.360832124506,5,3,5,6,20828.0,8,89084.5024612449,6801.448670617205,2,5,0.4,0.8333333333333334,0.05324173830225824,0.048778982677232276,0.23380048633106482,0,0.23416666666666666,1,1,0
25,74747.0,529180.0,648.1529926523241,30,5,2,9,2262.0,31,233755.15573764654,17732.36622979288,0,8,0.0,0.8888888888888888,0.26060706531995326,0.23723181170873586,0.009676791910158935,1,0.455,1,1,1
30,40166.0,882693.0,757.5112561372739,120,0,3,1,26751.0,178,571301.7146409308,24624.07396369425,1,1,0.3333333333333333,1.0,1.1852929398017618,0.6130576598041689,0.04682464504209179,4,0.5333333333333333,0,1,0
34,40179.0,1304998.0,762.1580235521917,180,1,6,0,29334.0,82,540939.7994200981,34437.32799166406,2,0,0.3333333333333333,0.0,1.1219372462814283,0.8570976876394151,0.054227845744474396,6,0.7655555555555555,0,0,1
35,128897.0,321484.0,620.6468735957637,30,4,4,8,9508.0,54,167019.08486162263,7995.010749416832,1,1,0.25,0.125,0.10797968200812963,0.06202635243191721,0.05692762601278468,1,0.5116666666666666,0,1,0
30,91575.0,320806.0,661.6960770733804,30,4,2,9,14585.0,156,264838.07423977915,13668.079530655357,0,2,0.0,0.2222222222222222,0.2410028885610876,0.14925557773033424,0.055071386702483835,1,0.6194444444444445,1,0,1
68,97555.0,584156.0,644.8666152868996,120,6,5,1,18652.0,14,335064.7887216067,15909.568664311431,1,0,0.2,0.0,0.2862187045953622,0.16308306764708555,0.055666846018539044,4,0.6844444444444444,1,0,0
29,150089.0,346637.0,684.8782565342764,5,4,0,7,17692.0,47,225369.61179775457,14827.713994908476,0,0,0.0,0.0,0.12513109543768172,0.09879280956571418,0.07850215412305321,0,0.49749999999999994,0,0,1
55,20725.0,437282.0,757.2580669666045,0,0,4,8,803.0,154,136787.4187128136,19553.235051579963,0,8,0.0,1.0,0.5500097254234564,0.9434612811377545,0.0058704229347722806,0,0.35,0,0,1
49,140234.0,238279.0,623.7180735210336,0,3,6,11,29376.0,135,82465.80317567552,10381.624196800914,4,5,0.6666666666666666,0.45454545454545453,0.04900487944891843,0.07403072148552359,0.3562203831013541,0,0.4045454545454546,1,0,0
50,62425.0,1251949.0,756.2765368565856,0,5,3,9,28052.0,77,1024930.8127843197,64572.39118157175,2,6,0.6666666666666666,0.6666666666666666,1.3682162765776529,1.0343995383511695,0.02736965232198858,0,0.4211111111111111,1,1,0
31,168855.0,1205228.0,687.1155874244917,120,6,4,2,14602.0,176,1010206.1738611694,64093.33388298264,4,1,1.0,0.5,0.49855703308616334,0.3795761682093076,0.014454475113915432,4,0.6833333333333333,1,1,1
36,172771.0,259454.0,842.8334495419995,0,5,0,6,16634.0,103,195948.5772354917,5415.9528629643355,0,3,0.0,0.5,0.09451266765231227,0.03134758068752473,0.08488961866770381,0,0.5666666666666668,1,0,0
50,99346.0,828280.0,702.3181619059611,15,3,4,8,5098.0,134,200070.1835657102,23045.636034853433,1,1,0.25,0.125,0.1678227135178318,0.23197346682154724,0.025481058242372404,0,0.5291666666666667,1,0,0
35,69164.0,986959.0,673.2157001259515,60,0,2,3,22451.0,177,753937.3541737822,45900.17440987898,1,2,0.5,0.6666666666666666,0.9083932804322361,0.6636425656393352,0.029778336191610234,2,0.425,1,1,0
55,55775.0,959951.0,720.2300308981195,60,1,6,1,15436.0,90,157835.90672867908,44418.97354870016,1,1,0.16666666666666666,1.0,0.2358223617640506,0.7963957606221455,0.09779777187541097,2,0.475,1,0,1
22,47395.0,1476647.0,656.3997633478953,120,5,2,5,8514.0,86,882172.308783518,26340.018232766797,2,0,1.0,0.0,1.5510994633462005,0.5557552111565945,0.009651175756968024,4,0.6911111111111111,0,0,1
24,179871.0,979834.0,554.3308813653722,180,2,2,8,9213.0,119,643208.8550430689,52402.97605027635,2,2,1.0,0.25,0.2979954407339468,0.29133643583610674,0.014323496835849847,6,0.6916666666666667,1,1,0
56,48380.0,1046229.0,663.1635178010231,30,5,2,6,2458.0,12,491520.4493310784,51524.87716689469,0,6,0.0,1.0,0.8466316131512305,1.0650036619862482,0.005000809230511466,1,0.4016666666666666,0,0,0
51,90343.0,97658.0,662.0594473651543,15,0,4,7,23666.0,77,49747.97116166582,4977.449241782128,4,6,1.0,0.8571428571428571,0.045888051796731916,0.055095018338799116,0.4757178925567171,0,0.21456349206349207,1,1,1
23,95632.0,164888.0,568.5377777615132,0,3,6,7,1884.0,124,116474.7366897453,3821.3440033244974,6,5,1.0,0.7142857142857143,0.10149560876567232,0.03995884226330619,0.016175181447444918,0,0.3285714285714286,0,1,1
65,128027.0,947451.0,674.8875367143855,180,6,2,11,16904.0,68,778006.4849513371,33195.64988193941,1,11,0.5,1.0,0.5064078182410332,0.25928632149421144,0.021727325320504642,6,0.7761111111111111,0,1,0
21,154509.0,1366381.0,535.3022842773422,30,1,1,7,24439.0,127,398987.8244851537,44573.6552541061,1,7,1.0,1.0,0.2151912534141235,0.28848581800481593,0.0612524956909039,1,0.2916666666666667,1,1,0
67,108395.0,628602.0,655.6619215391164,180,0,5,1,1570.0,72,159579.1181515041,18488.409240048386,1,1,0.2,1.0,0.1226833326810155,0.17056514820838956,0.009838379972180601,6,0.63,1,0,0
56,140796.0,982465.0,697.051719443127,30,2,3,4,4558.0,34,611578.6226516074,23671.713969731198,1,2,0.3333333333333333,0.5,0.3619767977852161,0.16812774489141166,0.007452843888228114,1,0.35055555555555556,0,0,1
69,109803.0,354604.0,686.7897323996763,90,0,3,2,22871.0,26,114561.80741851036,7299.261839606905,2,1,0.6666666666666666,0.5,0.08694495856102168,0.06647597824838032,0.19963895922529423,3,0.33277777777777773,1,0,1
67,88770.0,711650.0,651.2251368979228,60,4,6,9,24720.0,98,210412.51185906678,35454.64287644577,3,8,0.5,0.8888888888888888,0.19752592078692763,0.3993989284267857,0.11748350790354771,2,0.5361111111111111,0,1,0
36,43555.0,1139364.0,674.012871863635,90,1,3,11,2435.0,34,344792.6260559425,41264.831249091345,2,11,0.6666666666666666,1.0,0.6596881836297832,0.9474189243276626,0.007062215998798425,3,0.33388888888888885,0,0,1
58,51813.0,1006554.0,625.1154893765519,60,1,4,9,7957.0,66,299579.5877183222,39288.887547245846,4,3,1.0,0.3333333333333333,0.48182822155045096,0.7582824300319582,0.02656055461122244,2,0.3633333333333333,1,1,0
31,88051.0,215578.0,680.7571563595774,15,4,6,2,18190.0,93,109478.82679764999,5489.488210579228,1,0,0.16666666666666666,0.0,0.10361308294591581,0.06234441642433621,0.16615084881774103,0,0.5875,1,0,1
44,25462.0,1324614.0,684.066048461424,0,2,1,8,16238.0,8,1156775.4162623158,69412.58608712512,1,1,1.0,0.125,3.785953631104901,2.7261246597724105,0.014037296930519999,0,0.17194444444444446,0,1,0
32,69250.0,1394344.0,616.9825015468944,0,4,6,0,15502.0,75,1075112.4133140177,73140.40648729578,0,0,0.0,0.0,1.2937574167437036,1.0561791550512027,0.01441895731834713,0,0.55,0,0,1
44,92946.0,741834.0,698.7389440356368,30,6,6,3,7857.0,56,413573.71215016313,31051.690260544125,3,0,0.5,0.0,0.3708010674210143,0.33408312633727244,0.01899782256263722,1,0.5577777777777778,0,0,0
63,94566.0,544088.0,698.3016858556317,180,6,3,3,16169.0,56,114733.98012351629,15137.681259775878,1,1,0.3333333333333333,0.3333333333333333,0.10110573578551513,0.16007530465257996,0.14092599230492436,6,0.8411111111111111,0,0,0
42,149993.0,820416.0,668.365306049325,60,5,2,5,1502.0,163,537125.2007290801,19947.403327427848,2,1,1.0,0.2,0.29841681541198595,0.13298889499795222,0.0027963685151268704,2,0.5633333333333334,1,1,0
25,174760.0,1211981.0,849.4732925400773,90,6,1,3,26180.0,166,591879.214193282,47038.0163222602,0,3,0.0,1.0,0.28223430904921126,0.2691577953894495,0.04423199763094021,3,0.725,0,0,1
36,136208.0,706048.0,670.1508329320984,15,5,0,5,16268.0,54,518076.80566836067,34112.824707412605,0,2,0.0,0.4,0.31696425422170543,0.25044655752534806,0.03140074950665466,0,0.5258333333333334,1,0,0
59,30884.0,93696.0,660.4536028238888,45,0,6,0,11180.0,158,48765.77074083022,5029.540565812699,5,0,0.8333333333333334,0.0,0.1315831572465522,0.1628526280861514,0.22925916744794309,1,0.4125,1,0,1
46,84193.0,155257.0,650.4324823554587,30,6,3,9,11013.0,40,101104.18184500134,2752.3365069929905,0,6,0.0,0.6666666666666666,0.10007184073596909,0.03269079979324873,0.10892724513495967,1,0.5305555555555556,0,0,0
48,136245.0,1226781.0,612.0342543846521,5,3,4,4,11098.0,62,368079.87397119286,34801.151943623816,4,1,1.0,0.25,0.2251335669634316,0.25543067227145083,0.030151064442248115,0,0.3225,1,1,0
42,114341.0,1191251.0,728.0128151890382,60,0,1,9,13053.0,169,923114.1884923055,36507.04867504116,0,4,0.0,0.4444444444444444,0.6727786391089704,0.31928222313117044,0.014140179148712979,2,0.5222222222222223,1,1,1
35,92161.0,1169450.0,631.9627122386385,30,4,2,0,5783.0,18,859040.6012764024,34804.01895789935,1,0,0.5,0.0,0.7767571616305544,0.3776436774546647,0.006731928608970694,1,0.4066666666666666,0,1,0
50,88671.0,233297.0,640.2436297101573,30,1,5,10,18046.0,68,100436.90322766505,9731.062327530135,2,8,0.4,0.8,0.09439097264763852,0.10974345984064841,0.17967499415124621,1,0.35277777777777775,1,1,1
52,83765.0,297480.0,642.3230908322981,60,3,4,7,5511.0,144,259620.64728719945,10973.519412744734,0,1,0.0,0.14285714285714285,0.2582827426801165,0.13100363412815297,0.021227125259816418,2,0.6523809523809524,0,0,0
65,111800.0,622126.0,611.0539538906042,0,4,1,2,9409.0,169,168158.22019469913,31513.771802546056,1,1,1.0,0.5,0.12534154755120686,0.28187631308180733,0.05595325633861937,0,0.38333333333333336,1,1,0
51,46962.0,384738.0,557.4241667218694,180,0,0,9,26125.0,170,63485.59577495723,9196.026199492999,0,5,0.0,0.5555555555555556,0.11265419519142646,0.195818453206699,0.4115106691698618,6,0.7444444444444445,0,0,0
69,101835.0,610893.0,647.5942092988564,15,3,5,8,16914.0,158,441280.4452109264,18921.354778615667,5,1,1.0,0.125,0.36110738384881297,0.1858040435863472,0.038329366695402343,0,0.41666666666666674,1,1,1
61,51350.0,859789.0,741.1334718898604,90,0,0,8,27090.0,173,516239.1561981135,31508.16189437449,0,5,0.0,0.625,0.8377785722137513,0.6135961420520836,0.05247567851982901,3,0.5625,0,0,0
24,128316.0,456059.0,693.788586382567,90,0,0,10,19733.0,84,106348.95957945652,21741.185411748986,0,6,0.0,0.6,0.06906709450332027,0.1694347190665933,0.18554953502160854,3,0.5516666666666667,0,0,1
40,158089.0,229048.0,789.2402689131687,5,1,2,11,23504.0,58,61758.20852490138,10978.175828665724,1,6,0.5,0.5454545454545454,0.03255455709805942,0.06944300886630773,0.38058098771636173,0,0.29239898989898994,1,1,1
39,100248.0,633635.0,732.5669413492428,15,5,6,1,2686.0,69,157242.3022727189,31285.657893110285,4,0,0.6666666666666666,0.0,0.13071108839471351,0.31208261404826315,0.01708191727784193,0,0.49916666666666676,1,1,0
21,80787.0,1097748.0,716.6775367191831,30,2,4,3,15131.0,21,302034.2366752971,39261.384365707796,4,2,1.0,0.6666666666666666,0.3115540832428661,0.4859864132311857,0.05009696968978597,1,0.20500000000000002,1,1,0
29,170378.0,946113.0,811.78543158569,120,0,0,0,10502.0,24,469324.5417558724,23334.90900281345,0,0,0.0,0.0,0.22955063728683298,0.13695963682408202,0.022376839618719117,4,0.5366666666666666,0,0,0
58,124870.0,516122.0,673.1998083497753,60,5,6,0,513.0,175,97145.37271604252,22735.28799588435,2,0,0.3333333333333333,0.0,0.06483100605699428,0.1820716584919064,0.005280745604831917,2,0.6833333333333333,0,1,0
38,87340.0,501511.0,684.4152971453467,45,3,6,1,2698.0,34,270585.18374507915,26673.835967416097,0,1,0.0,1.0,0.2581722614161888,0.3054022895284646,0.009970982012606468,1,0.4130555555555555,0,1,1
28,22663.0,896346.0,679.1974904837904,120,0,4,8,5694.0,110,541419.9090956986,23674.278526029353,3,2,0.75,0.25,1.9908364187431005,1.044622447426614,0.01051679094976457,4,0.5458333333333334,0,0,0
35,20578.0,300142.0,788.0650711828484,45,3,0,7,208.0,41,208756.60340537954,6883.834637995884,0,0,0.0,0.0,0.8453874826083663,0.3345239886284325,0.0009963756671978884,1,0.5286111111111111,1,0,0
34,53880.0,1258787.0,680.1760721521364,120,1,0,0,13120.0,119,1081958.7706961727,20013.49678815392,0,0,0.0,0.0,1.6734081457191485,0.37144574588258944,0.01212615522452681,4,0.7166666666666667,0,0,0
29,56292.0,1310582.0,634.6205838146027,90,4,6,5,1536.0,84,277657.0781025223,54597.16147717712,5,3,0.8333333333333334,0.6,0.41103691185029595,0.9698920179985987,0.005532003759806355,3,0.56,1,1,0
25,134866.0,86853.0,721.1372876573996,5,6,5,1,24735.0,18,15318.125154652736,3196.2428020685056,0,0,0.0,0.0,0.009465027727925457,0.0236993964532833,1.6147537476208031,0,0.4997222222222222,1,0,0
58,99098.0,1457707.0,622.861813226008,30,2,5,2,17766.0,66,370773.55545747944,29720.5678149801,2,0,0.4,0.0,0.3117903114908806,0.29991087423540436,0.04791603861305426,1,0.46166666666666667,1,1,0
61,179993.0,83960.0,717.3430058829748,0,5,3,0,28890.0,131,33834.706922335325,1929.4535882280497,1,0,0.3333333333333333,0.0,0.015664825355400546,0.010719603474735405,0.8538569601419785,0,0.5666666666666667,0,0,1
45,105572.0,714946.0,708.9688653899284,15,0,4,6,2529.0,144,388945.84211014316,29662.325451108918,3,4,0.75,0.6666666666666666,0.30701467727407455,0.2809677324585015,0.006502190603914023,0,0.3,0,0,0
51,164305.0,1017619.0,666.7418132535453,0,2,1,0,2398.0,52,155913.90588414576,33012.27227766003,1,0,1.0,0.0,0.07907748084565583,0.20092067969727048,0.015380283024798769,0,0.28222222222222226,1,0,0
66,107486.0,524178.0,719.6068100460778,0,6,0,9,26055.0,53,350820.41244514793,12752.850507300249,0,2,0.0,0.2222222222222222,0.27198922995021674,0.1186466191624979,0.07426876850865625,0,0.5455555555555556,0,0,0
62,76025.0,345254.0,575.8547048784154,0,0,1,11,11761.0,131,299563.71316875593,13545.325604938316,1,4,1.0,0.36363636363636365,0.32836097026061156,0.17816936014387788,0.03926042936106407,0,0.26363636363636367,1,1,0
22,133757.0,118849.0,691.4073484927491,90,6,4,10,22783.0,76,40091.831505423776,2033.105974252332,1,3,0.25,0.3,0.024978027010065375,0.015199996817006452,0.5682703719065024,3,0.7263888888888889,0,0,0
67,90807.0,1104721.0,647.6064230733288,30,0,2,9,5697.0,12,172996.85547539033,17286.79855450293,1,7,0.5,0.7777777777777778,0.15875873691399556,0.1903685680013978,0.03293123441084989,1,0.1822222222222222,0,1,1
24,62492.0,103434.0,850.0,45,3,4,9,264.0,22,73948.48378641852,2630.8551061150856,1,8,0.25,0.8888888888888888,0.09861060053876032,0.042099070378849864,0.0035700529136269673,1,0.36000000000000004,0,0,1
22,94662.0,752114.0,690.9077548748146,90,1,3,10,14935.0,67,547191.3196543645,19991.754224899683,2,9,0.6666666666666666,0.9,0.48170624577828175,0.21119091319536545,0.027293927121200955,3,0.4172222222222222,1,0,0
40,125714.0,619678.0,638.2525565151594,120,0,3,10,17197.0,48,113173.0582521152,11882.162641444427,3,1,1.0,0.1,0.07502019017512979,0.0945174176419844,0.1519531261732833,4,0.43,0,1,0
57,78840.0,1453138.0,583.5188784762843,45,2,6,2,3341.0,21,890761.5606534118,28473.735229864455,4,2,0.6666666666666666,1.0,0.941528793181773,0.36115848845591647,0.0037507231425087913,1,0.25083333333333335,0,1,1
24,132053.0,1398850.0,771.3784337755986,45,4,4,7,307.0,140,464599.7632355948,30372.00071317161,3,2,0.75,0.2857142857142857,0.2931902110236009,0.2299985665844139,0.0006607838063927785,1,0.5297619047619048,1,0,0
35,176875.0,1235398.0,655.4977096333356,60,5,6,3,6361.0,82,771698.7674115654,54338.17954400246,5,3,0.8333333333333334,1.0,0.3635801024318329,0.30721232251026126,0.008242853647850297,2,0.4905555555555555,1,0,1
33,84627.0,1109527.0,624.6053553047207,30,2,6,10,3275.0,127,770881.5031257378,52421.41286765638,3,5,0.5,0.5,0.7590972769976266,0.6194407561139633,0.004248383164884186,1,0.45,1,1,1
40,65828.0,837211.0,703.5409449806342,30,3,4,0,29885.0,0,265443.95205878513,18639.831662058274,0,0,0.0,0.0,0.33603222546989264,0.28315962298806396,0.11258497233864902,1,0.4083333333333333,1,0,0
69,83151.0,556440.0,725.4803181983957,15,1,6,5,29647.0,72,192288.79524678388,22964.725696774065,6,5,1.0,1.0,0.19271044570197982,0.2761809923726,0.15417955040984563,0,0.22250000000000003,1,1,0
37,153798.0,291661.0,724.376705324667,5,5,1,4,475.0,86,177528.4370992686,7100.8079011062355,0,2,0.0,0.5,0.09619134465298021,0.04616970247406491,0.002675627678366786,0,0.5675000000000001,1,0,0
31,46985.0,1453667.0,681.3825296141553,5,1,3,10,13710.0,103,852862.0134477069,72977.49064998551,3,3,1.0,0.3,1.5126494509731951,1.5532082717885605,0.016075285079912432,0,0.3130555555555556,1,1,0
26,175735.0,608098.0,691.1433095820704,60,6,0,3,11535.0,174,495371.86204689514,15662.847906428791,0,3,0.0,1.0,0.23490476287539722,0.08912765189876115,0.023285537358413832,2,0.6666666666666666,0,0,0
30,85065.0,671698.0,696.2425952976492,120,1,0,10,816.0,82,357864.79553170205,13562.157939368659,0,3,0.0,0.3,0.35057974836076533,0.15943288002549413,0.002280190759718675,4,0.6688888888888889,1,0,1
27,154341.0,254746.0,703.5477385940211,30,4,0,5,19998.0,88,191015.05512509326,8296.017267053365,0,4,0.0,0.8,0.10313475525248922,0.05375122143211049,0.1046933184764079,1,0.5572222222222223,0,1,1
49,145464.0,451349.0,709.7419637131038,0,2,0,8,25509.0,161,315495.3481640573,9554.387902539307,0,0,0.0,0.0,0.18074079506731178,0.06568214749037087,0.08085380703215739,0,0.5166666666666666,0,0,1
41,144939.0,970168.0,756.6116925913882,60,6,2,6,18338.0,71,629905.8278359604,22250.48680643817,2,4,1.0,0.6666666666666666,0.3621672035798741,0.15351621583175107,0.029112288201873195,2,0.5077777777777778,0,0,1
45,165253.0,668212.0,683.9490403418096,180,1,5,5,27520.0,71,196340.55380567364,19085.814049841065,4,5,0.8,1.0,0.0990100804048306,0.11549450872202661,0.1401646245086875,6,0.5711111111111111,1,1,0
61,47946.0,899506.0,622.8237713918746,45,6,6,3,19123.0,28,321366.80252330075,37265.47287623959,3,1,0.5,0.3333333333333333,0.5585568530626481,0.7772384114678929,0.059505212890225284,1,0.4913888888888889,0,1,1
49,114165.0,356737.0,669.8995807827176,0,5,6,3,16451.0,129,205151.2838119635,7018.5023684393445,1,3,0.16666666666666666,1.0,0.14974764873353152,0.061476830626193184,0.0801896029813714,0,0.4916666666666667,0,0,0
28,34038.0,169012.0,732.7646573114498,0,3,1,7,28435.0,3,33710.753012730514,4455.893304523077,0,0,0.0,0.0,0.08253215282118641,0.13090937494926486,0.8434994017861843,0,0.3566666666666667,1,0,0
39,66497.0,1334176.0,554.9430429130608,45,3,3,3,21178.0,39,245204.26203683385,65821.01944257387,3,0,1.0,0.0,0.30728737391265,0.9898344202381141,0.08636880869884188,1,0.37416666666666665,0,0,0
36,24575.0,676452.0,555.3473463239627,120,2,3,10,22939.0,75,126741.91195950651,17554.453440517496,3,3,1.0,0.3,0.42977928775688884,0.714321604904069,0.18098985288567299,4,0.5366666666666666,1,1,0
61,128530.0,573701.0,744.2793284974628,0,2,0,1,23403.0,78,482471.5082475788,12471.039639724784,0,0,0.0,0.0,0.31281381016596566,0.0970282396306293,0.04850649126412418,0,0.49,1,0,1
36,116451.0,464838.0,786.4085971795929,90,3,0,2,953.0,6,309888.39780566155,16894.377939863694,0,1,0.0,0.5,0.22175879254340278,0.14507713922477003,0.003075300678399871,3,0.48833333333333334,0,0,0
27,137903.0,1004054.0,591.4359975486368,120,1,2,0,22040.0,95,780723.4023917352,16398.84769431324,2,0,1.0,0.0,0.4717829454953453,0.11891581542325577,0.028230228442596657,4,0.5666666666666667,0,1,1
57,46548.0,866461.0,687.0321489583026,0,2,5,10,22455.0,174,756041.4849222425,40860.608269464276,5,9,1.0,0.9,1.3535158777359615,0.8778166251925813,0.029700751146359988,0,0.27666666666666667,1,1,1
41,71818.0,614118.0,652.031842095809,5,6,2,4,14835.0,18,414976.022656876,14676.477687216806,0,0,0.0,0.0,0.48151348159801627,0.20435653578791954,0.035749053415229146,0,0.4997222222222222,1,0,1
25,127567.0,1399842.0,661.7418921430864,0,6,2,0,16931.0,88,751002.5923488798,28436.83858598369,1,0,0.5,0.0,0.49059356543938987,0.2229168874864478,0.022544529369793,0,0.5705555555555556,0,0,1
54,151900.0,1357510.0,701.3871706129491,60,0,6,0,24980.0,105,691330.2009393051,64248.38332211486,1,0,0.16666666666666666,0.0,0.3792682691130706,0.42296499882893257,0.03613323989905238,2,0.5416666666666666,0,0,0
31,161479.0,337864.0,589.4990839692475,5,5,2,11,4256.0,58,239721.4006167944,16457.421832990767,1,8,0.5,0.7272727272727273,0.12371133946044294,0.10191679309997441,0.01775394265613945,0,0.4075505050505051,0,0,1
63,29938.0,981452.0,602.4947749655319,180,1,4,10,15819.0,103,786067.4182846134,43565.92845402594,4,9,1.0,0.9,2.1880425609721574,1.4552050388812192,0.0201242280649678,6,0.5933333333333333,0,1,0
61,83209.0,1454124.0,658.9124178955142,0,4,6,3,23117.0,61,1122892.1387014287,35457.177542150894,2,2,0.3333333333333333,0.6666666666666666,1.1245699971371572,0.42612190438715636,0.020587017401986367,0,0.40222222222222226,1,0,1
39,19742.0,757965.0,669.8237081474088,60,4,0,7,7785.0,28,393921.22444307397,27347.040794008517,0,7,0.0,1.0,1.662788405611868,1.3852213957050206,0.019762834589597038,2,0.4622222222222222,0,0,1
48,150599.0,93768.0,601.183142602108,120,6,3,3,7912.0,151,68462.99651758261,5041.215255576271,1,0,0.3333333333333333,0.0,0.03788371576038719,0.0334744271580573,0.11556607806332356,4,0.8333333333333333,1,1,0
48,37921.0,241607.0,735.2753372352429,5,4,2,10,122.0,179,122601.01643170482,8241.37035443541,1,8,0.5,0.8,0.26942199228155206,0.2173299848220092,0.0009950977858977244,0,0.4380555555555556,1,1,1
53,151187.0,1018130.0,650.7707318822277,15,5,0,8,9369.0,69,446235.3860490886,53946.2177962165,0,3,0.0,0.375,0.245962167188696,0.35681783351886404,0.020995645555929428,0,0.5616666666666668,0,0,1
24,43273.0,1357779.0,650.4727675753209,120,5,0,5,10757.0,16,506795.9974571133,57101.03649502994,0,2,0.0,0.4,0.975966533129036,1.3195534512289404,0.0212255030702177,4,0.6455555555555557,1,0,1
36,20489.0,236174.0,699.7861153160931,0,4,4,11,28573.0,29,45087.79868897522,11525.252095048125,2,7,0.5,0.6363636363636364,0.1833821346778565,0.5625092535042279,0.6337191176065691,0,0.30914141414141416,1,0,0
29,160386.0,842884.0,670.976420675275,30,2,4,2,2477.0,161,253600.11403413094,19130.095586772462,4,2,1.0,1.0,0.13176550843700557,0.11927534564595701,0.009767345765730339,1,0.325,1,1,0
55,89087.0,770447.0,738.6233769034069,15,2,3,11,19389.0,158,537390.8590139837,40116.708139300856,1,5,0.3333333333333333,0.45454545454545453,0.5026835743093677,0.4503093396264422,0.03607988426817559,0,0.45037878787878793,1,0,1
24,86847.0,463326.0,614.6604223539533,0,2,4,3,1898.0,88,129167.46510512014,22764.95727738986,1,1,0.25,0.3333333333333333,0.1239415918273133,0.26212715784528956,0.014694102717393687,0,0.44138888888888894,0,0,0
46,122771.0,965927.0,582.1829382055569,45,2,5,10,23982.0,156,797742.4873137245,44820.9313670475,1,2,0.2,0.2,0.5414840687904883,0.3650775131508866,0.030062332621590342,1,0.5541666666666667,1,0,0
56,62538.0,1322993.0,658.3148705340975,45,2,0,10,14076.0,40,276422.1665495564,69654.15713461339,0,10,0.0,1.0,0.3683389386580378,1.1137893302410276,0.05092211010319421,1,0.3930555555555556,1,0,1
67,129909.0,396903.0,684.2165321054509,30,2,0,6,12774.0,72,74754.7580156875,18477.880383955362,0,2,0.0,0.3333333333333333,0.04795328397550561,0.1422371073902144,0.17087875526691343,1,0.5016666666666667,1,0,1
35,87510.0,128938.0,593.1470839131736,120,3,2,1,28310.0,20,65863.0596573302,4908.654764219332,0,0,0.0,0.0,0.06271955553396774,0.05609250101953299,0.4298312308491312,4,0.6277777777777778,0,0,0
21,62171.0,570558.0,582.8572506809819,0,1,3,9,22470.0,98,180865.72172254007,23362.98542846469,1,5,0.3333333333333333,0.5555555555555556,0.24243044951630727,0.3757859038533189,0.12423581309934704,0,0.3777777777777778,1,0,0
56,81964.0,505411.0,692.760844763659,30,2,6,8,3165.0,125,114836.81131811628,24176.724742021554,6,6,1.0,0.75,0.11675533498254953,0.2949676045827626,0.027560848857361996,1,0.35000000000000003,1,1,1
21,18995.0,1104426.0,626.9553602879527,5,4,6,10,7985.0,173,215253.68763460533,49661.96932384953,3,0,0.5,0.0,0.9443436326866953,2.614475879118164,0.03709576401568829,0,0.5180555555555556,1,0,0
24,66836.0,828401.0,578.3241798095156,90,2,5,2,8212.0,135,451869.88023539813,32035.643181737076,2,0,0.4,0.0,0.5634062982965744,0.4793171820835639,0.018173373263387287,3,0.6316666666666666,0,0,0
69,113814.0,75951.0,747.5738904619844,60,0,2,2,18291.0,119,26172.57443592627,2956.2539641515245,0,1,0.0,0.5,0.01916326523679444,0.025974431652973487,0.6988613231296238,2,0.5166666666666667,0,0,0
63,40339.0,542730.0,635.7743728951035,90,0,4,4,24902.0,121,307632.83015544445,27251.170607728713,4,3,1.0,0.75,0.6355157336478438,0.6755539455050624,0.08094714724503628,3,0.4,1,0,0
55,37204.0,1115904.0,760.486812270575,0,5,0,4,19130.0,113,291500.1696523532,17180.97639947808,0,2,0.0,0.5,0.6529319644221796,0.4618045478840469,0.0656260338469603,0,0.5666666666666668,1,0,1
61,124258.0,741264.0,681.9929553776599,45,6,3,0,12054.0,75,124768.08989378583,32406.685774062902,0,0,0.0,0.0,0.08367542391220004,0.26080160451691564,0.09661124098526701,1,0.7041666666666666,0,0,0
24,87373.0,866146.0,700.6331203438713,0,4,0,1,22396.0,90,147629.74641000028,32589.98995120126,0,0,0.0,0.0,0.14080412561660952,0.3729984085610115,0.15170384387033614,0,0.5833333333333334,1,0,1
25,40129.0,433258.0,665.1950177732203,15,0,6,5,22764.0,31,101601.0095470379,21026.773151422316,2,4,0.3333333333333333,0.8,0.210988332517294,0.5239794949144587,0.2240528918116805,0,0.21805555555555553,1,1,1
35,139149.0,513111.0,494.1386428818012,180,3,3,11,2417.0,3,383310.2414522445,11913.143622656446,2,1,0.6666666666666666,0.09090909090909091,0.22955623196013178,0.08561429563027004,0.006305597238525981,6,0.5975757575757575,1,1,1
22,143618.0,238620.0,600.4249456262407,90,1,5,1,16270.0,142,116061.30953650553,8593.599266271269,0,1,0.0,1.0,0.06734375770940129,0.059836505634887474,0.1401845288923135,3,0.5583333333333333,1,0,1
64,23631.0,168361.0,671.2003378196893,0,2,0,2,21322.0,89,104029.47570082935,3385.027964726779,0,1,0.0,0.5,0.3668538350077912,0.1432452272323126,0.2049611406417,0,0.4644444444444445,1,0,0
23,50673.0,103438.0,705.5310396104893,30,6,6,10,18117.0,156,83396.06818556771,4279.74589776987,2,4,0.3333333333333333,0.4,0.1371474424012257,0.08445811177096027,0.2172404574240501,1,0.6183333333333334,1,1,0
47,77995.0,955366.0,554.7228184328316,120,5,3,0,7347.0,21,295641.49694103,43517.603768299756,3,0,1.0,0.0,0.3158765486473813,0.557953763296362,0.024851044511743442,4,0.5466666666666667,1,0,1
62,136482.0,278587.0,676.2478804497678,5,5,0,1,4834.0,70,223847.84495839942,11127.126628696313,0,0,0.0,0.0,0.13667726938253116,0.08152816216567982,0.02159502585740044,0,0.5819444444444445,1,0,1
57,29992.0,881969.0,601.4415138950178,90,3,2,10,8726.0,46,625515.8756106093,32801.177833076574,0,7,0.0,0.7,1.7380075676030533,1.093664238232748,0.013950085585728656,3,0.5572222222222223,1,0,0
32,148504.0,1431772.0,696.4234115562758,15,4,1,3,10568.0,151,997606.5888836981,41142.19519087588,0,0,0.0,0.0,0.5598090449211796,0.2770443569929152,0.010593354251825242,0,0.6125,0,0,1
44,69749.0,1060967.0,678.6419450010122,45,6,0,3,27645.0,67,852012.2602018813,43066.105484002175,0,2,0.0,0.6666666666666666,1.017950389016188,0.6174440563162508,0.03244671619332052,1,0.6197222222222222,1,0,0
47,38302.0,884334.0,732.0451121700702,120,4,0,0,18652.0,114,216138.53901954967,45083.53961788067,0,0,0.0,0.0,0.47025076806161054,1.1770544519315094,0.08629650262562814,4,0.8166666666666667,1,0,0
58,157866.0,219454.0,754.6776051131263,90,4,4,4,25072.0,15,121879.45172449951,9624.535105446692,0,4,0.0,1.0,0.06433697551747447,0.06096648490141444,0.20571146034258186,3,0.4916666666666667,1,0,0
41,32052.0,758992.0,712.1292929491821,15,0,6,11,803.0,94,389097.24219261034,12081.72697912956,4,8,0.6666666666666666,0.7272727272727273,1.0116301691849972,0.37694143826062526,0.0020637514557414935,0,0.30643939393939396,0,1,0
34,38991.0,1342208.0,740.2275512279402,0,6,4,11,23517.0,79,869750.3192637323,47445.518686428295,0,0,0.0,0.0,1.858869823086807,1.2168325687063244,0.027038794328822773,0,0.6255555555555555,1,0,0
59,171830.0,607269.0,655.4760266853314,15,5,4,7,5649.0,109,199482.79533374213,26997.162258082186,0,7,0.0,1.0,0.09674426047728478,0.15711553429600295,0.028318231607638206,0,0.5458333333333334,0,0,1
64,102169.0,1247969.0,850.0,30,2,0,8,16973.0,105,306369.7690108056,43886.728190676884,0,5,0.0,0.625,0.2498880686336736,0.4295503351376336,0.05540037470015968,1,0.5125,1,0,0
44,93013.0,1077209.0,594.6826632453583,5,1,1,7,11594.0,19,948033.3557643516,41638.438647478324,0,6,0.0,0.8571428571428571,0.8493735246366562,0.447662570258763,0.012229527505023641,0,0.24956349206349207,1,0,1
22,129351.0,436818.0,643.0570955463475,120,6,0,8,25912.0,9,218086.25412402317,22480.129133810726,0,0,0.0,0.0,0.14050030158510768,0.17379169186021542,0.11881537469694968,4,0.7033333333333334,0,0,0
45,120098.0,254826.0,743.0951007922826,0,6,6,6,20237.0,22,82567.50118875626,12730.597964778932,5,6,0.8333333333333334,1.0,0.057291754226240416,0.10600174827873013,0.24509643272038129,0,0.2738888888888889,1,0,0
64,117396.0,74647.0,732.6904913402694,45,2,5,2,13808.0,39,18399.89551436195,1362.5000646221913,5,2,1.0,1.0,0.013061131777887059,0.011606017791255165,0.7504390440273007,1,0.24083333333333334,1,1,1
69,21768.0,450388.0,714.1172313399644,180,1,6,10,15287.0,130,268070.3551184415,15953.701516359397,1,9,0.16666666666666666,0.9,1.0262401809936663,0.7328969825596929,0.05702607434248276,6,0.7183333333333333,1,0,1
40,107381.0,532700.0,727.2723060595175,30,5,6,10,21207.0,48,138939.71983570987,21250.81605730717,4,10,0.6666666666666666,1.0,0.10782456846471122,0.1979010817305405,0.15263453838165464,1,0.38166666666666665,1,1,0
28,63151.0,1001058.0,534.1509991775772,45,4,1,1,21561.0,174,287585.92083360563,49133.182890184355,1,1,1.0,1.0,0.37949507375655916,0.7780269970417627,0.07497237673354316,1,0.42083333333333334,1,1,1
49,148842.0,880233.0,791.2509086176484,0,6,3,1,17197.0,15,760622.1457410557,22551.59107862595,2,0,0.6666666666666666,0.0,0.4258554629187638,0.1515136257146904,0.02260912346069727,0,0.3833333333333333,1,0,0
61,99874.0,744643.0,665.727632879337,90,3,4,9,21805.0,91,127984.95492545268,15335.295290807748,4,8,1.0,0.8888888888888888,0.10678868284492851,0.15354642139904026,0.17037158791594484,3,0.48611111111111116,1,1,0
67,38050.0,1098193.0,767.2125927589597,180,3,5,0,23672.0,128,318610.68268058565,42704.53522713314,0,0,0.0,0.0,0.6977894933871784,1.122326812802448,0.07429757157179727,6,0.8999999999999999,0,0,0
23,161567.0,1166634.0,537.6531394722431,90,1,4,9,931.0,9,762295.2873770257,39320.798311351384,0,9,0.0,1.0,0.3931781074193295,0.24337147011055094,0.0012213114988595412,3,0.3783333333333333,0,0,0
35,64054.0,1084559.0,697.9597952436834,5,4,3,11,11008.0,92,339109.62165276706,27448.244821804376,2,10,0.6666666666666666,0.9090909090909091,0.4411767436495861,0.42851726389927836,0.03246147940700926,0,0.40214646464646464,0,0,1
44,61973.0,1350809.0,640.5548404598605,30,2,0,0,27051.0,12,386945.9965547713,71210.76779378255,0,0,0.0,0.0,0.5203152939650753,1.1490611684730858,0.0699089801699783,1,0.4016666666666666,1,0,0
25,169676.0,571622.0,720.0484106106912,90,1,6,9,9635.0,142,324324.141478995,15835.209385735921,2,6,0.3333333333333333,0.6666666666666666,0.1592860026751942,0.09332615918418587,0.02970793341520035,3,0.5416666666666666,0,0,1
64,143580.0,1243890.0,702.1949316728192,120,5,4,1,24726.0,84,835853.4225368232,21409.13460738958,3,1,0.75,1.0,0.4851264234438543,0.14910944844260746,0.02958174164670685,4,0.6241666666666666,0,0,0
26,157242.0,660097.0,705.6233458249425,30,2,5,3,16476.0,155,312209.0876693696,11453.982810509944,4,2,0.8,0.6666666666666666,0.16546103440841164,0.07284302419525282,0.052772326785849796,1,0.3883333333333333,1,1,1
53,125278.0,317101.0,605.8740818237956,180,1,1,6,8132.0,118,233375.52028894227,7307.050196404007,0,3,0.0,0.5,0.15523842992447615,0.05832668302817739,0.03484512852904096,6,0.7833333333333333,1,0,0
66,165498.0,261395.0,676.0121615426972,5,6,0,8,10506.0,57,199028.12446861772,5141.491437704911,0,1,0.0,0.125,0.10021678231187976,0.031066788950349315,0.05278650958526498,0,0.5738888888888889,0,0,1
54,36673.0,182631.0,667.3883066449462,90,6,6,1,14535.0,27,112740.52741404246,5622.7607305418915,6,0,1.0,0.0,0.25618422139367397,0.1533215371129139,0.1289243569583442,3,0.535,1,1,1
58,115195.0,1435596.0,714.6717029195203,45,3,5,1,3744.0,28,837475.413742817,26154.53299537112,5,1,1.0,1.0,0.6058389497105032,0.22704573111134266,0.0044705790027523805,1,0.24972222222222223,0,1,0
33,65526.0,295688.0,749.2507896803427,90,2,5,3,9244.0,5,225381.91900449246,11072.512649892169,2,0,0.4,0.0,0.2866316665706392,0.16897891905338597,0.041014825150263015,3,0.4427777777777777,1,1,0
61,82544.0,1261116.0,690.533314540603,60,1,3,8,20430.0,54,203383.27441618926,39517.88829928795,0,7,0.0,0.875,0.2053281425827329,0.4787493736587511,0.10045073794118134,2,0.43250000000000005,0,0,0
41,56533.0,1186119.0,590.6679398127981,30,4,6,4,27199.0,131,632173.1010794117,46160.2006564291,6,3,1.0,0.75,0.9318644288577935,0.8165177976832841,0.0430246082181585,1,0.4166666666666667,0,0,1
24,51216.0,686899.0,687.5305166696737,120,4,1,3,28510.0,63,169354.55676472705,37483.70879382265,1,0,1.0,0.0,0.2755560709620806,0.7318749764492082,0.168345042168585,4,0.6066666666666666,0,0,1
38,89689.0,1375055.0,850.0,120,4,5,1,11484.0,26,434747.8007574608,75182.59485366408,5,0,1.0,0.0,0.4039400974083229,0.838258814945691,0.02641531476408031,4,0.5244444444444444,0,1,0
38,166762.0,1367032.0,795.220372889145,120,5,3,11,23824.0,14,1178039.045249309,43309.161793527266,0,0,0.0,0.0,0.5886827960653052,0.2597064186896731,0.020223438345337796,4,0.6811111111111111,1,0,0
46,120924.0,1391900.0,471.792030606961,0,3,1,8,11881.0,78,212658.21091935068,41314.5948121278,1,6,1.0,0.75,0.14655087142843898,0.34165752714207104,0.05586899254271351,0,0.29833333333333334,0,0,1
33,74595.0,770488.0,684.4340207586391,30,4,5,11,24203.0,37,292986.1622045042,32562.45267939467,5,4,1.0,0.36363636363636365,0.3273076414912798,0.4365232613364793,0.08260799697122323,1,0.3375252525252525,1,1,0
43,88214.0,482412.0,745.2483667678741,90,4,2,5,27357.0,132,128211.00357035417,14331.102322843668,1,1,0.5,0.2,0.12111739970446317,0.16245836627795665,0.213374821490951,3,0.6633333333333333,0,0,0
41,103833.0,113519.0,667.2371091202415,120,5,1,9,13370.0,60,65592.71896986035,5236.774848960184,1,1,1.0,0.1111111111111111,0.05264280059475339,0.050434590630726105,0.20383359936860482,4,0.6222222222222222,0,0,0
37,57614.0,1268494.0,647.7936355899282,30,5,4,7,18020.0,22,993478.0839472384,49554.78323718276,2,4,0.5,0.5714285714285714,1.4369743522223164,0.860117041642357,0.01813829644676591,1,0.3917460317460318,1,1,0
55,102435.0,1315803.0,661.3125049441558,90,0,5,6,26007.0,49,583119.9329457367,30236.48045501093,2,2,0.4,0.3333333333333333,0.47438207395400067,0.29517723878567803,0.0445997444618655,3,0.4405555555555555,1,1,0
35,130732.0,827541.0,718.6532639804257,60,4,2,5,4136.0,79,643735.0858125137,26144.794765464874,2,5,1.0,1.0,0.41034016525698486,0.1999877211812324,0.006425003221285658,2,0.4255555555555556,0,1,0
58,57393.0,152865.0,599.6071017937494,5,6,6,6,7403.0,6,73402.30904632685,7573.8985045869595,4,6,0.6666666666666666,1.0,0.10657848670036248,0.13196554465852908,0.1008551378857537,0,0.27305555555555555,1,1,1
33,112684.0,1243048.0,763.208205612656,180,3,4,4,18780.0,20,1033946.1485667812,46159.5076804892,3,1,0.75,0.25,0.7646354322462086,0.4096367512733769,0.018163421785585408,6,0.6069444444444445,1,1,1
63,132755.0,482534.0,676.0804905811351,45,3,0,7,5371.0,172,378889.90559712896,20940.40688334343,0,6,0.0,0.8571428571428571,0.23783781250996758,0.15773723689008645,0.014175621785265895,1,0.5517857142857143,1,0,1
38,102128.0,845129.0,614.5483008121915,60,4,2,5,23833.0,62,240113.51118526596,36673.55159536879,0,0,0.0,0.0,0.19592530222308113,0.35909399572466694,0.09925722164635298,2,0.6377777777777778,0,0,0
22,65297.0,1006207.0,758.7045112979087,15,3,6,11,7991.0,134,818849.2653317887,34499.02539407436,2,5,0.3333333333333333,0.45454545454545453,1.0450317591566083,0.5283401288585136,0.009758816840071457,0,0.48371212121212126,1,0,1
28,107815.0,261545.0,571.8408366421851,0,2,1,10,10135.0,164,77004.88011666275,7014.546692877802,1,6,1.0,0.6,0.059519300125726746,0.06506095341907714,0.1316150351074559,0,0.30666666666666664,1,1,0
60,146504.0,140995.0,641.1352932098891,45,6,6,5,24320.0,20,73006.65553472486,5478.1567887482925,3,1,0.5,0.2,0.04152711162307563,0.03739254074119677,0.3331203137833432,1,0.48694444444444446,0,1,1
63,53947.0,164868.0,639.9827454300384,90,0,3,4,15810.0,123,48966.2793377255,3218.606268118068,1,3,0.3333333333333333,0.75,0.07563948464499957,0.05966237729842378,0.32287525647919446,3,0.5,1,1,0
31,111097.0,1440634.0,830.0759356765292,15,5,4,9,23725.0,149,633658.33540259,56033.207018714216,4,5,1.0,0.5555555555555556,0.47530411517456966,0.5043629172589198,0.03744131288816157,0,0.4402777777777778,1,1,1
50,128229.0,1437967.0,632.0485461952389,180,1,4,7,18805.0,4,1278644.8805142601,27478.895703093945,1,7,0.25,1.0,0.8309644467542835,0.21429548466488818,0.014706976336101067,6,0.5047222222222222,1,1,0
49,70082.0,668897.0,529.1524345649926,90,1,3,2,15427.0,55,484184.53349986806,34161.85488120853,1,2,0.3333333333333333,1.0,0.575735725649796,0.4874554790275467,0.031861819064082524,3,0.4305555555555556,1,0,1
27,80775.0,667413.0,639.2729419304601,60,4,3,10,15312.0,24,377458.9782090089,29869.97522388882,1,8,0.3333333333333333,0.8,0.3894139876292262,0.3697923271295428,0.040565997589071374,2,0.42333333333333334,0,1,0
43,161995.0,639873.0,711.8885243183345,120,4,3,8,24084.0,5,544921.5401647321,14236.149884896007,2,7,0.6666666666666666,0.875,0.2803180860338962,0.08788018077654253,0.044197188447935645,4,0.44027777777777777,1,1,0
54,76881.0,558254.0,734.8859182608523,120,6,4,7,29973.0,52,234342.54569658687,25895.401514661855,2,2,0.5,0.2857142857142857,0.2540100346602616,0.33682446267168553,0.12790251087742002,4,0.6953174603174602,1,0,1
68,114913.0,838523.0,839.3577785409941,90,2,5,9,729.0,32,234706.2732799166,36923.6161198812,1,8,0.2,0.8888888888888888,0.1702057739912779,0.3213180068389233,0.0031060098642126037,3,0.4438888888888889,1,1,0
62,42256.0,566639.0,778.4828299690116,120,0,3,2,15203.0,161,437283.5088625506,25010.19329923223,3,1,1.0,0.5,0.8623696612365711,0.5918731848549846,0.03476691823925766,4,0.48333333333333334,0,0,1
25,168008.0,943431.0,693.1545815740607,90,1,3,9,23499.0,42,150129.60970791598,26804.074131175308,0,7,0.0,0.7777777777777778,0.07446550645798414,0.15954046313970352,0.15652475248365982,3,0.47388888888888886,1,0,0
32,114687.0,599454.0,617.6009172697655,120,3,5,1,19301.0,134,451656.5467160324,21526.174773667048,4,0,0.8,0.0,0.3281805746045268,0.1876949852526184,0.04273379881313891,4,0.6633333333333333,1,1,0
42,141178.0,963388.0,793.6819201943151,0,2,5,9,14519.0,9,160300.89952317913,37023.95671711242,0,5,0.0,0.5555555555555556,0.09462103368512276,0.26225018570253456,0.09057341564013237,0,0.2811111111111111,0,0,1
28,115631.0,1420245.0,654.2005514771638,30,1,4,7,23807.0,111,515954.16422201355,42719.7360387348,1,6,0.25,0.8571428571428571,0.37183956163861304,0.36944881596401313,0.04614169562115583,1,0.41845238095238096,0,1,1
48,75589.0,348430.0,633.9289934649777,120,6,3,6,14047.0,125,145164.56134782778,13036.841272852238,1,0,0.3333333333333333,0.0,0.16003713210897946,0.17247008523531518,0.09676604172241517,4,0.8333333333333333,1,1,0
21,73128.0,140921.0,650.8048338492151,45,3,4,8,4097.0,27,54803.732316380716,3489.2964383718804,2,7,0.5,0.875,0.0624518336756335,0.04771491683584783,0.07475768212916797,1,0.335,0,0,0
26,131595.0,813616.0,592.3398232772233,0,4,3,3,8167.0,77,270587.55157313147,40677.047210931865,2,3,0.6666666666666666,1.0,0.17135121114855648,0.3091078476456694,0.030182467569254426,0,0.3544444444444444,0,0,1
23,157295.0,222638.0,647.4485936180317,120,5,3,9,1317.0,167,51459.17711087004,11891.86616761688,3,4,1.0,0.4444444444444444,0.027262562441521792,0.07560231518876556,0.02559310260952078,4,0.6555555555555557,1,0,0
35,38678.0,385501.0,663.6824169015109,60,2,1,0,21063.0,110,58744.59051358009,10820.750171086142,1,0,1.0,0.0,0.12656762352754386,0.2797649871008362,0.3585521631158673,2,0.4833333333333333,1,1,1
58,154964.0,1194994.0,731.1459624068483,180,5,3,8,29189.0,145,873581.1081040971,34291.43250899774,2,5,0.6666666666666666,0.625,0.4697763717724208,0.2212864440063353,0.03341303941811182,6,0.8041666666666666,0,1,0
29,152460.0,655942.0,652.8338165429287,0,6,3,9,11379.0,76,323173.97251035646,15511.982020383042,0,2,0.0,0.2222222222222222,0.17664413207308827,0.10174460199647804,0.03521013747366474,0,0.5966666666666667,1,0,1
69,35666.0,846643.0,591.277853071304,5,5,0,0,21967.0,43,229828.06818341798,41986.01956111271,0,0,0.0,0.0,0.5369915049426578,1.1772001222764739,0.09558014464303326,0,0.5219444444444444,0,0,1
34,35522.0,1175427.0,567.735949132031,45,2,6,8,29473.0,84,248758.87442646897,25312.19957522475,6,6,1.0,0.75,0.5835793649627202,0.7125781086432281,0.11848019520088306,1,0.36583333333333334,0,0,1
23,130596.0,236378.0,694.6698823266181,5,5,4,9,11798.0,72,84819.12782332241,11098.976285309478,1,1,0.25,0.1111111111111111,0.054123102177275985,0.08498710745589051,0.13909598345051535,0,0.5377777777777778,0,0,0
37,154534.0,744030.0,685.0838097428457,45,1,0,6,26468.0,176,309353.23428932164,35931.5490715108,0,5,0.0,0.8333333333333334,0.16682048087007909,0.2325154921991976,0.08555915072556147,1,0.4875,1,0,0
57,81801.0,99967.0,641.1981102150783,30,0,1,7,530.0,77,49590.011911693175,2763.9634571809397,1,5,1.0,0.7142857142857143,0.050518954446047086,0.03378887125072969,0.010687636069614002,1,0.258015873015873,0,0,0
26,121782.0,773775.0,647.278047765555,5,3,3,0,20329.0,112,174710.76068952522,35649.10162619298,3,0,1.0,0.0,0.11955157623836392,0.29272882385075777,0.1163580303798587,0,0.4097222222222222,1,1,1
24,179953.0,375139.0,707.1940852959419,90,3,6,11,4991.0,105,331976.44613023184,12424.183407897426,4,2,0.6666666666666666,0.18181818181818182,0.1537329405132784,0.06904126859734168,0.01503419913725466,3,0.6068181818181818,1,1,0
62,70293.0,1371310.0,777.3382377582543,0,3,3,11,23445.0,66,482097.37766940956,39683.11181855991,0,9,0.0,0.8181818181818182,0.5715331750309532,0.56453860012462,0.04863125394570602,0,0.41484848484848486,1,1,1
50,54453.0,428175.0,625.3898791099208,120,1,5,9,292.0,67,205940.15219591564,21723.517220956415,1,2,0.2,0.2222222222222222,0.31516499273978726,0.398940686848409,0.00141788765758614,4,0.6133333333333333,0,0,0
37,178642.0,340244.0,686.2231985350803,5,1,0,0,24984.0,152,231965.28462461772,11276.068508340688,0,0,0.0,0.0,0.10820770247413716,0.0631210382124063,0.10770577175128096,0,0.4930555555555556,1,0,0
58,63444.0,70608.0,747.0789282803727,60,6,3,5,11893.0,37,27017.637496837673,1215.106316957818,3,3,1.0,0.6,0.035487513262138885,0.01915242287620292,0.440193928924838,2,0.4388888888888889,1,0,1
62,94560.0,243256.0,625.6719996861925,180,2,5,9,7107.0,74,51539.310577391436,9822.885515948266,4,8,0.8,0.8888888888888888,0.04542028921442421,0.10387992296899605,0.13789474326258455,6,0.6222222222222222,0,1,0
38,89621.0,363331.0,678.9057519805687,5,5,5,8,16645.0,120,157106.26519806313,15012.870716417663,3,0,0.6,0.0,0.14608393977421877,0.16751509932290046,0.10594739795396273,0,0.5363888888888889,0,0,1
48,102762.0,380661.0,677.3403077838634,180,1,1,10,29690.0,10,214941.96099339466,15373.382545084316,0,4,0.0,0.4,0.17430402369341672,0.1496018230969066,0.13813031137699724,6,0.6155555555555554,1,0,0
21,61531.0,1120562.0,588.2093335469536,15,0,4,7,4817.0,121,875512.3919542748,32958.813989555274,4,5,1.0,0.7142857142857143,1.1857334676210296,0.5356456743682904,0.005501920982806119,0,0.25773809523809527,0,1,1
36,128001.0,1336940.0,691.7949156335936,90,0,0,8,9301.0,149,569462.3189292133,56344.79197119467,0,1,0.0,0.125,0.37074080080703364,0.44019024828864356,0.016332950734104946,3,0.6125,0,0,1
50,130102.0,1290378.0,682.2081275023102,120,1,0,4,19195.0,79,1054420.408504674,34380.53824175225,0,2,0.0,0.5,0.675380604259654,0.2642583376254958,0.018204313806123484,4,0.6422222222222222,0,0,0
30,50490.0,1436724.0,718.855897471724,15,5,6,9,2812.0,104,803928.275670983,48237.271314674865,5,6,0.8333333333333334,0.6666666666666666,1.3268770642222603,0.9553826760680306,0.0034978244765094487,0,0.4541666666666667,1,1,0
69,95907.0,1352441.0,596.9179467737501,30,3,5,6,28627.0,87,930634.9128777153,32009.937122858362,4,6,0.8,1.0,0.808626162912783,0.33376017519949913,0.03076072002443945,1,0.38166666666666665,1,1,1
68,27292.0,710468.0,680.6979269682857,120,4,1,9,15708.0,119,122644.12236408277,28084.86927205582,1,2,1.0,0.2222222222222222,0.3744812959966375,1.0290513436925042,0.12807788663013991,4,0.6444444444444444,1,1,1
33,53782.0,615375.0,776.7213844559066,0,6,6,2,29713.0,9,505712.40093598847,29181.101321146143,6,2,1.0,1.0,0.7835837283477565,0.5425811855480671,0.05875473875073311,0,0.22000000000000003,0,1,0
40,177929.0,991468.0,825.4249882338601,0,0,6,3,12454.0,111,307439.66210588,18745.350873551783,6,2,1.0,0.6666666666666666,0.14398986023726693,0.1053529827827492,0.04050876166950422,0,0.23333333333333334,1,1,0
30,100032.0,513149.0,769.6090488280126,15,0,0,1,24994.0,82,202386.73376577365,8251.689271551992,0,1,0.0,1.0,0.16860165894061704,0.08249049575687771,0.12349623680831805,0,0.36138888888888887,0,0,0
45,118882.0,925361.0,597.6049946044831,60,6,0,8,9926.0,6,502231.7777082471,42053.378712704136,0,5,0.0,0.625,0.3520520191648351,0.3537405049772391,0.0197637832581875,2,0.5175,0,0,1
27,161983.0,1499798.0,711.5736877430538,120,3,1,8,13316.0,144,1304632.9044390393,41867.1500816479,1,8,1.0,1.0,0.6711778933792637,0.258466321043862,0.010206702555709001,4,0.5333333333333333,0,1,0
40,133626.0,337269.0,646.1797397527221,60,4,5,3,10404.0,27,138029.47393235416,9427.686813536491,1,2,0.2,0.6666666666666666,0.0860794767562414,0.07055278773245095,0.07537520577017355,2,0.4633333333333333,1,0,0
48,146368.0,1165543.0,699.8730415190945,45,2,4,4,16422.0,106,367584.6454568735,43812.27329129445,1,2,0.25,0.5,0.2092810845818266,0.2993295890583628,0.04467542429469267,1,0.5166666666666667,1,1,0
50,133352.0,1406463.0,625.9448305956154,120,5,3,6,6700.0,153,1224389.8879991455,48480.08001854432,0,6,0.0,1.0,0.7651365608809426,0.3635497031806371,0.0054721131444077035,4,0.7500000000000001,1,1,0
50,98810.0,829160.0,560.056859070339,5,4,2,9,15099.0,165,627133.7175522434,16469.10858555893,2,6,1.0,0.6666666666666666,0.5289054056204191,0.16667451255499371,0.02407620508578727,0,0.3763888888888889,1,1,0
31,120476.0,566234.0,655.8837932910117,180,1,3,3,25199.0,113,366673.41331070743,25716.87904769454,1,1,0.3333333333333333,0.3333333333333333,0.25362825605010364,0.21346059835730385,0.06872328095041667,6,0.7499999999999999,1,0,1
59,64735.0,419418.0,730.5821887627011,15,4,4,5,4670.0,128,191769.3446864075,9248.527214504767,1,3,0.25,0.6,0.2468645821250837,0.14286749385193123,0.024352171655155092,0,0.515,0,0,1
54,162247.0,293591.0,700.1599828831668,15,0,0,2,23786.0,105,136619.998507595,14104.443090344064,0,2,0.0,1.0,0.07017078821570148,0.08693191917474015,0.17410335426608634,0,0.37916666666666665,1,0,0
57,47141.0,515892.0,708.2063501940047,180,1,4,9,25632.0,139,445216.2569038593,23511.21336029795,3,6,0.75,0.6666666666666666,0.7870294381109496,0.4987423550687925,0.05757202169177531,6,0.6541666666666666,1,0,0
43,161224.0,1132503.0,695.1445226085565,60,1,1,10,1045.0,175,228447.23077399778,24562.93027924964,1,8,1.0,0.8,0.118079623574446,0.15235281520896168,0.004574360549083721,2,0.37,1,1,0
64,160298.0,797278.0,708.3169232391998,30,5,5,8,20273.0,82,572545.3866515391,36139.45315286203,1,5,0.2,0.625,0.29764635587652327,0.2254516784542666,0.035408546593247624,1,0.5647222222222222,0,0,0
40,41049.0,371124.0,717.0658231360692,15,5,1,9,14554.0,74,222994.62733644227,15378.480868356735,0,8,0.0,0.8888888888888888,0.4527000806687176,0.3746371621320065,0.0652661464262173,0,0.5213888888888889,0,1,1
60,133047.0,836020.0,660.7722999731767,30,0,0,9,19138.0,31,732626.4222157432,45373.15036322703,0,0,0.0,0.0,0.4588769521395592,0.3410309917790483,0.026122453981552222,1,0.37722222222222224,0,0,1
30,178326.0,1223143.0,685.8023392993731,120,6,3,10,8839.0,176,695728.6132608308,53173.886134461995,1,8,0.3333333333333333,0.8,0.3251201980552615,0.2981835858734116,0.012704666491395592,4,0.7533333333333333,0,0,0
33,110690.0,69834.0,802.0280862408783,5,5,3,5,6609.0,164,25168.524315332517,2137.527824940801,3,5,1.0,1.0,0.01894820694080504,0.019310938882833147,0.26258988875139716,0,0.3763888888888889,1,1,0
46,73135.0,79861.0,689.9421720300797,5,3,3,2,8611.0,127,58692.970101487386,3178.6519374347085,0,0,0.0,0.0,0.06687742998278,0.043462800812671204,0.14671262989605943,0,0.5597222222222222,1,0,0
48,160468.0,1441130.0,682.9794447517743,15,1,6,11,4594.0,118,1281483.685178844,59770.706743562485,5,9,0.8333333333333334,0.8181818181818182,0.6654928527696301,0.37247742069174217,0.003584907130018484,0,0.30568181818181817,1,1,0
57,101034.0,1134965.0,687.201915505848,45,2,4,0,12164.0,36,942690.8534446473,50875.956216194936,0,0,0.0,0.0,0.7775359890768184,0.503552825941712,0.012903487877867952,1,0.48416666666666663,1,0,0
35,37713.0,884629.0,664.7464037178646,120,4,2,4,26190.0,163,328245.4945840144,29851.83555790271,2,2,1.0,0.5,0.7253146452240483,0.7915529275820727,0.07978784303860924,4,0.6166666666666667,0,1,1
63,58382.0,1363704.0,649.5250825395437,5,4,5,8,23359.0,10,558795.0582856898,65604.76824607841,0,3,0.0,0.375,0.7976132173810561,1.1237156700023707,0.041802445554300995,0,0.37777777777777777,0,0,0
37,128563.0,904279.0,694.6074967055802,120,2,3,9,5382.0,111,647567.8865279382,23943.201821876868,0,1,0.0,0.1111111111111111,0.41974744323012725,0.18623711193638035,0.00831109774275041,4,0.7388888888888889,0,0,0
47,91769.0,805008.0,644.5999358628594,180,0,1,8,16743.0,45,481912.2967918881,43094.98611526124,0,2,0.0,0.25,0.4376135521362407,0.4696028736856808,0.03474283622032247,6,0.675,0,0,0
66,53107.0,356633.0,669.8139549365949,30,4,0,5,2211.0,81,56601.0705572253,9777.887375329437,0,4,0.0,0.8,0.08881608601067233,0.18411673367596432,0.03906286538811339,1,0.5416666666666667,1,0,0
47,147443.0,1225463.0,624.6639705431598,180,4,0,11,1785.0,17,314204.1004882895,20222.40202855338,0,6,0.0,0.5454545454545454,0.17758506704754237,0.13715403259940032,0.00568102070350456,6,0.7165656565656565,1,1,0
54,37533.0,1159231.0,687.5608263174022,180,1,1,2,18768.0,24,248213.42905552385,26668.56908933094,1,0,1.0,0.0,0.5511004295231837,0.7105365702003821,0.07561234729085392,6,0.5366666666666666,0,1,1
65,53488.0,478619.0,720.8936460923219,120,4,5,1,9075.0,67,135950.0696759986,24934.90928382869,2,0,0.4,0.0,0.21180774141863376,0.46617763393338113,0.06675244831891508,4,0.7055555555555555,0,0,0
68,93428.0,1119033.0,665.165959806236,30,3,3,7,21130.0,71,423758.00960946723,52149.23764578619,3,0,1.0,0.0,0.37797199412869376,0.5581756822985207,0.049863364280649886,1,0.4161111111111111,1,1,0
45,24402.0,1104294.0,539.413509417748,15,3,3,3,4677.0,158,966698.5926443534,35972.19496966762,1,1,0.3333333333333333,0.3333333333333333,3.3012956337060944,1.4741494537196793,0.004838116074221553,0,0.49583333333333335,0,0,1
41,80757.0,187979.0,721.326008083883,120,0,2,5,3588.0,107,123568.37168105609,9625.692492566017,1,5,0.5,1.0,0.1275104858619646,0.11919328965372682,0.029036556452010493,4,0.5083333333333333,1,0,0
30,165412.0,282590.0,688.4128689931832,30,2,1,5,21451.0,5,53994.74431349337,7026.691348289399,1,4,1.0,0.8,0.027202149941506347,0.042479937055893154,0.39727940696330627,1,0.1561111111111111,1,1,1
47,170470.0,912741.0,610.4737984990578,0,2,5,3,6205.0,167,552686.4426349695,22218.242401658415,0,3,0.0,1.0,0.2701777647264277,0.13033520503113988,0.01122698065546397,0,0.41666666666666663,1,0,0
65,159256.0,954201.0,734.1289169626291,90,5,0,11,1744.0,109,455629.2818117631,19235.100660356482,0,1,0.0,0.09090909090909091,0.23841554991740924,0.12078101082757624,0.0038276732194760677,3,0.7825757575757577,0,0,0
44,70484.0,1004380.0,582.1102359498907,30,5,4,4,23662.0,149,718663.7522494845,32840.50607160043,0,3,0.0,0.75,0.8496771752566593,0.46592852380115246,0.03292499437453988,1,0.6000000000000001,1,0,0
38,28509.0,591171.0,753.1785330727128,180,6,6,8,21161.0,166,480590.12435236125,21025.010951552642,2,2,0.3333333333333333,0.25,1.404790663627747,0.7374867919447418,0.04403128347365932,6,0.925,1,1,0
26,150014.0,1261573.0,675.9843366246951,120,3,6,1,27887.0,92,250939.38396591062,26247.843046621427,5,0,0.8333333333333334,0.0,0.13939775841249852,0.17496928984375743,0.11113042344835104,4,0.6583333333333333,0,0,1
40,78477.0,696195.0,521.1794447235868,0,2,2,11,17970.0,32,616097.3395578116,13634.435928253533,0,11,0.0,1.0,0.6542228291493172,0.17373798601187015,0.029167468914729475,0,0.2877777777777778,0,1,1
32,139309.0,348832.0,692.4830711084267,180,3,5,11,14294.0,80,67474.20461327459,10680.564485454812,4,9,0.8,0.8181818181818182,0.04036243447616126,0.0766681584495963,0.2118439199383739,6,0.675959595959596,1,1,0
68,37305.0,216921.0,651.5665342336345,180,5,1,0,20112.0,123,151688.51942714525,5272.211724522281,1,0,1.0,0.0,0.3388476062796436,0.141327214167599,0.13258748965283182,6,0.8166666666666665,1,0,1
46,126203.0,1322570.0,641.0205495723804,90,4,1,7,23760.0,5,1094226.95008979,50218.72348061627,0,5,0.0,0.7142857142857143,0.7225309950963856,0.397920203803525,0.02171395979421847,3,0.498015873015873,1,1,1
27,112994.0,1075374.0,628.3591966980647,15,4,2,7,18875.0,170,767590.5417628392,38684.86723688239,0,7,0.0,1.0,0.5660997794594103,0.3423621363690319,0.024589933008621893,0,0.5125000000000001,1,0,0
24,167104.0,719147.0,671.0948946398089,90,3,0,2,9582.0,63,189201.8593816855,15461.186003821082,0,1,0.0,0.5,0.09435334650960156,0.09252433217529851,0.05064432258390123,3,0.6150000000000001,1,0,0
62,34512.0,353483.0,646.0367923183001,120,4,1,9,26693.0,118,108163.8699330934,5489.972888526183,1,0,1.0,0.0,0.2611745429925181,0.15907431874496358,0.2467829601188586,4,0.6666666666666666,1,0,1
66,84083.0,189959.0,550.031682976813,120,6,5,9,21097.0,176,34360.601126513924,7748.728984787466,2,9,0.4,1.0,0.03405424910159597,0.09215571500526226,0.6139880941640676,4,0.7233333333333333,0,0,1
58,178370.0,271536.0,769.0447520674044,30,4,5,10,26319.0,155,67423.4588092384,12467.689464257403,0,1,0.0,0.1,0.03149981256621928,0.0698979058376263,0.3903537502349814,1,0.6316666666666666,0,0,0
27,81126.0,203150.0,662.8949640826736,90,2,2,7,16716.0,133,39769.12441902908,7014.954024482882,2,2,1.0,0.2857142857142857,0.0408511907598767,0.08646986199840843,0.4203260756729555,3,0.513095238095238,1,0,1
25,124602.0,817645.0,628.7645488885216,30,5,2,8,13497.0,53,155539.84831841438,31086.893732946846,2,8,1.0,1.0,0.10402444604849466,0.24948952450961337,0.08677519070463237,1,0.3427777777777778,1,0,0
30,44073.0,336816.0,601.0103422218268,15,6,2,8,25296.0,94,192518.60262327865,18009.03187889015,1,7,0.5,0.875,0.36401463220732017,0.4086182442513591,0.13139509457950585,0,0.5166666666666666,1,1,1
57,136001.0,235326.0,733.9512447217045,90,5,0,9,18348.0,90,48836.05962385157,10756.31739664524,0,0,0.0,0.0,0.029923836113859195,0.0790899875489536,0.375705987365099,3,0.7916666666666667,1,0,1
58,62673.0,459988.0,589.1097621632432,45,6,1,7,23277.0,155,215640.64066967633,13041.761388116469,0,6,0.0,0.8571428571428571,0.2867271933550284,0.20809218304718888,0.10794347451256317,1,0.6517857142857142,0,0,0
62,110699.0,1064145.0,689.3791111300577,15,1,6,8,26698.0,7,726009.9818186463,52155.94598929496,6,6,1.0,0.75,0.5465345831328243,0.4711510130109121,0.03677359908072039,0,0.10305555555555557,1,1,1
25,160523.0,769788.0,639.1445698688493,60,2,4,0,8524.0,4,124206.11582127018,28435.72973567259,1,0,0.25,0.0,0.06447991659620438,0.17714427051371198,0.06862786058188829,2,0.4047222222222222,1,0,1
28,125090.0,272885.0,643.2206237606367,15,1,4,7,5790.0,21,171687.83521900704,9790.398178221487,1,0,0.25,0.0,0.11437620594439141,0.07826683330579172,0.033723996767821125,0,0.32166666666666666,1,0,0
65,94849.0,1135689.0,602.750832831687,60,2,1,2,4483.0,172,815297.3909993515,48465.388289138515,1,1,1.0,0.5,0.7163117086099585,0.510974161974702,0.0054986070720831805,2,0.4333333333333333,0,1,1
66,48788.0,759865.0,636.5776397234838,30,5,5,4,17997.0,97,419827.3658841058,24451.999141803826,3,1,0.6,0.25,0.7170946508091228,0.5011887993318813,0.04286762003258289,1,0.56,0,0,0
56,73299.0,320752.0,680.6168674054801,120,4,1,9,24229.0,125,162523.05267330856,16111.662100900732,1,5,1.0,0.5555555555555556,0.1847717939231874,0.21980739301901434,0.14908038952912905,4,0.611111111111111,0,1,1
26,155582.0,1052272.0,696.4718558444295,120,0,6,1,29286.0,17,734623.3331628391,22825.228879769373,6,0,1.0,0.0,0.3934813223695752,0.1467086737525509,0.03986532781896865,4,0.37111111111111106,1,1,0
24,53010.0,1489345.0,625.0085263101915,45,5,3,9,983.0,2,815117.7238043495,47475.153086529615,3,0,1.0,0.0,1.2813898695283115,0.8955886264201022,0.001205960772650242,1,0.3586111111111111,0,0,1
23,124321.0,833342.0,673.6345918293811,90,1,2,3,49.0,117,443306.5091138954,14662.273632949722,1,2,0.5,0.6666666666666666,0.2971518013274074,0.11793883280338577,0.00011053300367265935,3,0.5166666666666667,1,0,1
54,96563.0,284206.0,742.1918101679296,5,1,5,9,20371.0,126,213541.66887123956,12282.181574974336,4,7,0.8,0.7777777777777778,0.18428527565012787,0.12719345479090682,0.09539590145417108,0,0.29527777777777775,1,1,1
62,69981.0,498872.0,563.6160010135649,180,3,2,9,8086.0,76,388205.2635968785,12876.788793043785,1,1,0.5,0.1111111111111111,0.46227459786332303,0.18400406957665344,0.020829186923123983,6,0.7827777777777777,0,0,0
51,134099.0,919098.0,679.5611718485699,5,1,1,0,14277.0,14,391824.0531420956,29426.74862668134,1,0,1.0,0.0,0.24349178165764077,0.2194404777565928,0.0364372730196388,0,0.1741666666666667,1,1,1
33,76666.0,1499115.0,613.4451238218479,120,6,4,2,2361.0,88,692005.4555141957,75637.08014827457,4,1,1.0,0.5,0.7521863837013754,0.9865791895791429,0.0034118228132257356,4,0.678888888888889,0,0,0
58,64444.0,1396963.0,606.3121079518428,120,1,5,9,2258.0,115,1048518.7591650767,31363.805200553652,4,4,0.8,0.4444444444444444,1.3558525737656941,0.48668309230577944,0.0021535141648758092,4,0.5522222222222222,0,0,0
23,103738.0,1403161.0,698.270805909867,5,1,4,4,15842.0,38,783877.3892856012,21173.78527003832,2,4,0.5,1.0,0.6296932249879514,0.20410828500682796,0.020209793287235715,0,0.2025,1,0,0
61,140750.0,1257135.0,641.8323971932708,0,5,3,5,20656.0,54,836133.1449258382,47928.0104082117,3,3,1.0,0.6,0.49504626697799775,0.3405187240370281,0.024704199475111238,0,0.32666666666666666,0,1,1
64,157990.0,883490.0,594.823781163543,90,2,2,0,26587.0,134,182335.79484558283,28715.02377649109,2,0,1.0,0.0,0.09617475517732284,0.18175216011450782,0.14581338799941115,3,0.5416666666666666,0,1,1
56,120025.0,989439.0,772.6998234448992,120,5,2,8,14486.0,38,219187.01272506858,17016.796475392723,0,4,0.0,0.5,0.15218149880238047,0.1417771003990229,0.06608968213901492,4,0.6844444444444445,1,0,0
64,125241.0,1114216.0,744.4062660032281,90,4,6,1,19366.0,17,611538.6580584348,29916.506789974104,6,0,1.0,0.0,0.40690792023540934,0.23887151004841947,0.03166766277946325,3,0.4461111111111111,0,1,1
49,145585.0,1087464.0,544.7385830548582,0,1,2,3,25803.0,113,831279.9466155333,26712.727654361257,1,3,0.5,1.0,0.47582737840181183,0.18348543912052243,0.031040084757312063,0,0.30833333333333335,1,1,0
43,61617.0,976149.0,576.7900310398552,60,4,6,5,12955.0,4,378166.5355873656,24818.32015428242,1,3,0.16666666666666666,0.6,0.5114477817098171,0.4027836498739377,0.03425739398087772,2,0.42388888888888887,1,0,0
36,58647.0,244598.0,721.5419949923078,30,3,1,9,6258.0,78,212916.24777362394,11394.963584632955,0,1,0.0,0.1111111111111111,0.3025392713660033,0.1942974676391453,0.029391838647530595,1,0.5705555555555556,0,0,0
66,96405.0,1325646.0,660.0588316873772,180,0,1,5,24762.0,102,954788.570694386,36044.30436004287,1,0,1.0,0.0,0.825327672055725,0.3738841798666342,0.025934537509169617,6,0.65,0,1,1
55,120226.0,64011.0,785.040225104847,120,5,2,11,68.0,11,47130.25879575954,2213.824283993362,1,2,0.5,0.18181818181818182,0.032667821987866975,0.018413856270634986,0.0014428098155514091,4,0.5812626262626263,0,1,0
30,122651.0,667638.0,723.1435478978707,120,6,0,6,8278.0,117,517770.2642645795,17105.421923014244,0,3,0.0,0.5,0.35179103327366507,0.13946418637446287,0.015987785648057147,4,0.8333333333333334,0,0,0
67,42905.0,679515.0,700.9625866697799,30,6,6,3,3914.0,148,231623.66148488244,36028.97726402608,4,3,0.6666666666666666,1.0,0.4498769791494434,0.8397384282490638,0.016898100888779268,1,0.5083333333333334,1,1,1
23,144458.0,1494264.0,608.4696115722194,15,0,2,2,19304.0,175,594334.8389201822,68689.15348465959,1,1,0.5,0.5,0.342853308528074,0.47549566991554354,0.03248000745686134,0,0.3541666666666667,0,0,0
49,76935.0,179802.0,714.400820640513,120,1,0,9,8088.0,47,42941.00513121517,5741.312416808033,0,0,0.0,0.0,0.046512212832494064,0.07462549446686206,0.18835143647162972,4,0.6211111111111111,1,0,0
30,160121.0,739904.0,590.6965231674674,5,5,4,5,10328.0,58,322055.69566022285,32614.476266951686,4,1,1.0,0.2,0.16761058598404896,0.20368643879910622,0.032068987256466064,0,0.38527777777777783,1,1,0
53,135346.0,568741.0,771.3671173387048,0,2,6,7,19567.0,111,100595.56535267826,15693.27536321271,0,1,0.0,0.14285714285714285,0.06193728502792735,0.11594931038385109,0.1945115565621606,0,0.5023809523809524,0,0,1
41,177236.0,191667.0,709.5497012312769,0,4,6,4,8886.0,107,136776.56479827908,3505.4352394682687,4,0,0.6666666666666666,0.0,0.06430999947258603,0.019778347736736715,0.06496726989090022,0,0.4833333333333334,0,0,1
42,120330.0,374427.0,622.2618596269685,45,2,0,3,10879.0,109,281538.34098343336,12064.370487162289,0,0,0.0,0.0,0.19497655127803634,0.10026070379092736,0.03864127337682989,1,0.6041666666666666,1,0,0
53,103454.0,662017.0,736.327419969262,0,1,5,7,14975.0,56,205368.83295682605,24880.859116584877,2,0,0.4,0.0,0.16542685070725963,0.24050166370159565,0.07291758824547706,0,0.3477777777777778,0,0,0
58,48433.0,1378702.0,836.9067422395435,60,4,2,3,3547.0,10,713373.8831262093,39946.76924481015,2,2,1.0,0.6666666666666666,1.2274239380969747,0.8247841191916699,0.004972147262324809,2,0.3055555555555555,1,0,1
39,82583.0,612912.0,664.7668030133384,5,1,5,11,28055.0,4,400841.1285620214,19037.98786353508,5,8,1.0,0.7272727272727273,0.4044830943434902,0.23053156053346427,0.06999032285096239,0,0.07921717171717171,1,1,0
69,157051.0,1326081.0,718.5289232783905,180,0,4,8,29447.0,179,937413.818124968,57786.83456601311,1,7,0.25,0.875,0.4974041437308942,0.3679494849826687,0.031413021048591346,6,0.675,0,1,1
45,79888.0,1113956.0,649.7719476216299,30,3,5,9,21390.0,73,977027.1267872378,56608.89935717876,5,1,1.0,0.1111111111111111,1.019163419190239,0.7086032865659267,0.02189294382269285,1,0.4094444444444445,1,0,0
28,26642.0,1237467.0,685.9746552332841,0,1,5,3,3246.0,80,371846.42380522075,62819.073906293386,3,3,0.6,1.0,1.1630959381340888,2.3578963255871703,0.008729410294665918,0,0.2711111111111111,0,0,1
21,57711.0,1287924.0,574.4935807977987,90,1,6,0,14172.0,112,431509.83256820636,48976.7521442153,0,0,0.0,0.0,0.6230900991841624,0.8486554061481398,0.0328428205578836,3,0.6583333333333333,1,0,0
30,114424.0,1085219.0,679.9629340545895,30,5,1,0,10653.0,36,857767.2406776336,43603.68084187358,1,0,1.0,0.0,0.6246993933947668,0.3810711113216946,0.012419453080982856,1,0.405,1,1,1
54,119915.0,1113469.0,683.0504130881428,15,3,5,10,4990.0,68,248203.27716108278,40432.78807262439,3,4,0.6,0.4,0.17248556419205463,0.33717873554287947,0.020104488776598678,0,0.4002777777777778,1,1,1
47,177378.0,273404.0,805.9298443791324,60,3,0,10,26298.0,78,202158.1156094705,8160.953218201386,0,1,0.0,0.1,0.09497519215529852,0.04600882419579309,0.13008629369499336,2,0.63,0,0,0
37,169284.0,1089721.0,554.3497821107655,180,1,6,8,12450.0,17,272436.28846819996,48521.33988501668,6,1,1.0,0.125,0.13411204862253173,0.28662685123825454,0.0456987579371359,6,0.5086111111111111,1,0,0
44,104103.0,120132.0,660.3381578624554,180,1,4,7,19578.0,108,59868.14668773437,2336.5447370165202,2,2,0.5,0.2857142857142857,0.04792380838187049,0.022444547582841225,0.32701864151761173,6,0.7297619047619046,0,1,0
62,107831.0,1119231.0,770.1682052481725,30,2,1,2,20734.0,34,665027.3220265663,56812.79997998623,0,0,0.0,0.0,0.5139425907411955,0.5268688965138618,0.03117766641048129,1,0.4505555555555555,1,0,1
49,147708.0,998137.0,663.0759952940871,120,2,2,9,9593.0,0,724555.8156225218,26299.69099012005,0,3,0.0,0.3333333333333333,0.4087771231204594,0.17805190639721646,0.013239835763043202,4,0.5166666666666666,1,1,0
23,25880.0,1147553.0,668.0060926910502,5,3,6,6,10459.0,111,270704.6013774516,27257.695653924588,0,4,0.0,0.6666666666666666,0.8716660271041075,1.053233989718879,0.03863621063986533,0,0.4930555555555556,1,1,0
23,114419.0,981274.0,621.6718682582479,120,0,4,7,29110.0,54,753661.1851796982,25473.645672723072,3,7,0.75,1.0,0.5489044543736167,0.22263475185697368,0.03862478335415297,4,0.39083333333333325,0,0,1
44,94788.0,584596.0,614.7176233816069,180,6,1,0,24737.0,129,460613.80340874323,27749.998924623316,1,0,1.0,0.0,0.4049508758217841,0.29275856568999575,0.05370442617423837,6,0.85,0,1,1
40,144860.0,585665.0,552.1902363916794,45,2,5,6,15032.0,96,436393.39995020983,15084.259161653325,3,0,0.6,0.0,0.2510431910984225,0.10412991275475166,0.03444598383411635,1,0.5141666666666667,0,1,1
62,147657.0,914418.0,635.9549326649092,45,5,5,8,16007.0,5,779983.4081021234,36011.192116735525,3,5,0.6,0.625,0.4402000402408529,0.24388408349577415,0.020522231413804895,1,0.36277777777777775,1,0,1
49,124206.0,735395.0,610.7451461421514,60,2,0,9,243.0,125,591381.7580893266,21125.185270849153,0,2,0.0,0.2222222222222222,0.39677481904344836,0.17008184202735097,0.0004109020893459746,2,0.6111111111111112,0,0,0
58,124479.0,543829.0,688.2627183559952,0,3,1,1,6127.0,7,394811.17621205334,22436.29003073543,0,0,0.0,0.0,0.26430909109973927,0.180241567097546,0.01551881093839447,0,0.3655555555555555,1,1,1
49,129963.0,759266.0,624.8632258303388,120,0,5,0,184.0,56,443792.39282845095,29357.066702163054,0,0,0.0,0.0,0.2845632941865832,0.2258878811828217,0.0004146082784954939,4,0.6077777777777778,0,0,0
37,111981.0,828057.0,646.4286310466046,90,4,2,10,24178.0,123,626398.9819569533,45469.15713689594,1,7,0.5,0.7,0.46614975007438264,0.4060434996731226,0.03859840245024781,3,0.6133333333333333,0,1,1
53,54905.0,397895.0,648.3456224859638,120,0,0,3,28230.0,72,350744.3042413653,10917.538346842193,0,1,0.0,0.3333333333333333,0.5323502781188193,0.19884415530174288,0.08048598269060836,4,0.61,0,0,0
51,64092.0,975398.0,676.628437239674,5,5,4,5,4865.0,69,612539.6404738631,28279.026507215145,2,2,0.5,0.4,0.7964327847389471,0.4412255274794849,0.0079423431212328,0,0.46472222222222226,0,0,0
56,138174.0,505541.0,643.0034420516612,120,6,6,7,8435.0,39,167816.27749340475,11602.52086093486,2,2,0.3333333333333333,0.2857142857142857,0.10121071830530391,0.08397036244832501,0.05026330059270621,4,0.6914285714285714,0,0,1
30,118175.0,438228.0,605.6749737044007,30,2,3,5,10567.0,79,147193.94991199262,14705.322018484443,3,2,1.0,0.4,0.10379659397221114,0.12443682689642008,0.07178963541856181,1,0.3605555555555556,0,1,0
52,56541.0,656664.0,686.0036510763487,120,6,6,11,24361.0,52,490521.7250765387,31844.53224592982,2,8,0.3333333333333333,0.7272727272727273,0.7229587453890962,0.5632113377182897,0.049663447620385874,4,0.6761616161616161,1,0,1
34,160213.0,199761.0,754.7238251385228,180,4,0,10,12217.0,170,178204.28454430812,4682.382143795415,0,3,0.0,0.3,0.09269133619218796,0.029225981311100938,0.06855615189747251,6,0.9033333333333333,0,0,0
59,176863.0,924609.0,688.9926337053543,120,0,4,4,1306.0,123,284533.51124284836,49426.26217594727,4,2,1.0,0.5,0.13406493125698438,0.2794607248319166,0.004589969013826753,4,0.48333333333333334,1,1,1
60,119425.0,1113411.0,637.3125693232964,180,1,4,2,17575.0,163,977088.8791054958,17287.143535746116,1,2,0.25,1.0,0.6818009065002413,0.1447531382520085,0.017987104731034848,6,0.6958333333333333,0,1,1
51,54901.0,1435937.0,671.3797516434463,5,4,6,11,4407.0,60,504325.2907493047,67784.76908483826,2,7,0.3333333333333333,0.6363636363636364,0.7655071412623096,1.2346727579613899,0.008738407692091487,0,0.41275252525252526,0,0,1
67,170001.0,461230.0,536.4557060750423,15,4,3,8,19354.0,171,211982.32130507095,19678.391635567885,1,6,0.3333333333333333,0.75,0.10391229135175231,0.11575456400590517,0.09130006634915089,0,0.48750000000000004,0,0,0
47,56342.0,830802.0,670.2418075322795,15,0,5,9,25703.0,50,690491.9693892144,42545.485868210795,4,4,0.8,0.4444444444444444,1.021280704431884,0.7551291375565439,0.037224183827562825,0,0.22583333333333333,1,1,1
22,88059.0,780152.0,651.9751941636669,45,4,1,5,2029.0,55,679793.9102581063,27986.002978235243,0,2,0.0,0.4,0.6433129211268451,0.31780968416896904,0.0029847281203646304,1,0.5530555555555556,0,0,1
50,157105.0,1110187.0,614.6577749395442,180,5,0,5,29822.0,53,638597.1114430549,46892.71648190438,0,0,0.0,0.0,0.3387315868596665,0.298480102364052,0.046699240359246906,6,0.8844444444444444,0,0,0
59,102349.0,956030.0,627.3531153367622,90,0,5,2,19894.0,106,824640.743640108,16230.485441048968,2,2,0.4,1.0,0.6714287581706612,0.15857981456632667,0.024124444679005812,3,0.46499999999999997,0,0,1
25,57363.0,1220151.0,651.2835848922248,45,6,0,5,1557.0,110,953931.5108405008,37549.18041057681,0,4,0.0,0.8,1.38581128201178,0.6545888536264981,0.0016321926493738956,1,0.6575,1,0,0
26,30976.0,1283426.0,749.4720793204543,120,3,6,6,6600.0,11,1026479.8146166473,58816.82397147452,0,3,0.0,0.5,2.761492269866583,1.8987869308972922,0.006429741633511672,4,0.5577777777777778,1,0,1
34,76466.0,214586.0,756.4442291746064,5,4,0,1,5029.0,100,171923.35309365077,4154.227765910483,0,1,0.0,1.0,0.18736361377785637,0.05432777660542572,0.02925140715037464,0,0.4930555555555556,1,0,0
62,126878.0,564821.0,615.0312386909533,60,0,4,7,26509.0,171,248344.2288122453,26148.8943414677,1,5,0.25,0.7142857142857143,0.1631122211969013,0.20609478665700673,0.10674296772179673,2,0.4577380952380952,0,1,1
46,133771.0,997030.0,643.7345838729625,45,4,3,7,21687.0,73,172485.7431559051,27249.7598817518,0,1,0.0,0.14285714285714285,0.10745088195243183,0.2037045389639892,0.12573213068628936,1,0.6187698412698414,1,0,0
68,54116.0,838449.0,645.5187029897995,5,3,4,10,11188.0,125,229306.7463323833,24415.269583173646,3,2,0.75,0.2,0.3531099033132273,0.4511654516810859,0.048790540090708184,0,0.4272222222222222,1,1,1
63,43717.0,749060.0,736.6681860885087,60,2,4,0,15885.0,113,154194.95658974827,30632.804443462504,4,0,1.0,0.0,0.2939263836908378,0.7007069204991766,0.10301893363648525,2,0.4833333333333333,0,1,1
48,131635.0,301084.0,690.1854586842131,120,5,3,2,10451.0,176,99899.26371744614,5457.616860081404,1,1,0.3333333333333333,0.5,0.0632425923433776,0.041460226080308464,0.10461538565048369,4,0.7500000000000001,1,0,0
54,43769.0,880024.0,686.4952903848729,120,1,3,5,12178.0,115,168498.57114568088,35187.79839811191,3,0,1.0,0.0,0.32081033597919545,0.8039433936830156,0.07227360990183779,4,0.5666666666666667,1,1,0
37,28409.0,1123840.0,717.5383829394833,120,0,3,10,19143.0,84,402003.8083788504,57932.779838119044,1,9,0.3333333333333333,0.9,1.179214944732451,2.039240375870993,0.047618951863161306,4,0.53,1,0,1
25,96790.0,105704.0,638.2510614112348,120,3,4,2,5834.0,2,62547.17680709518,1982.0103687438946,4,1,1.0,0.5,0.053851273209263334,0.020477429163590192,0.09327359439408314,4,0.3877777777777777,1,1,0
40,110487.0,907778.0,775.472060204784,45,5,4,11,22790.0,144,232204.98561775565,22803.28514138996,1,7,0.25,0.6363636363636364,0.17513748647484595,0.20638885245675925,0.09814604083271394,1,0.603030303030303,1,0,0
50,57478.0,1364012.0,679.877873980586,0,0,3,11,28363.0,61,527609.5393203483,21206.64859643657,3,6,1.0,0.5454545454545454,0.7649441805565438,0.36895244435151836,0.053757557220319434,0,0.18101010101010104,1,1,1
29,52217.0,881909.0,620.086128766566,180,6,2,1,29220.0,166,280537.02239155176,31501.436615543793,0,1,0.0,1.0,0.44771023228634316,0.6032793269537468,0.10415737556099457,6,0.9,1,0,0
31,56176.0,1431537.0,663.9251829341512,45,4,0,4,5168.0,43,316837.2953652919,63328.91786805197,0,1,0.0,0.25,0.4700069059225943,1.1273304946605662,0.016311211071416473,1,0.5413888888888889,0,0,1
21,73537.0,561234.0,766.234982694551,60,6,5,3,12352.0,78,368772.23635050544,29215.55691498503,2,2,0.4,0.6666666666666666,0.4178987407138645,0.39729057365659504,0.033494929342402675,2,0.6133333333333333,0,0,0
56,19496.0,55048.0,650.240050481136,0,3,1,5,7957.0,149,45126.685414665684,1636.0917483365627,0,1,0.0,0.2,0.19288864987119445,0.08391935516703748,0.17632582421872406,0,0.53,0,0,1
65,19904.0,1038992.0,746.4690459331382,120,0,3,11,19048.0,27,713781.9947330045,21766.93423284678,0,3,0.0,0.2727272727272727,2.988436138184136,1.0935959723094242,0.026686019177501175,4,0.5160606060606061,0,0,0
61,78012.0,358547.0,636.2257945059935,120,1,6,4,9728.0,49,237774.28030045738,5795.332351018664,6,0,1.0,0.0,0.2539932748599119,0.0742877038278555,0.04091275131905546,4,0.4755555555555555,0,1,0
39,21224.0,64040.0,626.4035412255886,180,3,5,7,11839.0,142,56820.36638458512,1793.1359209939878,1,1,0.2,0.14285714285714285,0.22309793309690726,0.08448623826771522,0.20835838895983994,6,0.8557142857142856,1,0,0
50,69556.0,311281.0,726.1718187416004,5,4,2,1,4157.0,57,217416.1841961772,11047.086427970986,1,0,0.5,0.0,0.2604809843821012,0.15882291143784844,0.01912001176623121,0,0.44472222222222224,0,0,1
68,112107.0,1404341.0,618.8219207547982,120,5,3,6,16798.0,172,260262.2471914295,71664.83585690492,0,3,0.0,0.5,0.1934626793981267,0.6392538900952208,0.06454259187136213,4,0.8000000000000002,0,0,0
49,23047.0,1182891.0,737.5778175113187,60,5,2,4,16086.0,96,371054.97162856086,27984.90775279621,2,0,1.0,0.0,1.341660417221912,1.214253818405702,0.04335206702499773,2,0.5833333333333334,0,0,1
35,118087.0,448772.0,704.6138199316345,5,5,4,11,16547.0,148,281872.1618825814,20756.586812879435,0,2,0.0,0.18181818181818182,0.19891560310236056,0.17577368222479559,0.05870391701502233,0,0.6082070707070707,1,0,1
37,118639.0,917216.0,618.8484245872686,60,4,1,9,10239.0,98,577188.668835717,31402.535180413273,0,4,0.0,0.4444444444444444,0.4054236443017031,0.26468981684280274,0.017739433486547336,2,0.6555555555555556,0,0,1
56,110880.0,542040.0,674.9990079203966,45,0,6,2,22675.0,8,419782.23453283287,26940.147201402862,6,2,1.0,1.0,0.3154929011339833,0.2429666955393476,0.05401610200401774,1,0.10527777777777778,1,1,0
42,119518.0,307133.0,641.5857996608324,60,3,6,7,18235.0,145,82657.50950400875,15210.026544367292,6,0,1.0,0.0,0.05763253896484821,0.1272613877772996,0.22060911476065745,2,0.5166666666666667,1,0,0
62,149096.0,1483155.0,704.4283589668341,0,5,2,4,5295.0,75,1313945.7144491638,73131.08594040132,0,3,0.0,0.75,0.7343958000489414,0.49049663264206494,0.004029846851184248,0,0.5083333333333334,1,0,1
63,29469.0,1230257.0,812.1458771468793,60,5,1,5,11035.0,69,660916.491000034,38204.16589746885,1,3,1.0,0.6,1.8689597288677198,1.296418809510633,0.016696511813925115,2,0.4766666666666667,0,0,1
22,45350.0,577049.0,654.0506777978804,90,5,3,5,19820.0,132,484899.66172292444,16646.927772277693,2,0,0.6666666666666666,0.0,0.8910320869586998,0.3670766873710627,0.0408744356091659,3,0.6916666666666668,0,0,0
56,69360.0,562538.0,717.3643391700955,90,0,4,9,3492.0,50,307712.3747874262,13102.379348320848,4,0,1.0,0.0,0.3697044103078458,0.18890396984314947,0.011348259888515509,3,0.38611111111111107,0,0,1
39,129474.0,1232608.0,681.7108449167262,90,3,4,3,10566.0,77,357685.7119676488,29751.657755502027,1,3,0.25,1.0,0.2302172070374804,0.22978866610672433,0.029539899544423653,3,0.5586111111111112,1,1,0
46,159394.0,718242.0,681.6840392144226,60,4,0,0,26177.0,109,296823.64887274837,28477.69960391891,0,0,0.0,0.0,0.15518340761088265,0.1786623060085004,0.08819041238598335,2,0.7,0,0,0
33,166823.0,596580.0,668.4356415487933,90,1,4,2,13252.0,106,188444.55224255368,31903.69472788815,1,1,0.25,0.5,0.09413397844949122,0.1912427826372152,0.07032307297980618,3,0.5708333333333333,0,1,0
39,112311.0,611594.0,619.9807787553913,0,2,0,9,15289.0,131,212938.15332108174,23997.942024541295,0,9,0.0,1.0,0.15799740105679894,0.21367401255924437,0.07180019062599022,0,0.41666666666666663,0,0,0
37,84438.0,697873.0,703.4597964497718,120,0,2,3,20443.0,14,570698.4735331283,21977.90454362476,0,2,0.0,0.6666666666666666,0.5632322666069861,0.26028452288809256,0.035821017486589286,4,0.4477777777777777,1,1,1
23,84739.0,806001.0,659.7880775056428,30,1,5,0,9655.0,178,349035.4647140858,19905.710173590145,3,0,0.6,0.0,0.34324559796756887,0.23490612555718318,0.02766194549287117,1,0.45166666666666666,1,1,1
59,27691.0,108108.0,616.6639941382891,45,0,6,4,24793.0,109,31027.343682057362,4440.944718930773,4,0,0.6666666666666666,0.0,0.09337373058050559,0.16037502144851298,0.799069371005724,1,0.4375,1,0,1
28,93346.0,746206.0,750.9921283573809,45,6,4,10,490.0,111,315948.65832782415,17489.438586006076,0,8,0.0,0.8,0.28205873696411216,0.18736141437240028,0.001550884889315094,1,0.6575,0,0,0
39,101080.0,687954.0,686.930673589164,180,6,1,10,14179.0,158,421676.7504588938,12888.847500050533,0,5,0.0,0.5,0.34764275034534836,0.12751135239464317,0.03362528283707737,6,0.9500000000000001,0,0,0
30,51741.0,448146.0,664.0330729859733,15,2,4,11,17935.0,88,134741.63338283438,8398.972885451765,0,4,0.0,0.36363636363636365,0.2170129964355063,0.16232722377711611,0.1331065948194514,0,0.5050252525252525,1,0,1
28,142408.0,565321.0,773.8039630322409,30,0,0,8,7171.0,5,106413.64389162739,27711.11668976159,0,1,0.0,0.125,0.062270403752848265,0.1945896065513285,0.06738797524218802,1,0.30694444444444446,1,0,1
39,149524.0,665606.0,551.4742925126901,90,2,1,9,23475.0,23,535207.1451869104,20161.355289065785,0,4,0.0,0.4444444444444444,0.2982838569877915,0.13483691774608614,0.04386152205012477,3,0.4983333333333333,1,0,1
66,66927.0,580802.0,769.0974562610362,60,3,0,9,2383.0,170,191325.03147674727,30558.08645420945,0,9,0.0,1.0,0.2382260167505233,0.45658831942578404,0.012455244259503067,2,0.5666666666666667,0,0,0
67,166068.0,1367088.0,618.3868435604647,15,1,6,0,19501.0,177,1165131.0254863235,47669.90903895228,4,0,0.6666666666666666,0.0,0.5846656316922001,0.2870505397725768,0.016737173393747987,0,0.4125,1,0,1
39,35350.0,816351.0,694.8072777590863,30,4,2,5,19001.0,15,151317.21732534407,34825.73232158004,0,1,0.0,0.2,0.35671196917808595,0.9851692311620945,0.1255706411726191,1,0.455,0,0,1
45,165527.0,779196.0,638.8355372115502,120,6,3,6,23631.0,123,497227.2975214002,37462.23872986563,3,3,1.0,0.5,0.250325373665827,0.22632101548306702,0.04752554841175618,4,0.6833333333333333,0,1,1
69,142429.0,431258.0,615.3899271683304,120,5,5,5,6211.0,118,279857.07170526136,21554.088070744554,3,0,0.6,0.0,0.16374068934068983,0.15133215897566193,0.022193471696656905,4,0.7600000000000001,0,0,0
32,54277.0,1378760.0,771.9720568177904,5,5,6,9,4649.0,29,368158.0701024283,29646.068596901237,1,7,0.16666666666666666,0.7777777777777778,0.5652456689795375,0.5461994693314155,0.012627728080784873,0,0.38805555555555554,1,1,1
67,123326.0,83620.0,809.9351597176699,30,5,6,11,17414.0,141,54263.02813495803,1979.0292465536556,6,10,1.0,0.9090909090909091,0.036666388362928355,0.016047137234270595,0.3209183231847934,1,0.43409090909090914,1,1,0
26,68339.0,847684.0,664.5142044544245,90,0,1,6,29151.0,82,373598.2291374637,17804.472600145546,1,6,1.0,1.0,0.45556981754862247,0.26053165249923976,0.07802767177805338,3,0.3572222222222222,0,1,1
32,147556.0,294765.0,703.4832291536006,5,3,2,1,23548.0,41,128613.84884314913,9674.783792701435,2,1,1.0,1.0,0.07263561452552993,0.06556686134553279,0.18309070299822794,0,0.20083333333333334,1,1,1
37,44020.0,1164785.0,683.989387616375,5,3,2,4,6339.0,100,941273.9741600465,24695.051403006306,2,3,1.0,0.75,1.781905902923002,0.5609961699910565,0.006734489823387137,0,0.33472222222222225,1,1,0
22,57675.0,598500.0,801.1354786146999,5,0,5,2,12236.0,162,517290.0837882282,24559.217077840538,3,1,0.6,0.5,0.747421013998307,0.42582084226858324,0.02365403935523585,0,0.3197222222222222,0,0,0
60,67766.0,475707.0,532.0794686782526,45,1,2,5,8003.0,39,132049.34135112492,14039.577479122247,1,5,0.5,1.0,0.16238396510433567,0.207177308371783,0.060606133420383186,1,0.2825,1,1,0
62,50347.0,134032.0,706.3986408889155,45,3,1,2,23396.0,111,88873.16738865509,7179.1373590629055,1,0,1.0,0.0,0.1471010642617817,0.14259315071529396,0.2632515604815337,1,0.48750000000000004,0,0,1
39,71914.0,1196099.0,629.1011580099247,15,5,5,0,15369.0,131,318201.3469092439,57010.249674408726,4,0,0.8,0.0,0.3687290222919551,0.7927559261674879,0.04829960699186947,0,0.5258333333333334,1,0,0
61,115618.0,624899.0,515.0825184970174,5,1,3,2,13123.0,112,110138.6882320804,27477.561699302267,3,0,1.0,0.0,0.0793840407145949,0.23765816481259205,0.11914977571139827,0,0.34305555555555556,0,1,1
58,120563.0,433266.0,654.7628931799532,60,3,5,5,155.0,117,113579.87351252358,18434.82149503448,3,0,0.6,0.0,0.07850658543149196,0.1529061278753389,0.0013646783994957464,2,0.5766666666666667,1,0,0
60,107737.0,1274230.0,809.3634153637387,120,0,2,1,19010.0,130,797657.6448243598,21132.096285815544,2,0,1.0,0.0,0.6169790360046222,0.19614520810692282,0.023832279579274772,4,0.5333333333333333,1,0,0
60,48722.0,78347.0,634.076556671972,5,0,3,0,13273.0,42,54437.69187334017,1437.465613451294,3,0,1.0,0.0,0.0931093617416844,0.029503419675942985,0.24382003614117595,0,0.20305555555555554,1,1,1
49,50795.0,729809.0,735.3535854595227,60,4,0,3,1189.0,18,387001.29041957186,23561.474529993557,0,0,0.0,0.0,0.6349071273740392,0.46385420868183,0.00307234117672045,2,0.54,0,0,0
26,166942.0,283056.0,763.9070537944357,120,3,0,7,5871.0,178,244489.40410506594,14602.294413057063,0,3,0.0,0.42857142857142855,0.12204308687301875,0.08746926724884728,0.024013310603338126,4,0.7404761904761905,1,0,0
66,58716.0,234111.0,679.1112238166335,60,5,0,7,21793.0,57,169292.60637207347,4392.186268108804,0,5,0.0,0.7142857142857143,0.24027040666381888,0.07480390810185987,0.12872978015414957,2,0.5885714285714286,0,0,0
50,34702.0,81396.0,688.4318932887904,60,6,1,4,22470.0,170,22075.707701699066,2588.8469021886685,1,4,1.0,1.0,0.0530125730065968,0.07460223912710127,1.017860913164319,2,0.5166666666666666,1,0,1
65,91546.0,321216.0,559.8591465421222,5,1,2,7,14813.0,48,98277.06477763059,15018.966911227113,2,4,1.0,0.5714285714285714,0.0894605487747786,0.1640592370090131,0.1507269273203983,0,0.1925793650793651,1,1,1
67,19114.0,1423240.0,629.8685295779147,180,2,0,2,22732.0,47,849761.7637288725,39554.27619994615,0,0,0.0,0.0,3.7047965005095413,2.06938768441698,0.026751027135239445,6,0.7711111111111111,1,0,0
30,73509.0,696005.0,743.4905337030997,180,5,1,8,22151.0,4,278384.91494712513,36314.26658081312,0,0,0.0,0.0,0.3155905115327433,0.49401116299790665,0.07956968503198975,6,0.7755555555555554,0,0,0
40,156501.0,1499966.0,684.2475367925947,90,0,5,0,18472.0,79,225999.59453158092,78580.20874618951,5,0,1.0,0.0,0.12033980322361142,0.5021067516896985,0.08173465991514751,3,0.4505555555555556,1,0,1
30,61317.0,437585.0,705.7139009010577,180,5,5,1,6253.0,170,73610.86388369021,7561.013458387256,5,0,1.0,0.0,0.10004140217189661,0.12331023139402214,0.08494670039303075,6,0.8166666666666665,0,0,0
23,132010.0,1155233.0,689.3210305778135,60,6,2,11,12650.0,161,526872.0103929363,45812.0601969242,1,7,0.5,0.6363636363636364,0.3325960220140749,0.34703477158491175,0.02400962615297356,2,0.6280303030303029,0,0,0
68,97349.0,179922.0,833.4402761007502,60,0,6,5,24491.0,54,97645.740008769,3746.494964249288,6,4,1.0,0.8,0.0835873506736664,0.03848519208465714,0.2508148332717905,2,0.25666666666666665,0,1,1
66,75568.0,206785.0,649.863611816798,120,0,0,6,9307.0,73,132340.13763195672,6749.551107688771,0,2,0.0,0.3333333333333333,0.14593935002465408,0.08931758294104344,0.07032635877924763,4,0.6122222222222222,0,0,0
66,125175.0,73773.0,792.3787030090417,0,4,0,4,19802.0,120,53290.28546730683,3755.9440608654168,0,0,0.0,0.0,0.03547718891372534,0.030005544724309302,0.371587425857352,0,0.5833333333333334,1,0,1
64,114470.0,1353470.0,689.3452255544713,5,3,2,7,24823.0,171,1186410.054002048,24274.054431954934,2,1,1.0,0.14285714285714285,0.8636979514298128,0.21205603592168196,0.02092278290820785,0,0.395436507936508,0,1,1
52,69553.0,1023850.0,798.5939282206558,5,6,1,8,15997.0,108,797731.6885937869,53746.41534725942,0,5,0.0,0.625,0.9557839448499549,0.7727404331554271,0.0200531083680516,0,0.5972222222222222,0,1,0
46,54214.0,1128475.0,594.2515337519295,60,3,0,9,15212.0,36,470523.6063617992,61816.06494981108,0,9,0.0,1.0,0.7232504616916282,1.140223280883371,0.03232994008020727,2,0.44666666666666666,0,0,1
69,166524.0,1394637.0,692.9256545341602,15,4,5,2,5628.0,64,768473.4068917839,58309.53018323358,5,0,1.0,0.0,0.384565891849315,0.3501569154190002,0.007323610614924678,0,0.4047222222222222,0,0,1
48,45279.0,531754.0,652.4419251253571,30,1,6,7,14894.0,130,165875.3481157169,15554.26514834541,4,0,0.6666666666666666,0.0,0.3052838109567292,0.3435205094711767,0.08979031645865632,1,0.44166666666666665,0,1,1
52,173438.0,1097677.0,689.7630635095028,45,2,1,9,1254.0,4,962185.0731448281,27486.387982613276,0,0,0.0,0.0,0.4623098134707254,0.15847961797652924,0.0013032835729839345,1,0.4130555555555555,1,0,0
31,94326.0,778302.0,765.566338386629,90,1,2,4,3402.0,107,429297.5288384303,25142.507184922084,0,2,0.0,0.5,0.37926758337965344,0.26654906584528215,0.007924573917778994,3,0.6083333333333334,1,1,0
57,179472.0,836857.0,706.5166723750561,45,1,5,4,16258.0,138,282232.2730006383,18572.421508117288,3,1,0.6,0.25,0.13104749533847354,0.1034836715928796,0.05760503512638057,1,0.4558333333333333,1,1,0
61,75216.0,1009551.0,765.4267883018856,0,0,6,7,6551.0,62,699651.9783540687,15953.187281307999,3,6,0.5,0.8571428571428571,0.7751586302050857,0.21209832058748138,0.009363226579321947,0,0.22706349206349208,1,1,1
54,109612.0,731418.0,633.0845234708238,90,6,2,6,10422.0,97,377351.5237322805,12806.796417524192,2,5,1.0,0.8333333333333334,0.2868842855802592,0.11683753984531066,0.027618809901491466,3,0.5916666666666666,0,0,1
45,117667.0,84873.0,622.4015879733399,30,0,4,3,10814.0,129,76177.23520400625,3525.8471335379113,2,2,0.5,0.6666666666666666,0.053949730456858656,0.02996462163170567,0.14195842066254563,1,0.3666666666666667,1,1,0
